old_job_id,new_job_id,exp_id,latest_step_before_resume,latest_checkpoint_before_resume,pbs_path,train_run_dir,pbs_output_log,submitted_at,status,error
7178535.polaris-pbs-01.hsn.cm.polaris.alcf.anl.gov,DRYRUN-M1_S16_ddp_fullk_K1600_b512_s20k_seed1_to300k,M1_S16_ddp_fullk_K1600_b512_s20k_seed1_to300k,24838,/eagle/lc-mpi/Zhiqing/polaris_ebm/runs_long_k_multinode_sweep/runs/M1_300k/S16/M1_S16_ddp_fullk_K1600_b512_s20k_seed1_to300k/checkpoints/ckpt_step19999.pt,/eagle/lc-mpi/Zhiqing/polaris_ebm/runs_long_k_multinode_sweep/pbs/M1_S16_ddp_fullk_K1600_b512_s20k_seed1_to300k.pbs,/eagle/lc-mpi/Zhiqing/polaris_ebm/runs_long_k_multinode_sweep/runs/M1_300k/S16/M1_S16_ddp_fullk_K1600_b512_s20k_seed1_to300k,/eagle/lc-mpi/Zhiqing/polaris_ebm/runs_long_k_multinode_sweep/logs/M1_S16_ddp_fullk_K1600_b512_s20k_seed1_to300k.pbs.out,2026-06-05T02:48:56Z,dry_run,
7178536.polaris-pbs-01.hsn.cm.polaris.alcf.anl.gov,DRYRUN-M1_S16_ddp_fullk_K400_b512_s20k_seed1_to300k,M1_S16_ddp_fullk_K400_b512_s20k_seed1_to300k,96124,/eagle/lc-mpi/Zhiqing/polaris_ebm/runs_long_k_multinode_sweep/runs/M1_300k/S16/M1_S16_ddp_fullk_K400_b512_s20k_seed1_to300k/checkpoints/ckpt_step94999.pt,/eagle/lc-mpi/Zhiqing/polaris_ebm/runs_long_k_multinode_sweep/pbs/M1_S16_ddp_fullk_K400_b512_s20k_seed1_to300k.pbs,/eagle/lc-mpi/Zhiqing/polaris_ebm/runs_long_k_multinode_sweep/runs/M1_300k/S16/M1_S16_ddp_fullk_K400_b512_s20k_seed1_to300k,/eagle/lc-mpi/Zhiqing/polaris_ebm/runs_long_k_multinode_sweep/logs/M1_S16_ddp_fullk_K400_b512_s20k_seed1_to300k.pbs.out,2026-06-05T02:48:56Z,dry_run,
7178537.polaris-pbs-01.hsn.cm.polaris.alcf.anl.gov,DRYRUN-M1_S16_ddp_fullk_K800_b512_s20k_seed1_to300k,M1_S16_ddp_fullk_K800_b512_s20k_seed1_to300k,49123,/eagle/lc-mpi/Zhiqing/polaris_ebm/runs_long_k_multinode_sweep/runs/M1_300k/S16/M1_S16_ddp_fullk_K800_b512_s20k_seed1_to300k/checkpoints/ckpt_step44999.pt,/eagle/lc-mpi/Zhiqing/polaris_ebm/runs_long_k_multinode_sweep/pbs/M1_S16_ddp_fullk_K800_b512_s20k_seed1_to300k.pbs,/eagle/lc-mpi/Zhiqing/polaris_ebm/runs_long_k_multinode_sweep/runs/M1_300k/S16/M1_S16_ddp_fullk_K800_b512_s20k_seed1_to300k,/eagle/lc-mpi/Zhiqing/polaris_ebm/runs_long_k_multinode_sweep/logs/M1_S16_ddp_fullk_K800_b512_s20k_seed1_to300k.pbs.out,2026-06-05T02:48:56Z,dry_run,
7177188.polaris-pbs-01.hsn.cm.polaris.alcf.anl.gov,DRYRUN-M1_S16_pipe_P16_equal_K1600_b512_s20k_seed1_to300k,M1_S16_pipe_P16_equal_K1600_b512_s20k_seed1_to300k,25,,/eagle/lc-mpi/Zhiqing/polaris_ebm/runs_long_k_multinode_sweep/pbs/M1_S16_pipe_P16_equal_K1600_b512_s20k_seed1_to300k.pbs,/eagle/lc-mpi/Zhiqing/polaris_ebm/runs_long_k_multinode_sweep/runs/M1_300k/S16/M1_S16_pipe_P16_equal_K1600_b512_s20k_seed1_to300k,/eagle/lc-mpi/Zhiqing/polaris_ebm/runs_long_k_multinode_sweep/logs/M1_S16_pipe_P16_equal_K1600_b512_s20k_seed1_to300k.pbs.out,2026-06-05T02:48:56Z,dry_run,
7177016.polaris-pbs-01.hsn.cm.polaris.alcf.anl.gov,DRYRUN-M1_S16_pipe_P16_equal_K800_b512_s20k_seed1_to300k,M1_S16_pipe_P16_equal_K800_b512_s20k_seed1_to300k,262728,/eagle/lc-mpi/Zhiqing/polaris_ebm/runs_long_k_multinode_sweep/runs/M1_300k/S16/M1_S16_pipe_P16_equal_K800_b512_s20k_seed1_to300k/checkpoints/ckpt_step259999.pt,/eagle/lc-mpi/Zhiqing/polaris_ebm/runs_long_k_multinode_sweep/pbs/M1_S16_pipe_P16_equal_K800_b512_s20k_seed1_to300k.pbs,/eagle/lc-mpi/Zhiqing/polaris_ebm/runs_long_k_multinode_sweep/runs/M1_300k/S16/M1_S16_pipe_P16_equal_K800_b512_s20k_seed1_to300k,/eagle/lc-mpi/Zhiqing/polaris_ebm/runs_long_k_multinode_sweep/logs/M1_S16_pipe_P16_equal_K800_b512_s20k_seed1_to300k.pbs.out,2026-06-05T02:48:56Z,dry_run,
7178538.polaris-pbs-01.hsn.cm.polaris.alcf.anl.gov,DRYRUN-M1_S16_single_fullk_K1600_b512_s20k_seed1_to300k,M1_S16_single_fullk_K1600_b512_s20k_seed1_to300k,30132,/eagle/lc-mpi/Zhiqing/polaris_ebm/runs_long_k_multinode_sweep/runs/M1_300k/S16/M1_S16_single_fullk_K1600_b512_s20k_seed1_to300k/checkpoints/ckpt_step29999.pt,/eagle/lc-mpi/Zhiqing/polaris_ebm/runs_long_k_multinode_sweep/pbs/M1_S16_single_fullk_K1600_b512_s20k_seed1_to300k.pbs,/eagle/lc-mpi/Zhiqing/polaris_ebm/runs_long_k_multinode_sweep/runs/M1_300k/S16/M1_S16_single_fullk_K1600_b512_s20k_seed1_to300k,/eagle/lc-mpi/Zhiqing/polaris_ebm/runs_long_k_multinode_sweep/logs/M1_S16_single_fullk_K1600_b512_s20k_seed1_to300k.pbs.out,2026-06-05T02:48:56Z,dry_run,
7178539.polaris-pbs-01.hsn.cm.polaris.alcf.anl.gov,DRYRUN-M1_S16_single_fullk_K400_b512_s20k_seed1_to300k,M1_S16_single_fullk_K400_b512_s20k_seed1_to300k,143296,/eagle/lc-mpi/Zhiqing/polaris_ebm/runs_long_k_multinode_sweep/runs/M1_300k/S16/M1_S16_single_fullk_K400_b512_s20k_seed1_to300k/checkpoints/ckpt_step139999.pt,/eagle/lc-mpi/Zhiqing/polaris_ebm/runs_long_k_multinode_sweep/pbs/M1_S16_single_fullk_K400_b512_s20k_seed1_to300k.pbs,/eagle/lc-mpi/Zhiqing/polaris_ebm/runs_long_k_multinode_sweep/runs/M1_300k/S16/M1_S16_single_fullk_K400_b512_s20k_seed1_to300k,/eagle/lc-mpi/Zhiqing/polaris_ebm/runs_long_k_multinode_sweep/logs/M1_S16_single_fullk_K400_b512_s20k_seed1_to300k.pbs.out,2026-06-05T02:48:56Z,dry_run,
7178540.polaris-pbs-01.hsn.cm.polaris.alcf.anl.gov,DRYRUN-M1_S16_single_fullk_K800_b512_s20k_seed1_to300k,M1_S16_single_fullk_K800_b512_s20k_seed1_to300k,54459,/eagle/lc-mpi/Zhiqing/polaris_ebm/runs_long_k_multinode_sweep/runs/M1_300k/S16/M1_S16_single_fullk_K800_b512_s20k_seed1_to300k/checkpoints/ckpt_step49999.pt,/eagle/lc-mpi/Zhiqing/polaris_ebm/runs_long_k_multinode_sweep/pbs/M1_S16_single_fullk_K800_b512_s20k_seed1_to300k.pbs,/eagle/lc-mpi/Zhiqing/polaris_ebm/runs_long_k_multinode_sweep/runs/M1_300k/S16/M1_S16_single_fullk_K800_b512_s20k_seed1_to300k,/eagle/lc-mpi/Zhiqing/polaris_ebm/runs_long_k_multinode_sweep/logs/M1_S16_single_fullk_K800_b512_s20k_seed1_to300k.pbs.out,2026-06-05T02:48:56Z,dry_run,
7177020.polaris-pbs-01.hsn.cm.polaris.alcf.anl.gov,DRYRUN-M1_S32_ddp_fullk_K1600_b1024_s20k_seed1_to300k,M1_S32_ddp_fullk_K1600_b1024_s20k_seed1_to300k,2861,,/eagle/lc-mpi/Zhiqing/polaris_ebm/runs_long_k_multinode_sweep/pbs/M1_S32_ddp_fullk_K1600_b1024_s20k_seed1_to300k.pbs,/eagle/lc-mpi/Zhiqing/polaris_ebm/runs_long_k_multinode_sweep/runs/M1_300k/S32/M1_S32_ddp_fullk_K1600_b1024_s20k_seed1_to300k,/eagle/lc-mpi/Zhiqing/polaris_ebm/runs_long_k_multinode_sweep/logs/M1_S32_ddp_fullk_K1600_b1024_s20k_seed1_to300k.pbs.out,2026-06-05T02:48:56Z,dry_run,
7177021.polaris-pbs-01.hsn.cm.polaris.alcf.anl.gov,DRYRUN-M1_S32_ddp_fullk_K400_b1024_s20k_seed1_to300k,M1_S32_ddp_fullk_K400_b1024_s20k_seed1_to300k,20786,/eagle/lc-mpi/Zhiqing/polaris_ebm/runs_long_k_multinode_sweep/runs/M1_300k/S32/M1_S32_ddp_fullk_K400_b1024_s20k_seed1_to300k/checkpoints/ckpt_step19999.pt,/eagle/lc-mpi/Zhiqing/polaris_ebm/runs_long_k_multinode_sweep/pbs/M1_S32_ddp_fullk_K400_b1024_s20k_seed1_to300k.pbs,/eagle/lc-mpi/Zhiqing/polaris_ebm/runs_long_k_multinode_sweep/runs/M1_300k/S32/M1_S32_ddp_fullk_K400_b1024_s20k_seed1_to300k,/eagle/lc-mpi/Zhiqing/polaris_ebm/runs_long_k_multinode_sweep/logs/M1_S32_ddp_fullk_K400_b1024_s20k_seed1_to300k.pbs.out,2026-06-05T02:48:56Z,dry_run,
7177022.polaris-pbs-01.hsn.cm.polaris.alcf.anl.gov,DRYRUN-M1_S32_ddp_fullk_K800_b1024_s20k_seed1_to300k,M1_S32_ddp_fullk_K800_b1024_s20k_seed1_to300k,5416,/eagle/lc-mpi/Zhiqing/polaris_ebm/runs_long_k_multinode_sweep/runs/M1_300k/S32/M1_S32_ddp_fullk_K800_b1024_s20k_seed1_to300k/checkpoints/ckpt_step4999.pt,/eagle/lc-mpi/Zhiqing/polaris_ebm/runs_long_k_multinode_sweep/pbs/M1_S32_ddp_fullk_K800_b1024_s20k_seed1_to300k.pbs,/eagle/lc-mpi/Zhiqing/polaris_ebm/runs_long_k_multinode_sweep/runs/M1_300k/S32/M1_S32_ddp_fullk_K800_b1024_s20k_seed1_to300k,/eagle/lc-mpi/Zhiqing/polaris_ebm/runs_long_k_multinode_sweep/logs/M1_S32_ddp_fullk_K800_b1024_s20k_seed1_to300k.pbs.out,2026-06-05T02:48:56Z,dry_run,
7177023.polaris-pbs-01.hsn.cm.polaris.alcf.anl.gov,DRYRUN-M1_S32_pipe_P32_equal_K1600_b1024_s20k_seed1_to300k,M1_S32_pipe_P32_equal_K1600_b1024_s20k_seed1_to300k,231953,/eagle/lc-mpi/Zhiqing/polaris_ebm/runs_long_k_multinode_sweep/runs/M1_300k/S32/M1_S32_pipe_P32_equal_K1600_b1024_s20k_seed1_to300k/checkpoints/ckpt_step229999.pt,/eagle/lc-mpi/Zhiqing/polaris_ebm/runs_long_k_multinode_sweep/pbs/M1_S32_pipe_P32_equal_K1600_b1024_s20k_seed1_to300k.pbs,/eagle/lc-mpi/Zhiqing/polaris_ebm/runs_long_k_multinode_sweep/runs/M1_300k/S32/M1_S32_pipe_P32_equal_K1600_b1024_s20k_seed1_to300k,/eagle/lc-mpi/Zhiqing/polaris_ebm/runs_long_k_multinode_sweep/logs/M1_S32_pipe_P32_equal_K1600_b1024_s20k_seed1_to300k.pbs.out,2026-06-05T02:48:56Z,dry_run,
7177024.polaris-pbs-01.hsn.cm.polaris.alcf.anl.gov,DRYRUN-M1_S32_pipe_P32_equal_K400_b1024_s20k_seed1_to300k,M1_S32_pipe_P32_equal_K400_b1024_s20k_seed1_to300k,100217,/eagle/lc-mpi/Zhiqing/polaris_ebm/runs_long_k_multinode_sweep/runs/M1_300k/S32/M1_S32_pipe_P32_equal_K400_b1024_s20k_seed1_to300k/checkpoints/ckpt_step99999.pt,/eagle/lc-mpi/Zhiqing/polaris_ebm/runs_long_k_multinode_sweep/pbs/M1_S32_pipe_P32_equal_K400_b1024_s20k_seed1_to300k.pbs,/eagle/lc-mpi/Zhiqing/polaris_ebm/runs_long_k_multinode_sweep/runs/M1_300k/S32/M1_S32_pipe_P32_equal_K400_b1024_s20k_seed1_to300k,/eagle/lc-mpi/Zhiqing/polaris_ebm/runs_long_k_multinode_sweep/logs/M1_S32_pipe_P32_equal_K400_b1024_s20k_seed1_to300k.pbs.out,2026-06-05T02:48:56Z,dry_run,
7177025.polaris-pbs-01.hsn.cm.polaris.alcf.anl.gov,DRYRUN-M1_S32_pipe_P32_equal_K800_b1024_s20k_seed1_to300k,M1_S32_pipe_P32_equal_K800_b1024_s20k_seed1_to300k,271674,/eagle/lc-mpi/Zhiqing/polaris_ebm/runs_long_k_multinode_sweep/runs/M1_300k/S32/M1_S32_pipe_P32_equal_K800_b1024_s20k_seed1_to300k/checkpoints/ckpt_step269999.pt,/eagle/lc-mpi/Zhiqing/polaris_ebm/runs_long_k_multinode_sweep/pbs/M1_S32_pipe_P32_equal_K800_b1024_s20k_seed1_to300k.pbs,/eagle/lc-mpi/Zhiqing/polaris_ebm/runs_long_k_multinode_sweep/runs/M1_300k/S32/M1_S32_pipe_P32_equal_K800_b1024_s20k_seed1_to300k,/eagle/lc-mpi/Zhiqing/polaris_ebm/runs_long_k_multinode_sweep/logs/M1_S32_pipe_P32_equal_K800_b1024_s20k_seed1_to300k.pbs.out,2026-06-05T02:48:56Z,dry_run,
7178541.polaris-pbs-01.hsn.cm.polaris.alcf.anl.gov,DRYRUN-M1_S32_single_fullk_K1600_b1024_s20k_seed1_to300k,M1_S32_single_fullk_K1600_b1024_s20k_seed1_to300k,10067,/eagle/lc-mpi/Zhiqing/polaris_ebm/runs_long_k_multinode_sweep/runs/M1_300k/S32/M1_S32_single_fullk_K1600_b1024_s20k_seed1_to300k/checkpoints/ckpt_step9999.pt,/eagle/lc-mpi/Zhiqing/polaris_ebm/runs_long_k_multinode_sweep/pbs/M1_S32_single_fullk_K1600_b1024_s20k_seed1_to300k.pbs,/eagle/lc-mpi/Zhiqing/polaris_ebm/runs_long_k_multinode_sweep/runs/M1_300k/S32/M1_S32_single_fullk_K1600_b1024_s20k_seed1_to300k,/eagle/lc-mpi/Zhiqing/polaris_ebm/runs_long_k_multinode_sweep/logs/M1_S32_single_fullk_K1600_b1024_s20k_seed1_to300k.pbs.out,2026-06-05T02:48:56Z,dry_run,
7178542.polaris-pbs-01.hsn.cm.polaris.alcf.anl.gov,DRYRUN-M1_S32_single_fullk_K400_b1024_s20k_seed1_to300k,M1_S32_single_fullk_K400_b1024_s20k_seed1_to300k,50003,/eagle/lc-mpi/Zhiqing/polaris_ebm/runs_long_k_multinode_sweep/runs/M1_300k/S32/M1_S32_single_fullk_K400_b1024_s20k_seed1_to300k/checkpoints/ckpt_step49999.pt,/eagle/lc-mpi/Zhiqing/polaris_ebm/runs_long_k_multinode_sweep/pbs/M1_S32_single_fullk_K400_b1024_s20k_seed1_to300k.pbs,/eagle/lc-mpi/Zhiqing/polaris_ebm/runs_long_k_multinode_sweep/runs/M1_300k/S32/M1_S32_single_fullk_K400_b1024_s20k_seed1_to300k,/eagle/lc-mpi/Zhiqing/polaris_ebm/runs_long_k_multinode_sweep/logs/M1_S32_single_fullk_K400_b1024_s20k_seed1_to300k.pbs.out,2026-06-05T02:48:56Z,dry_run,
7178543.polaris-pbs-01.hsn.cm.polaris.alcf.anl.gov,DRYRUN-M1_S32_single_fullk_K800_b1024_s20k_seed1_to300k,M1_S32_single_fullk_K800_b1024_s20k_seed1_to300k,33574,/eagle/lc-mpi/Zhiqing/polaris_ebm/runs_long_k_multinode_sweep/runs/M1_300k/S32/M1_S32_single_fullk_K800_b1024_s20k_seed1_to300k/checkpoints/ckpt_step29999.pt,/eagle/lc-mpi/Zhiqing/polaris_ebm/runs_long_k_multinode_sweep/pbs/M1_S32_single_fullk_K800_b1024_s20k_seed1_to300k.pbs,/eagle/lc-mpi/Zhiqing/polaris_ebm/runs_long_k_multinode_sweep/runs/M1_300k/S32/M1_S32_single_fullk_K800_b1024_s20k_seed1_to300k,/eagle/lc-mpi/Zhiqing/polaris_ebm/runs_long_k_multinode_sweep/logs/M1_S32_single_fullk_K800_b1024_s20k_seed1_to300k.pbs.out,2026-06-05T02:48:56Z,dry_run,
