phase,scale_group,exp_id,train_job_id,config_path,pbs_path,train_run_dir,pbs_output_log,submitted_at,status,error
M0,S16,S16_single_fullk_K400_b512_s20k_seed1,7173318.polaris-pbs-01.hsn.cm.polaris.alcf.anl.gov,/eagle/lc-mpi/Zhiqing/polaris_ebm/runs_long_k_multinode_sweep/configs/S16_single_fullk_K400_b512_s20k_seed1.yaml,/eagle/lc-mpi/Zhiqing/polaris_ebm/runs_long_k_multinode_sweep/pbs/S16_single_fullk_K400_b512_s20k_seed1.pbs,/eagle/lc-mpi/Zhiqing/polaris_ebm/runs_long_k_multinode_sweep/runs/M0/S16/S16_single_fullk_K400_b512_s20k_seed1,/eagle/lc-mpi/Zhiqing/polaris_ebm/runs_long_k_multinode_sweep/logs/S16_single_fullk_K400_b512_s20k_seed1.pbs.out,2026-05-27T18:25:31Z,submitted,
M0,S16,S16_ddp_fullk_K400_b512_s20k_seed1,7173319.polaris-pbs-01.hsn.cm.polaris.alcf.anl.gov,/eagle/lc-mpi/Zhiqing/polaris_ebm/runs_long_k_multinode_sweep/configs/S16_ddp_fullk_K400_b512_s20k_seed1.yaml,/eagle/lc-mpi/Zhiqing/polaris_ebm/runs_long_k_multinode_sweep/pbs/S16_ddp_fullk_K400_b512_s20k_seed1.pbs,/eagle/lc-mpi/Zhiqing/polaris_ebm/runs_long_k_multinode_sweep/runs/M0/S16/S16_ddp_fullk_K400_b512_s20k_seed1,/eagle/lc-mpi/Zhiqing/polaris_ebm/runs_long_k_multinode_sweep/logs/S16_ddp_fullk_K400_b512_s20k_seed1.pbs.out,2026-05-27T18:25:31Z,submitted,
M0,S16,S16_pipe_P16_equal_K400_b512_s20k_seed1,7173320.polaris-pbs-01.hsn.cm.polaris.alcf.anl.gov,/eagle/lc-mpi/Zhiqing/polaris_ebm/runs_long_k_multinode_sweep/configs/S16_pipe_P16_equal_K400_b512_s20k_seed1.yaml,/eagle/lc-mpi/Zhiqing/polaris_ebm/runs_long_k_multinode_sweep/pbs/S16_pipe_P16_equal_K400_b512_s20k_seed1.pbs,/eagle/lc-mpi/Zhiqing/polaris_ebm/runs_long_k_multinode_sweep/runs/M0/S16/S16_pipe_P16_equal_K400_b512_s20k_seed1,/eagle/lc-mpi/Zhiqing/polaris_ebm/runs_long_k_multinode_sweep/logs/S16_pipe_P16_equal_K400_b512_s20k_seed1.pbs.out,2026-05-27T18:25:31Z,submitted,
M0,S16,S16_single_fullk_K800_b512_s20k_seed1,7173321.polaris-pbs-01.hsn.cm.polaris.alcf.anl.gov,/eagle/lc-mpi/Zhiqing/polaris_ebm/runs_long_k_multinode_sweep/configs/S16_single_fullk_K800_b512_s20k_seed1.yaml,/eagle/lc-mpi/Zhiqing/polaris_ebm/runs_long_k_multinode_sweep/pbs/S16_single_fullk_K800_b512_s20k_seed1.pbs,/eagle/lc-mpi/Zhiqing/polaris_ebm/runs_long_k_multinode_sweep/runs/M0/S16/S16_single_fullk_K800_b512_s20k_seed1,/eagle/lc-mpi/Zhiqing/polaris_ebm/runs_long_k_multinode_sweep/logs/S16_single_fullk_K800_b512_s20k_seed1.pbs.out,2026-05-27T18:25:31Z,submitted,
M0,S16,S16_ddp_fullk_K800_b512_s20k_seed1,7173322.polaris-pbs-01.hsn.cm.polaris.alcf.anl.gov,/eagle/lc-mpi/Zhiqing/polaris_ebm/runs_long_k_multinode_sweep/configs/S16_ddp_fullk_K800_b512_s20k_seed1.yaml,/eagle/lc-mpi/Zhiqing/polaris_ebm/runs_long_k_multinode_sweep/pbs/S16_ddp_fullk_K800_b512_s20k_seed1.pbs,/eagle/lc-mpi/Zhiqing/polaris_ebm/runs_long_k_multinode_sweep/runs/M0/S16/S16_ddp_fullk_K800_b512_s20k_seed1,/eagle/lc-mpi/Zhiqing/polaris_ebm/runs_long_k_multinode_sweep/logs/S16_ddp_fullk_K800_b512_s20k_seed1.pbs.out,2026-05-27T18:25:31Z,submitted,
M0,S16,S16_pipe_P16_equal_K800_b512_s20k_seed1,7173323.polaris-pbs-01.hsn.cm.polaris.alcf.anl.gov,/eagle/lc-mpi/Zhiqing/polaris_ebm/runs_long_k_multinode_sweep/configs/S16_pipe_P16_equal_K800_b512_s20k_seed1.yaml,/eagle/lc-mpi/Zhiqing/polaris_ebm/runs_long_k_multinode_sweep/pbs/S16_pipe_P16_equal_K800_b512_s20k_seed1.pbs,/eagle/lc-mpi/Zhiqing/polaris_ebm/runs_long_k_multinode_sweep/runs/M0/S16/S16_pipe_P16_equal_K800_b512_s20k_seed1,/eagle/lc-mpi/Zhiqing/polaris_ebm/runs_long_k_multinode_sweep/logs/S16_pipe_P16_equal_K800_b512_s20k_seed1.pbs.out,2026-05-27T18:25:31Z,submitted,
M0,S16,S16_single_fullk_K1600_b512_s20k_seed1,7173324.polaris-pbs-01.hsn.cm.polaris.alcf.anl.gov,/eagle/lc-mpi/Zhiqing/polaris_ebm/runs_long_k_multinode_sweep/configs/S16_single_fullk_K1600_b512_s20k_seed1.yaml,/eagle/lc-mpi/Zhiqing/polaris_ebm/runs_long_k_multinode_sweep/pbs/S16_single_fullk_K1600_b512_s20k_seed1.pbs,/eagle/lc-mpi/Zhiqing/polaris_ebm/runs_long_k_multinode_sweep/runs/M0/S16/S16_single_fullk_K1600_b512_s20k_seed1,/eagle/lc-mpi/Zhiqing/polaris_ebm/runs_long_k_multinode_sweep/logs/S16_single_fullk_K1600_b512_s20k_seed1.pbs.out,2026-05-27T18:25:31Z,submitted,
M0,S16,S16_ddp_fullk_K1600_b512_s20k_seed1,7173325.polaris-pbs-01.hsn.cm.polaris.alcf.anl.gov,/eagle/lc-mpi/Zhiqing/polaris_ebm/runs_long_k_multinode_sweep/configs/S16_ddp_fullk_K1600_b512_s20k_seed1.yaml,/eagle/lc-mpi/Zhiqing/polaris_ebm/runs_long_k_multinode_sweep/pbs/S16_ddp_fullk_K1600_b512_s20k_seed1.pbs,/eagle/lc-mpi/Zhiqing/polaris_ebm/runs_long_k_multinode_sweep/runs/M0/S16/S16_ddp_fullk_K1600_b512_s20k_seed1,/eagle/lc-mpi/Zhiqing/polaris_ebm/runs_long_k_multinode_sweep/logs/S16_ddp_fullk_K1600_b512_s20k_seed1.pbs.out,2026-05-27T18:25:31Z,submitted,
M0,S16,S16_pipe_P16_equal_K1600_b512_s20k_seed1,7173326.polaris-pbs-01.hsn.cm.polaris.alcf.anl.gov,/eagle/lc-mpi/Zhiqing/polaris_ebm/runs_long_k_multinode_sweep/configs/S16_pipe_P16_equal_K1600_b512_s20k_seed1.yaml,/eagle/lc-mpi/Zhiqing/polaris_ebm/runs_long_k_multinode_sweep/pbs/S16_pipe_P16_equal_K1600_b512_s20k_seed1.pbs,/eagle/lc-mpi/Zhiqing/polaris_ebm/runs_long_k_multinode_sweep/runs/M0/S16/S16_pipe_P16_equal_K1600_b512_s20k_seed1,/eagle/lc-mpi/Zhiqing/polaris_ebm/runs_long_k_multinode_sweep/logs/S16_pipe_P16_equal_K1600_b512_s20k_seed1.pbs.out,2026-05-27T18:25:31Z,submitted,
M0,S32,S32_single_fullk_K400_b1024_s20k_seed1,7173327.polaris-pbs-01.hsn.cm.polaris.alcf.anl.gov,/eagle/lc-mpi/Zhiqing/polaris_ebm/runs_long_k_multinode_sweep/configs/S32_single_fullk_K400_b1024_s20k_seed1.yaml,/eagle/lc-mpi/Zhiqing/polaris_ebm/runs_long_k_multinode_sweep/pbs/S32_single_fullk_K400_b1024_s20k_seed1.pbs,/eagle/lc-mpi/Zhiqing/polaris_ebm/runs_long_k_multinode_sweep/runs/M0/S32/S32_single_fullk_K400_b1024_s20k_seed1,/eagle/lc-mpi/Zhiqing/polaris_ebm/runs_long_k_multinode_sweep/logs/S32_single_fullk_K400_b1024_s20k_seed1.pbs.out,2026-05-27T18:25:31Z,submitted,
M0,S32,S32_ddp_fullk_K400_b1024_s20k_seed1,7173328.polaris-pbs-01.hsn.cm.polaris.alcf.anl.gov,/eagle/lc-mpi/Zhiqing/polaris_ebm/runs_long_k_multinode_sweep/configs/S32_ddp_fullk_K400_b1024_s20k_seed1.yaml,/eagle/lc-mpi/Zhiqing/polaris_ebm/runs_long_k_multinode_sweep/pbs/S32_ddp_fullk_K400_b1024_s20k_seed1.pbs,/eagle/lc-mpi/Zhiqing/polaris_ebm/runs_long_k_multinode_sweep/runs/M0/S32/S32_ddp_fullk_K400_b1024_s20k_seed1,/eagle/lc-mpi/Zhiqing/polaris_ebm/runs_long_k_multinode_sweep/logs/S32_ddp_fullk_K400_b1024_s20k_seed1.pbs.out,2026-05-27T18:25:31Z,submitted,
M0,S32,S32_pipe_P32_equal_K400_b1024_s20k_seed1,7173329.polaris-pbs-01.hsn.cm.polaris.alcf.anl.gov,/eagle/lc-mpi/Zhiqing/polaris_ebm/runs_long_k_multinode_sweep/configs/S32_pipe_P32_equal_K400_b1024_s20k_seed1.yaml,/eagle/lc-mpi/Zhiqing/polaris_ebm/runs_long_k_multinode_sweep/pbs/S32_pipe_P32_equal_K400_b1024_s20k_seed1.pbs,/eagle/lc-mpi/Zhiqing/polaris_ebm/runs_long_k_multinode_sweep/runs/M0/S32/S32_pipe_P32_equal_K400_b1024_s20k_seed1,/eagle/lc-mpi/Zhiqing/polaris_ebm/runs_long_k_multinode_sweep/logs/S32_pipe_P32_equal_K400_b1024_s20k_seed1.pbs.out,2026-05-27T18:25:31Z,submitted,
M0,S32,S32_single_fullk_K800_b1024_s20k_seed1,7173330.polaris-pbs-01.hsn.cm.polaris.alcf.anl.gov,/eagle/lc-mpi/Zhiqing/polaris_ebm/runs_long_k_multinode_sweep/configs/S32_single_fullk_K800_b1024_s20k_seed1.yaml,/eagle/lc-mpi/Zhiqing/polaris_ebm/runs_long_k_multinode_sweep/pbs/S32_single_fullk_K800_b1024_s20k_seed1.pbs,/eagle/lc-mpi/Zhiqing/polaris_ebm/runs_long_k_multinode_sweep/runs/M0/S32/S32_single_fullk_K800_b1024_s20k_seed1,/eagle/lc-mpi/Zhiqing/polaris_ebm/runs_long_k_multinode_sweep/logs/S32_single_fullk_K800_b1024_s20k_seed1.pbs.out,2026-05-27T18:25:31Z,submitted,
M0,S32,S32_ddp_fullk_K800_b1024_s20k_seed1,7173331.polaris-pbs-01.hsn.cm.polaris.alcf.anl.gov,/eagle/lc-mpi/Zhiqing/polaris_ebm/runs_long_k_multinode_sweep/configs/S32_ddp_fullk_K800_b1024_s20k_seed1.yaml,/eagle/lc-mpi/Zhiqing/polaris_ebm/runs_long_k_multinode_sweep/pbs/S32_ddp_fullk_K800_b1024_s20k_seed1.pbs,/eagle/lc-mpi/Zhiqing/polaris_ebm/runs_long_k_multinode_sweep/runs/M0/S32/S32_ddp_fullk_K800_b1024_s20k_seed1,/eagle/lc-mpi/Zhiqing/polaris_ebm/runs_long_k_multinode_sweep/logs/S32_ddp_fullk_K800_b1024_s20k_seed1.pbs.out,2026-05-27T18:25:31Z,submitted,
M0,S32,S32_pipe_P32_equal_K800_b1024_s20k_seed1,7173332.polaris-pbs-01.hsn.cm.polaris.alcf.anl.gov,/eagle/lc-mpi/Zhiqing/polaris_ebm/runs_long_k_multinode_sweep/configs/S32_pipe_P32_equal_K800_b1024_s20k_seed1.yaml,/eagle/lc-mpi/Zhiqing/polaris_ebm/runs_long_k_multinode_sweep/pbs/S32_pipe_P32_equal_K800_b1024_s20k_seed1.pbs,/eagle/lc-mpi/Zhiqing/polaris_ebm/runs_long_k_multinode_sweep/runs/M0/S32/S32_pipe_P32_equal_K800_b1024_s20k_seed1,/eagle/lc-mpi/Zhiqing/polaris_ebm/runs_long_k_multinode_sweep/logs/S32_pipe_P32_equal_K800_b1024_s20k_seed1.pbs.out,2026-05-27T18:25:31Z,submitted,
M0,S32,S32_single_fullk_K1600_b1024_s20k_seed1,7173333.polaris-pbs-01.hsn.cm.polaris.alcf.anl.gov,/eagle/lc-mpi/Zhiqing/polaris_ebm/runs_long_k_multinode_sweep/configs/S32_single_fullk_K1600_b1024_s20k_seed1.yaml,/eagle/lc-mpi/Zhiqing/polaris_ebm/runs_long_k_multinode_sweep/pbs/S32_single_fullk_K1600_b1024_s20k_seed1.pbs,/eagle/lc-mpi/Zhiqing/polaris_ebm/runs_long_k_multinode_sweep/runs/M0/S32/S32_single_fullk_K1600_b1024_s20k_seed1,/eagle/lc-mpi/Zhiqing/polaris_ebm/runs_long_k_multinode_sweep/logs/S32_single_fullk_K1600_b1024_s20k_seed1.pbs.out,2026-05-27T18:25:31Z,submitted,
M0,S32,S32_ddp_fullk_K1600_b1024_s20k_seed1,7173334.polaris-pbs-01.hsn.cm.polaris.alcf.anl.gov,/eagle/lc-mpi/Zhiqing/polaris_ebm/runs_long_k_multinode_sweep/configs/S32_ddp_fullk_K1600_b1024_s20k_seed1.yaml,/eagle/lc-mpi/Zhiqing/polaris_ebm/runs_long_k_multinode_sweep/pbs/S32_ddp_fullk_K1600_b1024_s20k_seed1.pbs,/eagle/lc-mpi/Zhiqing/polaris_ebm/runs_long_k_multinode_sweep/runs/M0/S32/S32_ddp_fullk_K1600_b1024_s20k_seed1,/eagle/lc-mpi/Zhiqing/polaris_ebm/runs_long_k_multinode_sweep/logs/S32_ddp_fullk_K1600_b1024_s20k_seed1.pbs.out,2026-05-27T18:25:31Z,submitted,
M0,S32,S32_pipe_P32_equal_K1600_b1024_s20k_seed1,7173335.polaris-pbs-01.hsn.cm.polaris.alcf.anl.gov,/eagle/lc-mpi/Zhiqing/polaris_ebm/runs_long_k_multinode_sweep/configs/S32_pipe_P32_equal_K1600_b1024_s20k_seed1.yaml,/eagle/lc-mpi/Zhiqing/polaris_ebm/runs_long_k_multinode_sweep/pbs/S32_pipe_P32_equal_K1600_b1024_s20k_seed1.pbs,/eagle/lc-mpi/Zhiqing/polaris_ebm/runs_long_k_multinode_sweep/runs/M0/S32/S32_pipe_P32_equal_K1600_b1024_s20k_seed1,/eagle/lc-mpi/Zhiqing/polaris_ebm/runs_long_k_multinode_sweep/logs/S32_pipe_P32_equal_K1600_b1024_s20k_seed1.pbs.out,2026-05-27T18:25:31Z,submitted,
