exp_id,attempt_role,job_id,previous_job_id,pbs_path,train_run_dir,pbs_output_log,submitted_at,status_hint
S16_single_fullk_K400_b512_s20k_seed1,original,7173318.polaris-pbs-01.hsn.cm.polaris.alcf.anl.gov,,/eagle/lc-mpi/Zhiqing/polaris_ebm/runs_long_k_multinode_sweep/pbs/S16_single_fullk_K400_b512_s20k_seed1.pbs,/eagle/lc-mpi/Zhiqing/polaris_ebm/runs_long_k_multinode_sweep/runs/M0/S16/S16_single_fullk_K400_b512_s20k_seed1,/eagle/lc-mpi/Zhiqing/polaris_ebm/runs_long_k_multinode_sweep/logs/S16_single_fullk_K400_b512_s20k_seed1.pbs.out,2026-05-27T18:25:31Z,submitted
S16_ddp_fullk_K400_b512_s20k_seed1,original,7173319.polaris-pbs-01.hsn.cm.polaris.alcf.anl.gov,,/eagle/lc-mpi/Zhiqing/polaris_ebm/runs_long_k_multinode_sweep/pbs/S16_ddp_fullk_K400_b512_s20k_seed1.pbs,/eagle/lc-mpi/Zhiqing/polaris_ebm/runs_long_k_multinode_sweep/runs/M0/S16/S16_ddp_fullk_K400_b512_s20k_seed1,/eagle/lc-mpi/Zhiqing/polaris_ebm/runs_long_k_multinode_sweep/logs/S16_ddp_fullk_K400_b512_s20k_seed1.pbs.out,2026-05-27T18:25:31Z,submitted
S16_pipe_P16_equal_K400_b512_s20k_seed1,original,7173320.polaris-pbs-01.hsn.cm.polaris.alcf.anl.gov,,/eagle/lc-mpi/Zhiqing/polaris_ebm/runs_long_k_multinode_sweep/pbs/S16_pipe_P16_equal_K400_b512_s20k_seed1.pbs,/eagle/lc-mpi/Zhiqing/polaris_ebm/runs_long_k_multinode_sweep/runs/M0/S16/S16_pipe_P16_equal_K400_b512_s20k_seed1,/eagle/lc-mpi/Zhiqing/polaris_ebm/runs_long_k_multinode_sweep/logs/S16_pipe_P16_equal_K400_b512_s20k_seed1.pbs.out,2026-05-27T18:25:31Z,submitted
S16_single_fullk_K800_b512_s20k_seed1,original,7173321.polaris-pbs-01.hsn.cm.polaris.alcf.anl.gov,,/eagle/lc-mpi/Zhiqing/polaris_ebm/runs_long_k_multinode_sweep/pbs/S16_single_fullk_K800_b512_s20k_seed1.pbs,/eagle/lc-mpi/Zhiqing/polaris_ebm/runs_long_k_multinode_sweep/runs/M0/S16/S16_single_fullk_K800_b512_s20k_seed1,/eagle/lc-mpi/Zhiqing/polaris_ebm/runs_long_k_multinode_sweep/logs/S16_single_fullk_K800_b512_s20k_seed1.pbs.out,2026-05-27T18:25:31Z,submitted
S16_ddp_fullk_K800_b512_s20k_seed1,original,7173322.polaris-pbs-01.hsn.cm.polaris.alcf.anl.gov,,/eagle/lc-mpi/Zhiqing/polaris_ebm/runs_long_k_multinode_sweep/pbs/S16_ddp_fullk_K800_b512_s20k_seed1.pbs,/eagle/lc-mpi/Zhiqing/polaris_ebm/runs_long_k_multinode_sweep/runs/M0/S16/S16_ddp_fullk_K800_b512_s20k_seed1,/eagle/lc-mpi/Zhiqing/polaris_ebm/runs_long_k_multinode_sweep/logs/S16_ddp_fullk_K800_b512_s20k_seed1.pbs.out,2026-05-27T18:25:31Z,submitted
S16_pipe_P16_equal_K800_b512_s20k_seed1,original,7173323.polaris-pbs-01.hsn.cm.polaris.alcf.anl.gov,,/eagle/lc-mpi/Zhiqing/polaris_ebm/runs_long_k_multinode_sweep/pbs/S16_pipe_P16_equal_K800_b512_s20k_seed1.pbs,/eagle/lc-mpi/Zhiqing/polaris_ebm/runs_long_k_multinode_sweep/runs/M0/S16/S16_pipe_P16_equal_K800_b512_s20k_seed1,/eagle/lc-mpi/Zhiqing/polaris_ebm/runs_long_k_multinode_sweep/logs/S16_pipe_P16_equal_K800_b512_s20k_seed1.pbs.out,2026-05-27T18:25:31Z,submitted
S16_single_fullk_K1600_b512_s20k_seed1,original,7173324.polaris-pbs-01.hsn.cm.polaris.alcf.anl.gov,,/eagle/lc-mpi/Zhiqing/polaris_ebm/runs_long_k_multinode_sweep/pbs/S16_single_fullk_K1600_b512_s20k_seed1.pbs,/eagle/lc-mpi/Zhiqing/polaris_ebm/runs_long_k_multinode_sweep/runs/M0/S16/S16_single_fullk_K1600_b512_s20k_seed1,/eagle/lc-mpi/Zhiqing/polaris_ebm/runs_long_k_multinode_sweep/logs/S16_single_fullk_K1600_b512_s20k_seed1.pbs.out,2026-05-27T18:25:31Z,submitted
S16_ddp_fullk_K1600_b512_s20k_seed1,original,7173325.polaris-pbs-01.hsn.cm.polaris.alcf.anl.gov,,/eagle/lc-mpi/Zhiqing/polaris_ebm/runs_long_k_multinode_sweep/pbs/S16_ddp_fullk_K1600_b512_s20k_seed1.pbs,/eagle/lc-mpi/Zhiqing/polaris_ebm/runs_long_k_multinode_sweep/runs/M0/S16/S16_ddp_fullk_K1600_b512_s20k_seed1,/eagle/lc-mpi/Zhiqing/polaris_ebm/runs_long_k_multinode_sweep/logs/S16_ddp_fullk_K1600_b512_s20k_seed1.pbs.out,2026-05-27T18:25:31Z,submitted
S16_pipe_P16_equal_K1600_b512_s20k_seed1,original,7173326.polaris-pbs-01.hsn.cm.polaris.alcf.anl.gov,,/eagle/lc-mpi/Zhiqing/polaris_ebm/runs_long_k_multinode_sweep/pbs/S16_pipe_P16_equal_K1600_b512_s20k_seed1.pbs,/eagle/lc-mpi/Zhiqing/polaris_ebm/runs_long_k_multinode_sweep/runs/M0/S16/S16_pipe_P16_equal_K1600_b512_s20k_seed1,/eagle/lc-mpi/Zhiqing/polaris_ebm/runs_long_k_multinode_sweep/logs/S16_pipe_P16_equal_K1600_b512_s20k_seed1.pbs.out,2026-05-27T18:25:31Z,submitted
S32_single_fullk_K400_b1024_s20k_seed1,original,7173327.polaris-pbs-01.hsn.cm.polaris.alcf.anl.gov,,/eagle/lc-mpi/Zhiqing/polaris_ebm/runs_long_k_multinode_sweep/pbs/S32_single_fullk_K400_b1024_s20k_seed1.pbs,/eagle/lc-mpi/Zhiqing/polaris_ebm/runs_long_k_multinode_sweep/runs/M0/S32/S32_single_fullk_K400_b1024_s20k_seed1,/eagle/lc-mpi/Zhiqing/polaris_ebm/runs_long_k_multinode_sweep/logs/S32_single_fullk_K400_b1024_s20k_seed1.pbs.out,2026-05-27T18:25:31Z,submitted
S32_ddp_fullk_K400_b1024_s20k_seed1,original,7173328.polaris-pbs-01.hsn.cm.polaris.alcf.anl.gov,,/eagle/lc-mpi/Zhiqing/polaris_ebm/runs_long_k_multinode_sweep/pbs/S32_ddp_fullk_K400_b1024_s20k_seed1.pbs,/eagle/lc-mpi/Zhiqing/polaris_ebm/runs_long_k_multinode_sweep/runs/M0/S32/S32_ddp_fullk_K400_b1024_s20k_seed1,/eagle/lc-mpi/Zhiqing/polaris_ebm/runs_long_k_multinode_sweep/logs/S32_ddp_fullk_K400_b1024_s20k_seed1.pbs.out,2026-05-27T18:25:31Z,submitted
S32_pipe_P32_equal_K400_b1024_s20k_seed1,original,7173329.polaris-pbs-01.hsn.cm.polaris.alcf.anl.gov,,/eagle/lc-mpi/Zhiqing/polaris_ebm/runs_long_k_multinode_sweep/pbs/S32_pipe_P32_equal_K400_b1024_s20k_seed1.pbs,/eagle/lc-mpi/Zhiqing/polaris_ebm/runs_long_k_multinode_sweep/runs/M0/S32/S32_pipe_P32_equal_K400_b1024_s20k_seed1,/eagle/lc-mpi/Zhiqing/polaris_ebm/runs_long_k_multinode_sweep/logs/S32_pipe_P32_equal_K400_b1024_s20k_seed1.pbs.out,2026-05-27T18:25:31Z,submitted
S32_single_fullk_K800_b1024_s20k_seed1,original,7173330.polaris-pbs-01.hsn.cm.polaris.alcf.anl.gov,,/eagle/lc-mpi/Zhiqing/polaris_ebm/runs_long_k_multinode_sweep/pbs/S32_single_fullk_K800_b1024_s20k_seed1.pbs,/eagle/lc-mpi/Zhiqing/polaris_ebm/runs_long_k_multinode_sweep/runs/M0/S32/S32_single_fullk_K800_b1024_s20k_seed1,/eagle/lc-mpi/Zhiqing/polaris_ebm/runs_long_k_multinode_sweep/logs/S32_single_fullk_K800_b1024_s20k_seed1.pbs.out,2026-05-27T18:25:31Z,submitted
S32_ddp_fullk_K800_b1024_s20k_seed1,original,7173331.polaris-pbs-01.hsn.cm.polaris.alcf.anl.gov,,/eagle/lc-mpi/Zhiqing/polaris_ebm/runs_long_k_multinode_sweep/pbs/S32_ddp_fullk_K800_b1024_s20k_seed1.pbs,/eagle/lc-mpi/Zhiqing/polaris_ebm/runs_long_k_multinode_sweep/runs/M0/S32/S32_ddp_fullk_K800_b1024_s20k_seed1,/eagle/lc-mpi/Zhiqing/polaris_ebm/runs_long_k_multinode_sweep/logs/S32_ddp_fullk_K800_b1024_s20k_seed1.pbs.out,2026-05-27T18:25:31Z,submitted
S32_pipe_P32_equal_K800_b1024_s20k_seed1,original,7173332.polaris-pbs-01.hsn.cm.polaris.alcf.anl.gov,,/eagle/lc-mpi/Zhiqing/polaris_ebm/runs_long_k_multinode_sweep/pbs/S32_pipe_P32_equal_K800_b1024_s20k_seed1.pbs,/eagle/lc-mpi/Zhiqing/polaris_ebm/runs_long_k_multinode_sweep/runs/M0/S32/S32_pipe_P32_equal_K800_b1024_s20k_seed1,/eagle/lc-mpi/Zhiqing/polaris_ebm/runs_long_k_multinode_sweep/logs/S32_pipe_P32_equal_K800_b1024_s20k_seed1.pbs.out,2026-05-27T18:25:31Z,submitted
S32_single_fullk_K1600_b1024_s20k_seed1,original,7173333.polaris-pbs-01.hsn.cm.polaris.alcf.anl.gov,,/eagle/lc-mpi/Zhiqing/polaris_ebm/runs_long_k_multinode_sweep/pbs/S32_single_fullk_K1600_b1024_s20k_seed1.pbs,/eagle/lc-mpi/Zhiqing/polaris_ebm/runs_long_k_multinode_sweep/runs/M0/S32/S32_single_fullk_K1600_b1024_s20k_seed1,/eagle/lc-mpi/Zhiqing/polaris_ebm/runs_long_k_multinode_sweep/logs/S32_single_fullk_K1600_b1024_s20k_seed1.pbs.out,2026-05-27T18:25:31Z,submitted
S32_ddp_fullk_K1600_b1024_s20k_seed1,original,7173334.polaris-pbs-01.hsn.cm.polaris.alcf.anl.gov,,/eagle/lc-mpi/Zhiqing/polaris_ebm/runs_long_k_multinode_sweep/pbs/S32_ddp_fullk_K1600_b1024_s20k_seed1.pbs,/eagle/lc-mpi/Zhiqing/polaris_ebm/runs_long_k_multinode_sweep/runs/M0/S32/S32_ddp_fullk_K1600_b1024_s20k_seed1,/eagle/lc-mpi/Zhiqing/polaris_ebm/runs_long_k_multinode_sweep/logs/S32_ddp_fullk_K1600_b1024_s20k_seed1.pbs.out,2026-05-27T18:25:31Z,submitted
S32_pipe_P32_equal_K1600_b1024_s20k_seed1,original,7173335.polaris-pbs-01.hsn.cm.polaris.alcf.anl.gov,,/eagle/lc-mpi/Zhiqing/polaris_ebm/runs_long_k_multinode_sweep/pbs/S32_pipe_P32_equal_K1600_b1024_s20k_seed1.pbs,/eagle/lc-mpi/Zhiqing/polaris_ebm/runs_long_k_multinode_sweep/runs/M0/S32/S32_pipe_P32_equal_K1600_b1024_s20k_seed1,/eagle/lc-mpi/Zhiqing/polaris_ebm/runs_long_k_multinode_sweep/logs/S32_pipe_P32_equal_K1600_b1024_s20k_seed1.pbs.out,2026-05-27T18:25:31Z,submitted
S16_single_fullk_K400_b512_s20k_seed1,resume,7173643.polaris-pbs-01.hsn.cm.polaris.alcf.anl.gov,7173318.polaris-pbs-01.hsn.cm.polaris.alcf.anl.gov,/eagle/lc-mpi/Zhiqing/polaris_ebm/runs_long_k_multinode_sweep/pbs/S16_single_fullk_K400_b512_s20k_seed1.pbs,/eagle/lc-mpi/Zhiqing/polaris_ebm/runs_long_k_multinode_sweep/runs/M0/S16/S16_single_fullk_K400_b512_s20k_seed1,/eagle/lc-mpi/Zhiqing/polaris_ebm/runs_long_k_multinode_sweep/logs/S16_single_fullk_K400_b512_s20k_seed1.pbs.out,2026-05-27T20:41:14Z,submitted
S16_ddp_fullk_K400_b512_s20k_seed1,resume,7173644.polaris-pbs-01.hsn.cm.polaris.alcf.anl.gov,7173319.polaris-pbs-01.hsn.cm.polaris.alcf.anl.gov,/eagle/lc-mpi/Zhiqing/polaris_ebm/runs_long_k_multinode_sweep/pbs/S16_ddp_fullk_K400_b512_s20k_seed1.pbs,/eagle/lc-mpi/Zhiqing/polaris_ebm/runs_long_k_multinode_sweep/runs/M0/S16/S16_ddp_fullk_K400_b512_s20k_seed1,/eagle/lc-mpi/Zhiqing/polaris_ebm/runs_long_k_multinode_sweep/logs/S16_ddp_fullk_K400_b512_s20k_seed1.pbs.out,2026-05-27T20:41:14Z,submitted
S16_pipe_P16_equal_K400_b512_s20k_seed1,resume,7173645.polaris-pbs-01.hsn.cm.polaris.alcf.anl.gov,7173320.polaris-pbs-01.hsn.cm.polaris.alcf.anl.gov,/eagle/lc-mpi/Zhiqing/polaris_ebm/runs_long_k_multinode_sweep/pbs/S16_pipe_P16_equal_K400_b512_s20k_seed1.pbs,/eagle/lc-mpi/Zhiqing/polaris_ebm/runs_long_k_multinode_sweep/runs/M0/S16/S16_pipe_P16_equal_K400_b512_s20k_seed1,/eagle/lc-mpi/Zhiqing/polaris_ebm/runs_long_k_multinode_sweep/logs/S16_pipe_P16_equal_K400_b512_s20k_seed1.pbs.out,2026-05-27T20:41:14Z,submitted
S16_single_fullk_K800_b512_s20k_seed1,resume,7173646.polaris-pbs-01.hsn.cm.polaris.alcf.anl.gov,7173321.polaris-pbs-01.hsn.cm.polaris.alcf.anl.gov,/eagle/lc-mpi/Zhiqing/polaris_ebm/runs_long_k_multinode_sweep/pbs/S16_single_fullk_K800_b512_s20k_seed1.pbs,/eagle/lc-mpi/Zhiqing/polaris_ebm/runs_long_k_multinode_sweep/runs/M0/S16/S16_single_fullk_K800_b512_s20k_seed1,/eagle/lc-mpi/Zhiqing/polaris_ebm/runs_long_k_multinode_sweep/logs/S16_single_fullk_K800_b512_s20k_seed1.pbs.out,2026-05-27T20:41:14Z,submitted
S16_ddp_fullk_K800_b512_s20k_seed1,resume,7173647.polaris-pbs-01.hsn.cm.polaris.alcf.anl.gov,7173322.polaris-pbs-01.hsn.cm.polaris.alcf.anl.gov,/eagle/lc-mpi/Zhiqing/polaris_ebm/runs_long_k_multinode_sweep/pbs/S16_ddp_fullk_K800_b512_s20k_seed1.pbs,/eagle/lc-mpi/Zhiqing/polaris_ebm/runs_long_k_multinode_sweep/runs/M0/S16/S16_ddp_fullk_K800_b512_s20k_seed1,/eagle/lc-mpi/Zhiqing/polaris_ebm/runs_long_k_multinode_sweep/logs/S16_ddp_fullk_K800_b512_s20k_seed1.pbs.out,2026-05-27T20:41:14Z,submitted
S16_pipe_P16_equal_K800_b512_s20k_seed1,resume,7173648.polaris-pbs-01.hsn.cm.polaris.alcf.anl.gov,7173323.polaris-pbs-01.hsn.cm.polaris.alcf.anl.gov,/eagle/lc-mpi/Zhiqing/polaris_ebm/runs_long_k_multinode_sweep/pbs/S16_pipe_P16_equal_K800_b512_s20k_seed1.pbs,/eagle/lc-mpi/Zhiqing/polaris_ebm/runs_long_k_multinode_sweep/runs/M0/S16/S16_pipe_P16_equal_K800_b512_s20k_seed1,/eagle/lc-mpi/Zhiqing/polaris_ebm/runs_long_k_multinode_sweep/logs/S16_pipe_P16_equal_K800_b512_s20k_seed1.pbs.out,2026-05-27T20:41:14Z,submitted
S16_single_fullk_K1600_b512_s20k_seed1,resume,7173649.polaris-pbs-01.hsn.cm.polaris.alcf.anl.gov,7173324.polaris-pbs-01.hsn.cm.polaris.alcf.anl.gov,/eagle/lc-mpi/Zhiqing/polaris_ebm/runs_long_k_multinode_sweep/pbs/S16_single_fullk_K1600_b512_s20k_seed1.pbs,/eagle/lc-mpi/Zhiqing/polaris_ebm/runs_long_k_multinode_sweep/runs/M0/S16/S16_single_fullk_K1600_b512_s20k_seed1,/eagle/lc-mpi/Zhiqing/polaris_ebm/runs_long_k_multinode_sweep/logs/S16_single_fullk_K1600_b512_s20k_seed1.pbs.out,2026-05-27T20:41:14Z,submitted
S16_ddp_fullk_K1600_b512_s20k_seed1,resume,7173733.polaris-pbs-01.hsn.cm.polaris.alcf.anl.gov,7173325.polaris-pbs-01.hsn.cm.polaris.alcf.anl.gov,/eagle/lc-mpi/Zhiqing/polaris_ebm/runs_long_k_multinode_sweep/pbs/S16_ddp_fullk_K1600_b512_s20k_seed1.pbs,/eagle/lc-mpi/Zhiqing/polaris_ebm/runs_long_k_multinode_sweep/runs/M0/S16/S16_ddp_fullk_K1600_b512_s20k_seed1,/eagle/lc-mpi/Zhiqing/polaris_ebm/runs_long_k_multinode_sweep/logs/S16_ddp_fullk_K1600_b512_s20k_seed1.pbs.out,2026-05-27T21:27:36Z,submitted
S32_pipe_P32_equal_K400_b1024_s20k_seed1,resume,7173734.polaris-pbs-01.hsn.cm.polaris.alcf.anl.gov,7173329.polaris-pbs-01.hsn.cm.polaris.alcf.anl.gov,/eagle/lc-mpi/Zhiqing/polaris_ebm/runs_long_k_multinode_sweep/pbs/S32_pipe_P32_equal_K400_b1024_s20k_seed1.pbs,/eagle/lc-mpi/Zhiqing/polaris_ebm/runs_long_k_multinode_sweep/runs/M0/S32/S32_pipe_P32_equal_K400_b1024_s20k_seed1,/eagle/lc-mpi/Zhiqing/polaris_ebm/runs_long_k_multinode_sweep/logs/S32_pipe_P32_equal_K400_b1024_s20k_seed1.pbs.out,2026-05-27T21:27:36Z,submitted
S32_single_fullk_K400_b1024_s20k_seed1,resume,7173735.polaris-pbs-01.hsn.cm.polaris.alcf.anl.gov,7173327.polaris-pbs-01.hsn.cm.polaris.alcf.anl.gov,/eagle/lc-mpi/Zhiqing/polaris_ebm/runs_long_k_multinode_sweep/pbs/S32_single_fullk_K400_b1024_s20k_seed1.pbs,/eagle/lc-mpi/Zhiqing/polaris_ebm/runs_long_k_multinode_sweep/runs/M0/S32/S32_single_fullk_K400_b1024_s20k_seed1,/eagle/lc-mpi/Zhiqing/polaris_ebm/runs_long_k_multinode_sweep/logs/S32_single_fullk_K400_b1024_s20k_seed1.pbs.out,2026-05-27T21:27:36Z,submitted
S32_single_fullk_K800_b1024_s20k_seed1,resume,7173736.polaris-pbs-01.hsn.cm.polaris.alcf.anl.gov,7173330.polaris-pbs-01.hsn.cm.polaris.alcf.anl.gov,/eagle/lc-mpi/Zhiqing/polaris_ebm/runs_long_k_multinode_sweep/pbs/S32_single_fullk_K800_b1024_s20k_seed1.pbs,/eagle/lc-mpi/Zhiqing/polaris_ebm/runs_long_k_multinode_sweep/runs/M0/S32/S32_single_fullk_K800_b1024_s20k_seed1,/eagle/lc-mpi/Zhiqing/polaris_ebm/runs_long_k_multinode_sweep/logs/S32_single_fullk_K800_b1024_s20k_seed1.pbs.out,2026-05-27T21:27:36Z,submitted
S16_ddp_fullk_K1600_b512_s20k_seed1,resume,7173876.polaris-pbs-01.hsn.cm.polaris.alcf.anl.gov,7173733.polaris-pbs-01.hsn.cm.polaris.alcf.anl.gov,/eagle/lc-mpi/Zhiqing/polaris_ebm/runs_long_k_multinode_sweep/pbs/S16_ddp_fullk_K1600_b512_s20k_seed1.pbs,/eagle/lc-mpi/Zhiqing/polaris_ebm/runs_long_k_multinode_sweep/runs/M0/S16/S16_ddp_fullk_K1600_b512_s20k_seed1,/eagle/lc-mpi/Zhiqing/polaris_ebm/runs_long_k_multinode_sweep/logs/S16_ddp_fullk_K1600_b512_s20k_seed1.pbs.out,2026-05-27T23:23:11Z,submitted
S16_ddp_fullk_K400_b512_s20k_seed1,resume,7173877.polaris-pbs-01.hsn.cm.polaris.alcf.anl.gov,7173644.polaris-pbs-01.hsn.cm.polaris.alcf.anl.gov,/eagle/lc-mpi/Zhiqing/polaris_ebm/runs_long_k_multinode_sweep/pbs/S16_ddp_fullk_K400_b512_s20k_seed1.pbs,/eagle/lc-mpi/Zhiqing/polaris_ebm/runs_long_k_multinode_sweep/runs/M0/S16/S16_ddp_fullk_K400_b512_s20k_seed1,/eagle/lc-mpi/Zhiqing/polaris_ebm/runs_long_k_multinode_sweep/logs/S16_ddp_fullk_K400_b512_s20k_seed1.pbs.out,2026-05-27T23:23:11Z,submitted
S16_ddp_fullk_K800_b512_s20k_seed1,resume,7173878.polaris-pbs-01.hsn.cm.polaris.alcf.anl.gov,7173647.polaris-pbs-01.hsn.cm.polaris.alcf.anl.gov,/eagle/lc-mpi/Zhiqing/polaris_ebm/runs_long_k_multinode_sweep/pbs/S16_ddp_fullk_K800_b512_s20k_seed1.pbs,/eagle/lc-mpi/Zhiqing/polaris_ebm/runs_long_k_multinode_sweep/runs/M0/S16/S16_ddp_fullk_K800_b512_s20k_seed1,/eagle/lc-mpi/Zhiqing/polaris_ebm/runs_long_k_multinode_sweep/logs/S16_ddp_fullk_K800_b512_s20k_seed1.pbs.out,2026-05-27T23:23:11Z,submitted
S16_pipe_P16_equal_K1600_b512_s20k_seed1,resume,7173879.polaris-pbs-01.hsn.cm.polaris.alcf.anl.gov,7173326.polaris-pbs-01.hsn.cm.polaris.alcf.anl.gov,/eagle/lc-mpi/Zhiqing/polaris_ebm/runs_long_k_multinode_sweep/pbs/S16_pipe_P16_equal_K1600_b512_s20k_seed1.pbs,/eagle/lc-mpi/Zhiqing/polaris_ebm/runs_long_k_multinode_sweep/runs/M0/S16/S16_pipe_P16_equal_K1600_b512_s20k_seed1,/eagle/lc-mpi/Zhiqing/polaris_ebm/runs_long_k_multinode_sweep/logs/S16_pipe_P16_equal_K1600_b512_s20k_seed1.pbs.out,2026-05-27T23:23:11Z,submitted
S16_pipe_P16_equal_K400_b512_s20k_seed1,resume,7173880.polaris-pbs-01.hsn.cm.polaris.alcf.anl.gov,7173645.polaris-pbs-01.hsn.cm.polaris.alcf.anl.gov,/eagle/lc-mpi/Zhiqing/polaris_ebm/runs_long_k_multinode_sweep/pbs/S16_pipe_P16_equal_K400_b512_s20k_seed1.pbs,/eagle/lc-mpi/Zhiqing/polaris_ebm/runs_long_k_multinode_sweep/runs/M0/S16/S16_pipe_P16_equal_K400_b512_s20k_seed1,/eagle/lc-mpi/Zhiqing/polaris_ebm/runs_long_k_multinode_sweep/logs/S16_pipe_P16_equal_K400_b512_s20k_seed1.pbs.out,2026-05-27T23:23:11Z,submitted
S16_pipe_P16_equal_K800_b512_s20k_seed1,resume,7173881.polaris-pbs-01.hsn.cm.polaris.alcf.anl.gov,7173648.polaris-pbs-01.hsn.cm.polaris.alcf.anl.gov,/eagle/lc-mpi/Zhiqing/polaris_ebm/runs_long_k_multinode_sweep/pbs/S16_pipe_P16_equal_K800_b512_s20k_seed1.pbs,/eagle/lc-mpi/Zhiqing/polaris_ebm/runs_long_k_multinode_sweep/runs/M0/S16/S16_pipe_P16_equal_K800_b512_s20k_seed1,/eagle/lc-mpi/Zhiqing/polaris_ebm/runs_long_k_multinode_sweep/logs/S16_pipe_P16_equal_K800_b512_s20k_seed1.pbs.out,2026-05-27T23:23:11Z,submitted
S16_single_fullk_K1600_b512_s20k_seed1,resume,7173882.polaris-pbs-01.hsn.cm.polaris.alcf.anl.gov,7173649.polaris-pbs-01.hsn.cm.polaris.alcf.anl.gov,/eagle/lc-mpi/Zhiqing/polaris_ebm/runs_long_k_multinode_sweep/pbs/S16_single_fullk_K1600_b512_s20k_seed1.pbs,/eagle/lc-mpi/Zhiqing/polaris_ebm/runs_long_k_multinode_sweep/runs/M0/S16/S16_single_fullk_K1600_b512_s20k_seed1,/eagle/lc-mpi/Zhiqing/polaris_ebm/runs_long_k_multinode_sweep/logs/S16_single_fullk_K1600_b512_s20k_seed1.pbs.out,2026-05-27T23:23:11Z,submitted
S16_single_fullk_K400_b512_s20k_seed1,resume,7173883.polaris-pbs-01.hsn.cm.polaris.alcf.anl.gov,7173643.polaris-pbs-01.hsn.cm.polaris.alcf.anl.gov,/eagle/lc-mpi/Zhiqing/polaris_ebm/runs_long_k_multinode_sweep/pbs/S16_single_fullk_K400_b512_s20k_seed1.pbs,/eagle/lc-mpi/Zhiqing/polaris_ebm/runs_long_k_multinode_sweep/runs/M0/S16/S16_single_fullk_K400_b512_s20k_seed1,/eagle/lc-mpi/Zhiqing/polaris_ebm/runs_long_k_multinode_sweep/logs/S16_single_fullk_K400_b512_s20k_seed1.pbs.out,2026-05-27T23:23:11Z,submitted
S16_single_fullk_K800_b512_s20k_seed1,resume,7173884.polaris-pbs-01.hsn.cm.polaris.alcf.anl.gov,7173646.polaris-pbs-01.hsn.cm.polaris.alcf.anl.gov,/eagle/lc-mpi/Zhiqing/polaris_ebm/runs_long_k_multinode_sweep/pbs/S16_single_fullk_K800_b512_s20k_seed1.pbs,/eagle/lc-mpi/Zhiqing/polaris_ebm/runs_long_k_multinode_sweep/runs/M0/S16/S16_single_fullk_K800_b512_s20k_seed1,/eagle/lc-mpi/Zhiqing/polaris_ebm/runs_long_k_multinode_sweep/logs/S16_single_fullk_K800_b512_s20k_seed1.pbs.out,2026-05-27T23:23:11Z,submitted
S32_ddp_fullk_K1600_b1024_s20k_seed1,resume,7173885.polaris-pbs-01.hsn.cm.polaris.alcf.anl.gov,7173334.polaris-pbs-01.hsn.cm.polaris.alcf.anl.gov,/eagle/lc-mpi/Zhiqing/polaris_ebm/runs_long_k_multinode_sweep/pbs/S32_ddp_fullk_K1600_b1024_s20k_seed1.pbs,/eagle/lc-mpi/Zhiqing/polaris_ebm/runs_long_k_multinode_sweep/runs/M0/S32/S32_ddp_fullk_K1600_b1024_s20k_seed1,/eagle/lc-mpi/Zhiqing/polaris_ebm/runs_long_k_multinode_sweep/logs/S32_ddp_fullk_K1600_b1024_s20k_seed1.pbs.out,2026-05-27T23:23:11Z,submitted
S32_ddp_fullk_K400_b1024_s20k_seed1,resume,7173886.polaris-pbs-01.hsn.cm.polaris.alcf.anl.gov,7173328.polaris-pbs-01.hsn.cm.polaris.alcf.anl.gov,/eagle/lc-mpi/Zhiqing/polaris_ebm/runs_long_k_multinode_sweep/pbs/S32_ddp_fullk_K400_b1024_s20k_seed1.pbs,/eagle/lc-mpi/Zhiqing/polaris_ebm/runs_long_k_multinode_sweep/runs/M0/S32/S32_ddp_fullk_K400_b1024_s20k_seed1,/eagle/lc-mpi/Zhiqing/polaris_ebm/runs_long_k_multinode_sweep/logs/S32_ddp_fullk_K400_b1024_s20k_seed1.pbs.out,2026-05-27T23:23:11Z,submitted
S32_ddp_fullk_K800_b1024_s20k_seed1,resume,7173887.polaris-pbs-01.hsn.cm.polaris.alcf.anl.gov,7173331.polaris-pbs-01.hsn.cm.polaris.alcf.anl.gov,/eagle/lc-mpi/Zhiqing/polaris_ebm/runs_long_k_multinode_sweep/pbs/S32_ddp_fullk_K800_b1024_s20k_seed1.pbs,/eagle/lc-mpi/Zhiqing/polaris_ebm/runs_long_k_multinode_sweep/runs/M0/S32/S32_ddp_fullk_K800_b1024_s20k_seed1,/eagle/lc-mpi/Zhiqing/polaris_ebm/runs_long_k_multinode_sweep/logs/S32_ddp_fullk_K800_b1024_s20k_seed1.pbs.out,2026-05-27T23:23:11Z,submitted
S32_pipe_P32_equal_K1600_b1024_s20k_seed1,resume,7173888.polaris-pbs-01.hsn.cm.polaris.alcf.anl.gov,7173335.polaris-pbs-01.hsn.cm.polaris.alcf.anl.gov,/eagle/lc-mpi/Zhiqing/polaris_ebm/runs_long_k_multinode_sweep/pbs/S32_pipe_P32_equal_K1600_b1024_s20k_seed1.pbs,/eagle/lc-mpi/Zhiqing/polaris_ebm/runs_long_k_multinode_sweep/runs/M0/S32/S32_pipe_P32_equal_K1600_b1024_s20k_seed1,/eagle/lc-mpi/Zhiqing/polaris_ebm/runs_long_k_multinode_sweep/logs/S32_pipe_P32_equal_K1600_b1024_s20k_seed1.pbs.out,2026-05-27T23:23:11Z,submitted
S32_pipe_P32_equal_K400_b1024_s20k_seed1,resume,7173889.polaris-pbs-01.hsn.cm.polaris.alcf.anl.gov,7173734.polaris-pbs-01.hsn.cm.polaris.alcf.anl.gov,/eagle/lc-mpi/Zhiqing/polaris_ebm/runs_long_k_multinode_sweep/pbs/S32_pipe_P32_equal_K400_b1024_s20k_seed1.pbs,/eagle/lc-mpi/Zhiqing/polaris_ebm/runs_long_k_multinode_sweep/runs/M0/S32/S32_pipe_P32_equal_K400_b1024_s20k_seed1,/eagle/lc-mpi/Zhiqing/polaris_ebm/runs_long_k_multinode_sweep/logs/S32_pipe_P32_equal_K400_b1024_s20k_seed1.pbs.out,2026-05-27T23:23:11Z,submitted
S32_pipe_P32_equal_K800_b1024_s20k_seed1,resume,7173890.polaris-pbs-01.hsn.cm.polaris.alcf.anl.gov,7173332.polaris-pbs-01.hsn.cm.polaris.alcf.anl.gov,/eagle/lc-mpi/Zhiqing/polaris_ebm/runs_long_k_multinode_sweep/pbs/S32_pipe_P32_equal_K800_b1024_s20k_seed1.pbs,/eagle/lc-mpi/Zhiqing/polaris_ebm/runs_long_k_multinode_sweep/runs/M0/S32/S32_pipe_P32_equal_K800_b1024_s20k_seed1,/eagle/lc-mpi/Zhiqing/polaris_ebm/runs_long_k_multinode_sweep/logs/S32_pipe_P32_equal_K800_b1024_s20k_seed1.pbs.out,2026-05-27T23:23:11Z,submitted
S32_single_fullk_K1600_b1024_s20k_seed1,resume,7173891.polaris-pbs-01.hsn.cm.polaris.alcf.anl.gov,7173333.polaris-pbs-01.hsn.cm.polaris.alcf.anl.gov,/eagle/lc-mpi/Zhiqing/polaris_ebm/runs_long_k_multinode_sweep/pbs/S32_single_fullk_K1600_b1024_s20k_seed1.pbs,/eagle/lc-mpi/Zhiqing/polaris_ebm/runs_long_k_multinode_sweep/runs/M0/S32/S32_single_fullk_K1600_b1024_s20k_seed1,/eagle/lc-mpi/Zhiqing/polaris_ebm/runs_long_k_multinode_sweep/logs/S32_single_fullk_K1600_b1024_s20k_seed1.pbs.out,2026-05-27T23:23:11Z,submitted
S32_single_fullk_K400_b1024_s20k_seed1,resume,7173892.polaris-pbs-01.hsn.cm.polaris.alcf.anl.gov,7173735.polaris-pbs-01.hsn.cm.polaris.alcf.anl.gov,/eagle/lc-mpi/Zhiqing/polaris_ebm/runs_long_k_multinode_sweep/pbs/S32_single_fullk_K400_b1024_s20k_seed1.pbs,/eagle/lc-mpi/Zhiqing/polaris_ebm/runs_long_k_multinode_sweep/runs/M0/S32/S32_single_fullk_K400_b1024_s20k_seed1,/eagle/lc-mpi/Zhiqing/polaris_ebm/runs_long_k_multinode_sweep/logs/S32_single_fullk_K400_b1024_s20k_seed1.pbs.out,2026-05-27T23:23:11Z,submitted
S32_single_fullk_K800_b1024_s20k_seed1,resume,7173893.polaris-pbs-01.hsn.cm.polaris.alcf.anl.gov,7173736.polaris-pbs-01.hsn.cm.polaris.alcf.anl.gov,/eagle/lc-mpi/Zhiqing/polaris_ebm/runs_long_k_multinode_sweep/pbs/S32_single_fullk_K800_b1024_s20k_seed1.pbs,/eagle/lc-mpi/Zhiqing/polaris_ebm/runs_long_k_multinode_sweep/runs/M0/S32/S32_single_fullk_K800_b1024_s20k_seed1,/eagle/lc-mpi/Zhiqing/polaris_ebm/runs_long_k_multinode_sweep/logs/S32_single_fullk_K800_b1024_s20k_seed1.pbs.out,2026-05-27T23:23:11Z,submitted
S16_ddp_fullk_K1600_b512_s20k_seed1,resume,7173930.polaris-pbs-01.hsn.cm.polaris.alcf.anl.gov,7173876.polaris-pbs-01.hsn.cm.polaris.alcf.anl.gov,/eagle/lc-mpi/Zhiqing/polaris_ebm/runs_long_k_multinode_sweep/pbs/S16_ddp_fullk_K1600_b512_s20k_seed1.pbs,/eagle/lc-mpi/Zhiqing/polaris_ebm/runs_long_k_multinode_sweep/runs/M0/S16/S16_ddp_fullk_K1600_b512_s20k_seed1,/eagle/lc-mpi/Zhiqing/polaris_ebm/runs_long_k_multinode_sweep/logs/S16_ddp_fullk_K1600_b512_s20k_seed1.pbs.out,2026-05-27T23:55:56Z,submitted
S16_ddp_fullk_K400_b512_s20k_seed1,resume,7173931.polaris-pbs-01.hsn.cm.polaris.alcf.anl.gov,7173877.polaris-pbs-01.hsn.cm.polaris.alcf.anl.gov,/eagle/lc-mpi/Zhiqing/polaris_ebm/runs_long_k_multinode_sweep/pbs/S16_ddp_fullk_K400_b512_s20k_seed1.pbs,/eagle/lc-mpi/Zhiqing/polaris_ebm/runs_long_k_multinode_sweep/runs/M0/S16/S16_ddp_fullk_K400_b512_s20k_seed1,/eagle/lc-mpi/Zhiqing/polaris_ebm/runs_long_k_multinode_sweep/logs/S16_ddp_fullk_K400_b512_s20k_seed1.pbs.out,2026-05-27T23:55:56Z,submitted
S16_ddp_fullk_K800_b512_s20k_seed1,resume,7173932.polaris-pbs-01.hsn.cm.polaris.alcf.anl.gov,7173878.polaris-pbs-01.hsn.cm.polaris.alcf.anl.gov,/eagle/lc-mpi/Zhiqing/polaris_ebm/runs_long_k_multinode_sweep/pbs/S16_ddp_fullk_K800_b512_s20k_seed1.pbs,/eagle/lc-mpi/Zhiqing/polaris_ebm/runs_long_k_multinode_sweep/runs/M0/S16/S16_ddp_fullk_K800_b512_s20k_seed1,/eagle/lc-mpi/Zhiqing/polaris_ebm/runs_long_k_multinode_sweep/logs/S16_ddp_fullk_K800_b512_s20k_seed1.pbs.out,2026-05-27T23:55:56Z,submitted
S16_pipe_P16_equal_K1600_b512_s20k_seed1,resume,7173933.polaris-pbs-01.hsn.cm.polaris.alcf.anl.gov,7173879.polaris-pbs-01.hsn.cm.polaris.alcf.anl.gov,/eagle/lc-mpi/Zhiqing/polaris_ebm/runs_long_k_multinode_sweep/pbs/S16_pipe_P16_equal_K1600_b512_s20k_seed1.pbs,/eagle/lc-mpi/Zhiqing/polaris_ebm/runs_long_k_multinode_sweep/runs/M0/S16/S16_pipe_P16_equal_K1600_b512_s20k_seed1,/eagle/lc-mpi/Zhiqing/polaris_ebm/runs_long_k_multinode_sweep/logs/S16_pipe_P16_equal_K1600_b512_s20k_seed1.pbs.out,2026-05-27T23:55:56Z,submitted
S16_pipe_P16_equal_K400_b512_s20k_seed1,resume,7173934.polaris-pbs-01.hsn.cm.polaris.alcf.anl.gov,7173880.polaris-pbs-01.hsn.cm.polaris.alcf.anl.gov,/eagle/lc-mpi/Zhiqing/polaris_ebm/runs_long_k_multinode_sweep/pbs/S16_pipe_P16_equal_K400_b512_s20k_seed1.pbs,/eagle/lc-mpi/Zhiqing/polaris_ebm/runs_long_k_multinode_sweep/runs/M0/S16/S16_pipe_P16_equal_K400_b512_s20k_seed1,/eagle/lc-mpi/Zhiqing/polaris_ebm/runs_long_k_multinode_sweep/logs/S16_pipe_P16_equal_K400_b512_s20k_seed1.pbs.out,2026-05-27T23:55:56Z,submitted
S16_pipe_P16_equal_K800_b512_s20k_seed1,resume,7173935.polaris-pbs-01.hsn.cm.polaris.alcf.anl.gov,7173881.polaris-pbs-01.hsn.cm.polaris.alcf.anl.gov,/eagle/lc-mpi/Zhiqing/polaris_ebm/runs_long_k_multinode_sweep/pbs/S16_pipe_P16_equal_K800_b512_s20k_seed1.pbs,/eagle/lc-mpi/Zhiqing/polaris_ebm/runs_long_k_multinode_sweep/runs/M0/S16/S16_pipe_P16_equal_K800_b512_s20k_seed1,/eagle/lc-mpi/Zhiqing/polaris_ebm/runs_long_k_multinode_sweep/logs/S16_pipe_P16_equal_K800_b512_s20k_seed1.pbs.out,2026-05-27T23:55:56Z,submitted
S16_single_fullk_K1600_b512_s20k_seed1,resume,7173936.polaris-pbs-01.hsn.cm.polaris.alcf.anl.gov,7173882.polaris-pbs-01.hsn.cm.polaris.alcf.anl.gov,/eagle/lc-mpi/Zhiqing/polaris_ebm/runs_long_k_multinode_sweep/pbs/S16_single_fullk_K1600_b512_s20k_seed1.pbs,/eagle/lc-mpi/Zhiqing/polaris_ebm/runs_long_k_multinode_sweep/runs/M0/S16/S16_single_fullk_K1600_b512_s20k_seed1,/eagle/lc-mpi/Zhiqing/polaris_ebm/runs_long_k_multinode_sweep/logs/S16_single_fullk_K1600_b512_s20k_seed1.pbs.out,2026-05-27T23:55:56Z,submitted
S16_single_fullk_K400_b512_s20k_seed1,resume,7173960.polaris-pbs-01.hsn.cm.polaris.alcf.anl.gov,7173883.polaris-pbs-01.hsn.cm.polaris.alcf.anl.gov,/eagle/lc-mpi/Zhiqing/polaris_ebm/runs_long_k_multinode_sweep/pbs/S16_single_fullk_K400_b512_s20k_seed1.pbs,/eagle/lc-mpi/Zhiqing/polaris_ebm/runs_long_k_multinode_sweep/runs/M0/S16/S16_single_fullk_K400_b512_s20k_seed1,/eagle/lc-mpi/Zhiqing/polaris_ebm/runs_long_k_multinode_sweep/logs/S16_single_fullk_K400_b512_s20k_seed1.pbs.out,2026-05-28T00:25:59Z,submitted
S16_single_fullk_K800_b512_s20k_seed1,resume,7173961.polaris-pbs-01.hsn.cm.polaris.alcf.anl.gov,7173884.polaris-pbs-01.hsn.cm.polaris.alcf.anl.gov,/eagle/lc-mpi/Zhiqing/polaris_ebm/runs_long_k_multinode_sweep/pbs/S16_single_fullk_K800_b512_s20k_seed1.pbs,/eagle/lc-mpi/Zhiqing/polaris_ebm/runs_long_k_multinode_sweep/runs/M0/S16/S16_single_fullk_K800_b512_s20k_seed1,/eagle/lc-mpi/Zhiqing/polaris_ebm/runs_long_k_multinode_sweep/logs/S16_single_fullk_K800_b512_s20k_seed1.pbs.out,2026-05-28T00:25:59Z,submitted
S32_ddp_fullk_K1600_b1024_s20k_seed1,resume,7173962.polaris-pbs-01.hsn.cm.polaris.alcf.anl.gov,7173885.polaris-pbs-01.hsn.cm.polaris.alcf.anl.gov,/eagle/lc-mpi/Zhiqing/polaris_ebm/runs_long_k_multinode_sweep/pbs/S32_ddp_fullk_K1600_b1024_s20k_seed1.pbs,/eagle/lc-mpi/Zhiqing/polaris_ebm/runs_long_k_multinode_sweep/runs/M0/S32/S32_ddp_fullk_K1600_b1024_s20k_seed1,/eagle/lc-mpi/Zhiqing/polaris_ebm/runs_long_k_multinode_sweep/logs/S32_ddp_fullk_K1600_b1024_s20k_seed1.pbs.out,2026-05-28T00:25:59Z,submitted
S32_ddp_fullk_K400_b1024_s20k_seed1,resume,7173963.polaris-pbs-01.hsn.cm.polaris.alcf.anl.gov,7173886.polaris-pbs-01.hsn.cm.polaris.alcf.anl.gov,/eagle/lc-mpi/Zhiqing/polaris_ebm/runs_long_k_multinode_sweep/pbs/S32_ddp_fullk_K400_b1024_s20k_seed1.pbs,/eagle/lc-mpi/Zhiqing/polaris_ebm/runs_long_k_multinode_sweep/runs/M0/S32/S32_ddp_fullk_K400_b1024_s20k_seed1,/eagle/lc-mpi/Zhiqing/polaris_ebm/runs_long_k_multinode_sweep/logs/S32_ddp_fullk_K400_b1024_s20k_seed1.pbs.out,2026-05-28T00:25:59Z,submitted
S32_ddp_fullk_K800_b1024_s20k_seed1,resume,7173969.polaris-pbs-01.hsn.cm.polaris.alcf.anl.gov,7173887.polaris-pbs-01.hsn.cm.polaris.alcf.anl.gov,/eagle/lc-mpi/Zhiqing/polaris_ebm/runs_long_k_multinode_sweep/pbs/S32_ddp_fullk_K800_b1024_s20k_seed1.pbs,/eagle/lc-mpi/Zhiqing/polaris_ebm/runs_long_k_multinode_sweep/runs/M0/S32/S32_ddp_fullk_K800_b1024_s20k_seed1,/eagle/lc-mpi/Zhiqing/polaris_ebm/runs_long_k_multinode_sweep/logs/S32_ddp_fullk_K800_b1024_s20k_seed1.pbs.out,2026-05-28T00:35:20Z,submitted
S32_single_fullk_K1600_b1024_s20k_seed1,resume,7173970.polaris-pbs-01.hsn.cm.polaris.alcf.anl.gov,7173891.polaris-pbs-01.hsn.cm.polaris.alcf.anl.gov,/eagle/lc-mpi/Zhiqing/polaris_ebm/runs_long_k_multinode_sweep/pbs/S32_single_fullk_K1600_b1024_s20k_seed1.pbs,/eagle/lc-mpi/Zhiqing/polaris_ebm/runs_long_k_multinode_sweep/runs/M0/S32/S32_single_fullk_K1600_b1024_s20k_seed1,/eagle/lc-mpi/Zhiqing/polaris_ebm/runs_long_k_multinode_sweep/logs/S32_single_fullk_K1600_b1024_s20k_seed1.pbs.out,2026-05-28T00:35:20Z,submitted
S32_single_fullk_K400_b1024_s20k_seed1,resume,7173971.polaris-pbs-01.hsn.cm.polaris.alcf.anl.gov,7173892.polaris-pbs-01.hsn.cm.polaris.alcf.anl.gov,/eagle/lc-mpi/Zhiqing/polaris_ebm/runs_long_k_multinode_sweep/pbs/S32_single_fullk_K400_b1024_s20k_seed1.pbs,/eagle/lc-mpi/Zhiqing/polaris_ebm/runs_long_k_multinode_sweep/runs/M0/S32/S32_single_fullk_K400_b1024_s20k_seed1,/eagle/lc-mpi/Zhiqing/polaris_ebm/runs_long_k_multinode_sweep/logs/S32_single_fullk_K400_b1024_s20k_seed1.pbs.out,2026-05-28T00:35:20Z,submitted
S32_pipe_P32_equal_K1600_b1024_s20k_seed1,resume,7173982.polaris-pbs-01.hsn.cm.polaris.alcf.anl.gov,7173888.polaris-pbs-01.hsn.cm.polaris.alcf.anl.gov,/eagle/lc-mpi/Zhiqing/polaris_ebm/runs_long_k_multinode_sweep/pbs/S32_pipe_P32_equal_K1600_b1024_s20k_seed1.pbs,/eagle/lc-mpi/Zhiqing/polaris_ebm/runs_long_k_multinode_sweep/runs/M0/S32/S32_pipe_P32_equal_K1600_b1024_s20k_seed1,/eagle/lc-mpi/Zhiqing/polaris_ebm/runs_long_k_multinode_sweep/logs/S32_pipe_P32_equal_K1600_b1024_s20k_seed1.pbs.out,2026-05-28T00:56:01Z,submitted
S16_ddp_fullk_K800_b512_s20k_seed1,resume,7174004.polaris-pbs-01.hsn.cm.polaris.alcf.anl.gov,7173932.polaris-pbs-01.hsn.cm.polaris.alcf.anl.gov,/eagle/lc-mpi/Zhiqing/polaris_ebm/runs_long_k_multinode_sweep/pbs/S16_ddp_fullk_K800_b512_s20k_seed1.pbs,/eagle/lc-mpi/Zhiqing/polaris_ebm/runs_long_k_multinode_sweep/runs/M0/S16/S16_ddp_fullk_K800_b512_s20k_seed1,/eagle/lc-mpi/Zhiqing/polaris_ebm/runs_long_k_multinode_sweep/logs/S16_ddp_fullk_K800_b512_s20k_seed1.pbs.out,2026-05-28T01:26:03Z,submitted
S16_pipe_P16_equal_K1600_b512_s20k_seed1,resume,7174005.polaris-pbs-01.hsn.cm.polaris.alcf.anl.gov,7173933.polaris-pbs-01.hsn.cm.polaris.alcf.anl.gov,/eagle/lc-mpi/Zhiqing/polaris_ebm/runs_long_k_multinode_sweep/pbs/S16_pipe_P16_equal_K1600_b512_s20k_seed1.pbs,/eagle/lc-mpi/Zhiqing/polaris_ebm/runs_long_k_multinode_sweep/runs/M0/S16/S16_pipe_P16_equal_K1600_b512_s20k_seed1,/eagle/lc-mpi/Zhiqing/polaris_ebm/runs_long_k_multinode_sweep/logs/S16_pipe_P16_equal_K1600_b512_s20k_seed1.pbs.out,2026-05-28T01:26:03Z,submitted
S16_pipe_P16_equal_K400_b512_s20k_seed1,resume,7174006.polaris-pbs-01.hsn.cm.polaris.alcf.anl.gov,7173934.polaris-pbs-01.hsn.cm.polaris.alcf.anl.gov,/eagle/lc-mpi/Zhiqing/polaris_ebm/runs_long_k_multinode_sweep/pbs/S16_pipe_P16_equal_K400_b512_s20k_seed1.pbs,/eagle/lc-mpi/Zhiqing/polaris_ebm/runs_long_k_multinode_sweep/runs/M0/S16/S16_pipe_P16_equal_K400_b512_s20k_seed1,/eagle/lc-mpi/Zhiqing/polaris_ebm/runs_long_k_multinode_sweep/logs/S16_pipe_P16_equal_K400_b512_s20k_seed1.pbs.out,2026-05-28T01:26:03Z,submitted
S32_pipe_P32_equal_K400_b1024_s20k_seed1,resume,7174007.polaris-pbs-01.hsn.cm.polaris.alcf.anl.gov,7173889.polaris-pbs-01.hsn.cm.polaris.alcf.anl.gov,/eagle/lc-mpi/Zhiqing/polaris_ebm/runs_long_k_multinode_sweep/pbs/S32_pipe_P32_equal_K400_b1024_s20k_seed1.pbs,/eagle/lc-mpi/Zhiqing/polaris_ebm/runs_long_k_multinode_sweep/runs/M0/S32/S32_pipe_P32_equal_K400_b1024_s20k_seed1,/eagle/lc-mpi/Zhiqing/polaris_ebm/runs_long_k_multinode_sweep/logs/S32_pipe_P32_equal_K400_b1024_s20k_seed1.pbs.out,2026-05-28T01:26:03Z,submitted
S32_ddp_fullk_K1600_b1024_s20k_seed1,resume,7174049.polaris-pbs-01.hsn.cm.polaris.alcf.anl.gov,7173962.polaris-pbs-01.hsn.cm.polaris.alcf.anl.gov,/eagle/lc-mpi/Zhiqing/polaris_ebm/runs_long_k_multinode_sweep/pbs/S32_ddp_fullk_K1600_b1024_s20k_seed1.pbs,/eagle/lc-mpi/Zhiqing/polaris_ebm/runs_long_k_multinode_sweep/runs/M0/S32/S32_ddp_fullk_K1600_b1024_s20k_seed1,/eagle/lc-mpi/Zhiqing/polaris_ebm/runs_long_k_multinode_sweep/logs/S32_ddp_fullk_K1600_b1024_s20k_seed1.pbs.out,2026-05-28T01:56:09Z,submitted
S32_ddp_fullk_K400_b1024_s20k_seed1,resume,7174050.polaris-pbs-01.hsn.cm.polaris.alcf.anl.gov,7173963.polaris-pbs-01.hsn.cm.polaris.alcf.anl.gov,/eagle/lc-mpi/Zhiqing/polaris_ebm/runs_long_k_multinode_sweep/pbs/S32_ddp_fullk_K400_b1024_s20k_seed1.pbs,/eagle/lc-mpi/Zhiqing/polaris_ebm/runs_long_k_multinode_sweep/runs/M0/S32/S32_ddp_fullk_K400_b1024_s20k_seed1,/eagle/lc-mpi/Zhiqing/polaris_ebm/runs_long_k_multinode_sweep/logs/S32_ddp_fullk_K400_b1024_s20k_seed1.pbs.out,2026-05-28T01:56:09Z,submitted
S32_single_fullk_K400_b1024_s20k_seed1,resume,7174051.polaris-pbs-01.hsn.cm.polaris.alcf.anl.gov,7173971.polaris-pbs-01.hsn.cm.polaris.alcf.anl.gov,/eagle/lc-mpi/Zhiqing/polaris_ebm/runs_long_k_multinode_sweep/pbs/S32_single_fullk_K400_b1024_s20k_seed1.pbs,/eagle/lc-mpi/Zhiqing/polaris_ebm/runs_long_k_multinode_sweep/runs/M0/S32/S32_single_fullk_K400_b1024_s20k_seed1,/eagle/lc-mpi/Zhiqing/polaris_ebm/runs_long_k_multinode_sweep/logs/S32_single_fullk_K400_b1024_s20k_seed1.pbs.out,2026-05-28T01:56:09Z,submitted
S16_ddp_fullk_K1600_b512_s20k_seed1,resume,7174075.polaris-pbs-01.hsn.cm.polaris.alcf.anl.gov,7173930.polaris-pbs-01.hsn.cm.polaris.alcf.anl.gov,/eagle/lc-mpi/Zhiqing/polaris_ebm/runs_long_k_multinode_sweep/pbs/S16_ddp_fullk_K1600_b512_s20k_seed1.pbs,/eagle/lc-mpi/Zhiqing/polaris_ebm/runs_long_k_multinode_sweep/runs/M0/S16/S16_ddp_fullk_K1600_b512_s20k_seed1,/eagle/lc-mpi/Zhiqing/polaris_ebm/runs_long_k_multinode_sweep/logs/S16_ddp_fullk_K1600_b512_s20k_seed1.pbs.out,2026-05-28T02:26:18Z,submitted
S16_ddp_fullk_K400_b512_s20k_seed1,resume,7174076.polaris-pbs-01.hsn.cm.polaris.alcf.anl.gov,7173931.polaris-pbs-01.hsn.cm.polaris.alcf.anl.gov,/eagle/lc-mpi/Zhiqing/polaris_ebm/runs_long_k_multinode_sweep/pbs/S16_ddp_fullk_K400_b512_s20k_seed1.pbs,/eagle/lc-mpi/Zhiqing/polaris_ebm/runs_long_k_multinode_sweep/runs/M0/S16/S16_ddp_fullk_K400_b512_s20k_seed1,/eagle/lc-mpi/Zhiqing/polaris_ebm/runs_long_k_multinode_sweep/logs/S16_ddp_fullk_K400_b512_s20k_seed1.pbs.out,2026-05-28T02:26:18Z,submitted
S16_pipe_P16_equal_K400_b512_s20k_seed1,resume,7174077.polaris-pbs-01.hsn.cm.polaris.alcf.anl.gov,7174006.polaris-pbs-01.hsn.cm.polaris.alcf.anl.gov,/eagle/lc-mpi/Zhiqing/polaris_ebm/runs_long_k_multinode_sweep/pbs/S16_pipe_P16_equal_K400_b512_s20k_seed1.pbs,/eagle/lc-mpi/Zhiqing/polaris_ebm/runs_long_k_multinode_sweep/runs/M0/S16/S16_pipe_P16_equal_K400_b512_s20k_seed1,/eagle/lc-mpi/Zhiqing/polaris_ebm/runs_long_k_multinode_sweep/logs/S16_pipe_P16_equal_K400_b512_s20k_seed1.pbs.out,2026-05-28T02:26:18Z,submitted
S16_pipe_P16_equal_K800_b512_s20k_seed1,resume,7174078.polaris-pbs-01.hsn.cm.polaris.alcf.anl.gov,7173935.polaris-pbs-01.hsn.cm.polaris.alcf.anl.gov,/eagle/lc-mpi/Zhiqing/polaris_ebm/runs_long_k_multinode_sweep/pbs/S16_pipe_P16_equal_K800_b512_s20k_seed1.pbs,/eagle/lc-mpi/Zhiqing/polaris_ebm/runs_long_k_multinode_sweep/runs/M0/S16/S16_pipe_P16_equal_K800_b512_s20k_seed1,/eagle/lc-mpi/Zhiqing/polaris_ebm/runs_long_k_multinode_sweep/logs/S16_pipe_P16_equal_K800_b512_s20k_seed1.pbs.out,2026-05-28T02:26:18Z,submitted
S32_pipe_P32_equal_K400_b1024_s20k_seed1,resume,7174079.polaris-pbs-01.hsn.cm.polaris.alcf.anl.gov,7174007.polaris-pbs-01.hsn.cm.polaris.alcf.anl.gov,/eagle/lc-mpi/Zhiqing/polaris_ebm/runs_long_k_multinode_sweep/pbs/S32_pipe_P32_equal_K400_b1024_s20k_seed1.pbs,/eagle/lc-mpi/Zhiqing/polaris_ebm/runs_long_k_multinode_sweep/runs/M0/S32/S32_pipe_P32_equal_K400_b1024_s20k_seed1,/eagle/lc-mpi/Zhiqing/polaris_ebm/runs_long_k_multinode_sweep/logs/S32_pipe_P32_equal_K400_b1024_s20k_seed1.pbs.out,2026-05-28T02:26:18Z,submitted
S16_single_fullk_K400_b512_s20k_seed1,resume,7174103.polaris-pbs-01.hsn.cm.polaris.alcf.anl.gov,7173960.polaris-pbs-01.hsn.cm.polaris.alcf.anl.gov,/eagle/lc-mpi/Zhiqing/polaris_ebm/runs_long_k_multinode_sweep/pbs/S16_single_fullk_K400_b512_s20k_seed1.pbs,/eagle/lc-mpi/Zhiqing/polaris_ebm/runs_long_k_multinode_sweep/runs/M0/S16/S16_single_fullk_K400_b512_s20k_seed1,/eagle/lc-mpi/Zhiqing/polaris_ebm/runs_long_k_multinode_sweep/logs/S16_single_fullk_K400_b512_s20k_seed1.pbs.out,2026-05-28T02:56:28Z,submitted
S16_single_fullk_K800_b512_s20k_seed1,resume,7174104.polaris-pbs-01.hsn.cm.polaris.alcf.anl.gov,7173961.polaris-pbs-01.hsn.cm.polaris.alcf.anl.gov,/eagle/lc-mpi/Zhiqing/polaris_ebm/runs_long_k_multinode_sweep/pbs/S16_single_fullk_K800_b512_s20k_seed1.pbs,/eagle/lc-mpi/Zhiqing/polaris_ebm/runs_long_k_multinode_sweep/runs/M0/S16/S16_single_fullk_K800_b512_s20k_seed1,/eagle/lc-mpi/Zhiqing/polaris_ebm/runs_long_k_multinode_sweep/logs/S16_single_fullk_K800_b512_s20k_seed1.pbs.out,2026-05-28T02:56:28Z,submitted
S32_ddp_fullk_K800_b1024_s20k_seed1,resume,7174105.polaris-pbs-01.hsn.cm.polaris.alcf.anl.gov,7173969.polaris-pbs-01.hsn.cm.polaris.alcf.anl.gov,/eagle/lc-mpi/Zhiqing/polaris_ebm/runs_long_k_multinode_sweep/pbs/S32_ddp_fullk_K800_b1024_s20k_seed1.pbs,/eagle/lc-mpi/Zhiqing/polaris_ebm/runs_long_k_multinode_sweep/runs/M0/S32/S32_ddp_fullk_K800_b1024_s20k_seed1,/eagle/lc-mpi/Zhiqing/polaris_ebm/runs_long_k_multinode_sweep/logs/S32_ddp_fullk_K800_b1024_s20k_seed1.pbs.out,2026-05-28T02:56:28Z,submitted
S32_pipe_P32_equal_K1600_b1024_s20k_seed1,resume,7174106.polaris-pbs-01.hsn.cm.polaris.alcf.anl.gov,7173982.polaris-pbs-01.hsn.cm.polaris.alcf.anl.gov,/eagle/lc-mpi/Zhiqing/polaris_ebm/runs_long_k_multinode_sweep/pbs/S32_pipe_P32_equal_K1600_b1024_s20k_seed1.pbs,/eagle/lc-mpi/Zhiqing/polaris_ebm/runs_long_k_multinode_sweep/runs/M0/S32/S32_pipe_P32_equal_K1600_b1024_s20k_seed1,/eagle/lc-mpi/Zhiqing/polaris_ebm/runs_long_k_multinode_sweep/logs/S32_pipe_P32_equal_K1600_b1024_s20k_seed1.pbs.out,2026-05-28T02:56:28Z,submitted
S16_ddp_fullk_K800_b512_s20k_seed1,resume,7174135.polaris-pbs-01.hsn.cm.polaris.alcf.anl.gov,7174004.polaris-pbs-01.hsn.cm.polaris.alcf.anl.gov,/eagle/lc-mpi/Zhiqing/polaris_ebm/runs_long_k_multinode_sweep/pbs/S16_ddp_fullk_K800_b512_s20k_seed1.pbs,/eagle/lc-mpi/Zhiqing/polaris_ebm/runs_long_k_multinode_sweep/runs/M0/S16/S16_ddp_fullk_K800_b512_s20k_seed1,/eagle/lc-mpi/Zhiqing/polaris_ebm/runs_long_k_multinode_sweep/logs/S16_ddp_fullk_K800_b512_s20k_seed1.pbs.out,2026-05-28T03:26:30Z,submitted
S16_pipe_P16_equal_K400_b512_s20k_seed1,resume,7174136.polaris-pbs-01.hsn.cm.polaris.alcf.anl.gov,7174077.polaris-pbs-01.hsn.cm.polaris.alcf.anl.gov,/eagle/lc-mpi/Zhiqing/polaris_ebm/runs_long_k_multinode_sweep/pbs/S16_pipe_P16_equal_K400_b512_s20k_seed1.pbs,/eagle/lc-mpi/Zhiqing/polaris_ebm/runs_long_k_multinode_sweep/runs/M0/S16/S16_pipe_P16_equal_K400_b512_s20k_seed1,/eagle/lc-mpi/Zhiqing/polaris_ebm/runs_long_k_multinode_sweep/logs/S16_pipe_P16_equal_K400_b512_s20k_seed1.pbs.out,2026-05-28T03:26:30Z,submitted
S32_ddp_fullk_K800_b1024_s20k_seed1,resume,7174137.polaris-pbs-01.hsn.cm.polaris.alcf.anl.gov,7174105.polaris-pbs-01.hsn.cm.polaris.alcf.anl.gov,/eagle/lc-mpi/Zhiqing/polaris_ebm/runs_long_k_multinode_sweep/pbs/S32_ddp_fullk_K800_b1024_s20k_seed1.pbs,/eagle/lc-mpi/Zhiqing/polaris_ebm/runs_long_k_multinode_sweep/runs/M0/S32/S32_ddp_fullk_K800_b1024_s20k_seed1,/eagle/lc-mpi/Zhiqing/polaris_ebm/runs_long_k_multinode_sweep/logs/S32_ddp_fullk_K800_b1024_s20k_seed1.pbs.out,2026-05-28T03:26:30Z,submitted
S32_pipe_P32_equal_K400_b1024_s20k_seed1,resume,7174138.polaris-pbs-01.hsn.cm.polaris.alcf.anl.gov,7174079.polaris-pbs-01.hsn.cm.polaris.alcf.anl.gov,/eagle/lc-mpi/Zhiqing/polaris_ebm/runs_long_k_multinode_sweep/pbs/S32_pipe_P32_equal_K400_b1024_s20k_seed1.pbs,/eagle/lc-mpi/Zhiqing/polaris_ebm/runs_long_k_multinode_sweep/runs/M0/S32/S32_pipe_P32_equal_K400_b1024_s20k_seed1,/eagle/lc-mpi/Zhiqing/polaris_ebm/runs_long_k_multinode_sweep/logs/S32_pipe_P32_equal_K400_b1024_s20k_seed1.pbs.out,2026-05-28T03:26:30Z,submitted
S16_pipe_P16_equal_K1600_b512_s20k_seed1,resume,7174186.polaris-pbs-01.hsn.cm.polaris.alcf.anl.gov,7174005.polaris-pbs-01.hsn.cm.polaris.alcf.anl.gov,/eagle/lc-mpi/Zhiqing/polaris_ebm/runs_long_k_multinode_sweep/pbs/S16_pipe_P16_equal_K1600_b512_s20k_seed1.pbs,/eagle/lc-mpi/Zhiqing/polaris_ebm/runs_long_k_multinode_sweep/runs/M0/S16/S16_pipe_P16_equal_K1600_b512_s20k_seed1,/eagle/lc-mpi/Zhiqing/polaris_ebm/runs_long_k_multinode_sweep/logs/S16_pipe_P16_equal_K1600_b512_s20k_seed1.pbs.out,2026-05-28T03:56:33Z,submitted
S16_pipe_P16_equal_K400_b512_s20k_seed1,resume,7174187.polaris-pbs-01.hsn.cm.polaris.alcf.anl.gov,7174136.polaris-pbs-01.hsn.cm.polaris.alcf.anl.gov,/eagle/lc-mpi/Zhiqing/polaris_ebm/runs_long_k_multinode_sweep/pbs/S16_pipe_P16_equal_K400_b512_s20k_seed1.pbs,/eagle/lc-mpi/Zhiqing/polaris_ebm/runs_long_k_multinode_sweep/runs/M0/S16/S16_pipe_P16_equal_K400_b512_s20k_seed1,/eagle/lc-mpi/Zhiqing/polaris_ebm/runs_long_k_multinode_sweep/logs/S16_pipe_P16_equal_K400_b512_s20k_seed1.pbs.out,2026-05-28T03:56:33Z,submitted
S32_ddp_fullk_K1600_b1024_s20k_seed1,resume,7174188.polaris-pbs-01.hsn.cm.polaris.alcf.anl.gov,7174049.polaris-pbs-01.hsn.cm.polaris.alcf.anl.gov,/eagle/lc-mpi/Zhiqing/polaris_ebm/runs_long_k_multinode_sweep/pbs/S32_ddp_fullk_K1600_b1024_s20k_seed1.pbs,/eagle/lc-mpi/Zhiqing/polaris_ebm/runs_long_k_multinode_sweep/runs/M0/S32/S32_ddp_fullk_K1600_b1024_s20k_seed1,/eagle/lc-mpi/Zhiqing/polaris_ebm/runs_long_k_multinode_sweep/logs/S32_ddp_fullk_K1600_b1024_s20k_seed1.pbs.out,2026-05-28T03:56:33Z,submitted
S32_pipe_P32_equal_K1600_b1024_s20k_seed1,resume,7174189.polaris-pbs-01.hsn.cm.polaris.alcf.anl.gov,7174106.polaris-pbs-01.hsn.cm.polaris.alcf.anl.gov,/eagle/lc-mpi/Zhiqing/polaris_ebm/runs_long_k_multinode_sweep/pbs/S32_pipe_P32_equal_K1600_b1024_s20k_seed1.pbs,/eagle/lc-mpi/Zhiqing/polaris_ebm/runs_long_k_multinode_sweep/runs/M0/S32/S32_pipe_P32_equal_K1600_b1024_s20k_seed1,/eagle/lc-mpi/Zhiqing/polaris_ebm/runs_long_k_multinode_sweep/logs/S32_pipe_P32_equal_K1600_b1024_s20k_seed1.pbs.out,2026-05-28T03:56:33Z,submitted
S32_ddp_fullk_K800_b1024_s20k_seed1,resume,7174336.polaris-pbs-01.hsn.cm.polaris.alcf.anl.gov,7174137.polaris-pbs-01.hsn.cm.polaris.alcf.anl.gov,/eagle/lc-mpi/Zhiqing/polaris_ebm/runs_long_k_multinode_sweep/pbs/S32_ddp_fullk_K800_b1024_s20k_seed1.pbs,/eagle/lc-mpi/Zhiqing/polaris_ebm/runs_long_k_multinode_sweep/runs/M0/S32/S32_ddp_fullk_K800_b1024_s20k_seed1,/eagle/lc-mpi/Zhiqing/polaris_ebm/runs_long_k_multinode_sweep/logs/S32_ddp_fullk_K800_b1024_s20k_seed1.pbs.out,2026-05-28T06:26:56Z,submitted
S32_pipe_P32_equal_K400_b1024_s20k_seed1,resume,7174358.polaris-pbs-01.hsn.cm.polaris.alcf.anl.gov,7174138.polaris-pbs-01.hsn.cm.polaris.alcf.anl.gov,/eagle/lc-mpi/Zhiqing/polaris_ebm/runs_long_k_multinode_sweep/pbs/S32_pipe_P32_equal_K400_b1024_s20k_seed1.pbs,/eagle/lc-mpi/Zhiqing/polaris_ebm/runs_long_k_multinode_sweep/runs/M0/S32/S32_pipe_P32_equal_K400_b1024_s20k_seed1,/eagle/lc-mpi/Zhiqing/polaris_ebm/runs_long_k_multinode_sweep/logs/S32_pipe_P32_equal_K400_b1024_s20k_seed1.pbs.out,2026-05-28T06:57:06Z,submitted
S16_pipe_P16_equal_K1600_b512_s20k_seed1,resume,7174406.polaris-pbs-01.hsn.cm.polaris.alcf.anl.gov,7174186.polaris-pbs-01.hsn.cm.polaris.alcf.anl.gov,/eagle/lc-mpi/Zhiqing/polaris_ebm/runs_long_k_multinode_sweep/pbs/S16_pipe_P16_equal_K1600_b512_s20k_seed1.pbs,/eagle/lc-mpi/Zhiqing/polaris_ebm/runs_long_k_multinode_sweep/runs/M0/S16/S16_pipe_P16_equal_K1600_b512_s20k_seed1,/eagle/lc-mpi/Zhiqing/polaris_ebm/runs_long_k_multinode_sweep/logs/S16_pipe_P16_equal_K1600_b512_s20k_seed1.pbs.out,2026-05-28T07:27:08Z,submitted
S32_ddp_fullk_K400_b1024_s20k_seed1,resume,7174407.polaris-pbs-01.hsn.cm.polaris.alcf.anl.gov,7174050.polaris-pbs-01.hsn.cm.polaris.alcf.anl.gov,/eagle/lc-mpi/Zhiqing/polaris_ebm/runs_long_k_multinode_sweep/pbs/S32_ddp_fullk_K400_b1024_s20k_seed1.pbs,/eagle/lc-mpi/Zhiqing/polaris_ebm/runs_long_k_multinode_sweep/runs/M0/S32/S32_ddp_fullk_K400_b1024_s20k_seed1,/eagle/lc-mpi/Zhiqing/polaris_ebm/runs_long_k_multinode_sweep/logs/S32_ddp_fullk_K400_b1024_s20k_seed1.pbs.out,2026-05-28T07:27:08Z,submitted
S32_ddp_fullk_K1600_b1024_s20k_seed1,resume,7174458.polaris-pbs-01.hsn.cm.polaris.alcf.anl.gov,7174188.polaris-pbs-01.hsn.cm.polaris.alcf.anl.gov,/eagle/lc-mpi/Zhiqing/polaris_ebm/runs_long_k_multinode_sweep/pbs/S32_ddp_fullk_K1600_b1024_s20k_seed1.pbs,/eagle/lc-mpi/Zhiqing/polaris_ebm/runs_long_k_multinode_sweep/runs/M0/S32/S32_ddp_fullk_K1600_b1024_s20k_seed1,/eagle/lc-mpi/Zhiqing/polaris_ebm/runs_long_k_multinode_sweep/logs/S32_ddp_fullk_K1600_b1024_s20k_seed1.pbs.out,2026-05-28T07:57:10Z,submitted
S16_ddp_fullk_K1600_b512_s20k_seed1,resume,7174778.polaris-pbs-01.hsn.cm.polaris.alcf.anl.gov,7174075.polaris-pbs-01.hsn.cm.polaris.alcf.anl.gov,/eagle/lc-mpi/Zhiqing/polaris_ebm/runs_long_k_multinode_sweep/pbs/S16_ddp_fullk_K1600_b512_s20k_seed1.pbs,/eagle/lc-mpi/Zhiqing/polaris_ebm/runs_long_k_multinode_sweep/runs/M0/S16/S16_ddp_fullk_K1600_b512_s20k_seed1,/eagle/lc-mpi/Zhiqing/polaris_ebm/runs_long_k_multinode_sweep/logs/S16_ddp_fullk_K1600_b512_s20k_seed1.pbs.out,2026-05-28T15:58:24Z,submitted
S16_ddp_fullk_K400_b512_s20k_seed1,resume,7174779.polaris-pbs-01.hsn.cm.polaris.alcf.anl.gov,7174076.polaris-pbs-01.hsn.cm.polaris.alcf.anl.gov,/eagle/lc-mpi/Zhiqing/polaris_ebm/runs_long_k_multinode_sweep/pbs/S16_ddp_fullk_K400_b512_s20k_seed1.pbs,/eagle/lc-mpi/Zhiqing/polaris_ebm/runs_long_k_multinode_sweep/runs/M0/S16/S16_ddp_fullk_K400_b512_s20k_seed1,/eagle/lc-mpi/Zhiqing/polaris_ebm/runs_long_k_multinode_sweep/logs/S16_ddp_fullk_K400_b512_s20k_seed1.pbs.out,2026-05-28T15:58:24Z,submitted
S16_ddp_fullk_K800_b512_s20k_seed1,resume,7174780.polaris-pbs-01.hsn.cm.polaris.alcf.anl.gov,7174135.polaris-pbs-01.hsn.cm.polaris.alcf.anl.gov,/eagle/lc-mpi/Zhiqing/polaris_ebm/runs_long_k_multinode_sweep/pbs/S16_ddp_fullk_K800_b512_s20k_seed1.pbs,/eagle/lc-mpi/Zhiqing/polaris_ebm/runs_long_k_multinode_sweep/runs/M0/S16/S16_ddp_fullk_K800_b512_s20k_seed1,/eagle/lc-mpi/Zhiqing/polaris_ebm/runs_long_k_multinode_sweep/logs/S16_ddp_fullk_K800_b512_s20k_seed1.pbs.out,2026-05-28T15:58:24Z,submitted
S16_single_fullk_K1600_b512_s20k_seed1,resume,7174781.polaris-pbs-01.hsn.cm.polaris.alcf.anl.gov,7173936.polaris-pbs-01.hsn.cm.polaris.alcf.anl.gov,/eagle/lc-mpi/Zhiqing/polaris_ebm/runs_long_k_multinode_sweep/pbs/S16_single_fullk_K1600_b512_s20k_seed1.pbs,/eagle/lc-mpi/Zhiqing/polaris_ebm/runs_long_k_multinode_sweep/runs/M0/S16/S16_single_fullk_K1600_b512_s20k_seed1,/eagle/lc-mpi/Zhiqing/polaris_ebm/runs_long_k_multinode_sweep/logs/S16_single_fullk_K1600_b512_s20k_seed1.pbs.out,2026-05-28T15:58:24Z,submitted
S16_single_fullk_K800_b512_s20k_seed1,resume,7174782.polaris-pbs-01.hsn.cm.polaris.alcf.anl.gov,7174104.polaris-pbs-01.hsn.cm.polaris.alcf.anl.gov,/eagle/lc-mpi/Zhiqing/polaris_ebm/runs_long_k_multinode_sweep/pbs/S16_single_fullk_K800_b512_s20k_seed1.pbs,/eagle/lc-mpi/Zhiqing/polaris_ebm/runs_long_k_multinode_sweep/runs/M0/S16/S16_single_fullk_K800_b512_s20k_seed1,/eagle/lc-mpi/Zhiqing/polaris_ebm/runs_long_k_multinode_sweep/logs/S16_single_fullk_K800_b512_s20k_seed1.pbs.out,2026-05-28T15:58:24Z,submitted
S32_ddp_fullk_K1600_b1024_s20k_seed1,resume,7174783.polaris-pbs-01.hsn.cm.polaris.alcf.anl.gov,7174458.polaris-pbs-01.hsn.cm.polaris.alcf.anl.gov,/eagle/lc-mpi/Zhiqing/polaris_ebm/runs_long_k_multinode_sweep/pbs/S32_ddp_fullk_K1600_b1024_s20k_seed1.pbs,/eagle/lc-mpi/Zhiqing/polaris_ebm/runs_long_k_multinode_sweep/runs/M0/S32/S32_ddp_fullk_K1600_b1024_s20k_seed1,/eagle/lc-mpi/Zhiqing/polaris_ebm/runs_long_k_multinode_sweep/logs/S32_ddp_fullk_K1600_b1024_s20k_seed1.pbs.out,2026-05-28T15:58:24Z,submitted
S32_ddp_fullk_K400_b1024_s20k_seed1,resume,7174784.polaris-pbs-01.hsn.cm.polaris.alcf.anl.gov,7174407.polaris-pbs-01.hsn.cm.polaris.alcf.anl.gov,/eagle/lc-mpi/Zhiqing/polaris_ebm/runs_long_k_multinode_sweep/pbs/S32_ddp_fullk_K400_b1024_s20k_seed1.pbs,/eagle/lc-mpi/Zhiqing/polaris_ebm/runs_long_k_multinode_sweep/runs/M0/S32/S32_ddp_fullk_K400_b1024_s20k_seed1,/eagle/lc-mpi/Zhiqing/polaris_ebm/runs_long_k_multinode_sweep/logs/S32_ddp_fullk_K400_b1024_s20k_seed1.pbs.out,2026-05-28T15:58:24Z,submitted
S32_ddp_fullk_K800_b1024_s20k_seed1,resume,7174785.polaris-pbs-01.hsn.cm.polaris.alcf.anl.gov,7174336.polaris-pbs-01.hsn.cm.polaris.alcf.anl.gov,/eagle/lc-mpi/Zhiqing/polaris_ebm/runs_long_k_multinode_sweep/pbs/S32_ddp_fullk_K800_b1024_s20k_seed1.pbs,/eagle/lc-mpi/Zhiqing/polaris_ebm/runs_long_k_multinode_sweep/runs/M0/S32/S32_ddp_fullk_K800_b1024_s20k_seed1,/eagle/lc-mpi/Zhiqing/polaris_ebm/runs_long_k_multinode_sweep/logs/S32_ddp_fullk_K800_b1024_s20k_seed1.pbs.out,2026-05-28T15:58:24Z,submitted
S32_single_fullk_K1600_b1024_s20k_seed1,resume,7174786.polaris-pbs-01.hsn.cm.polaris.alcf.anl.gov,7173970.polaris-pbs-01.hsn.cm.polaris.alcf.anl.gov,/eagle/lc-mpi/Zhiqing/polaris_ebm/runs_long_k_multinode_sweep/pbs/S32_single_fullk_K1600_b1024_s20k_seed1.pbs,/eagle/lc-mpi/Zhiqing/polaris_ebm/runs_long_k_multinode_sweep/runs/M0/S32/S32_single_fullk_K1600_b1024_s20k_seed1,/eagle/lc-mpi/Zhiqing/polaris_ebm/runs_long_k_multinode_sweep/logs/S32_single_fullk_K1600_b1024_s20k_seed1.pbs.out,2026-05-28T15:58:24Z,submitted
S32_single_fullk_K400_b1024_s20k_seed1,resume,7174787.polaris-pbs-01.hsn.cm.polaris.alcf.anl.gov,7174051.polaris-pbs-01.hsn.cm.polaris.alcf.anl.gov,/eagle/lc-mpi/Zhiqing/polaris_ebm/runs_long_k_multinode_sweep/pbs/S32_single_fullk_K400_b1024_s20k_seed1.pbs,/eagle/lc-mpi/Zhiqing/polaris_ebm/runs_long_k_multinode_sweep/runs/M0/S32/S32_single_fullk_K400_b1024_s20k_seed1,/eagle/lc-mpi/Zhiqing/polaris_ebm/runs_long_k_multinode_sweep/logs/S32_single_fullk_K400_b1024_s20k_seed1.pbs.out,2026-05-28T15:58:24Z,submitted
S16_ddp_fullk_K1600_b512_s20k_seed1,resume,7174825.polaris-pbs-01.hsn.cm.polaris.alcf.anl.gov,7174778.polaris-pbs-01.hsn.cm.polaris.alcf.anl.gov,/eagle/lc-mpi/Zhiqing/polaris_ebm/runs_long_k_multinode_sweep/pbs/S16_ddp_fullk_K1600_b512_s20k_seed1.pbs,/eagle/lc-mpi/Zhiqing/polaris_ebm/runs_long_k_multinode_sweep/runs/M0/S16/S16_ddp_fullk_K1600_b512_s20k_seed1,/eagle/lc-mpi/Zhiqing/polaris_ebm/runs_long_k_multinode_sweep/logs/S16_ddp_fullk_K1600_b512_s20k_seed1.pbs.out,2026-05-28T16:28:31Z,submitted
S16_ddp_fullk_K400_b512_s20k_seed1,resume,7174826.polaris-pbs-01.hsn.cm.polaris.alcf.anl.gov,7174779.polaris-pbs-01.hsn.cm.polaris.alcf.anl.gov,/eagle/lc-mpi/Zhiqing/polaris_ebm/runs_long_k_multinode_sweep/pbs/S16_ddp_fullk_K400_b512_s20k_seed1.pbs,/eagle/lc-mpi/Zhiqing/polaris_ebm/runs_long_k_multinode_sweep/runs/M0/S16/S16_ddp_fullk_K400_b512_s20k_seed1,/eagle/lc-mpi/Zhiqing/polaris_ebm/runs_long_k_multinode_sweep/logs/S16_ddp_fullk_K400_b512_s20k_seed1.pbs.out,2026-05-28T16:28:31Z,submitted
S16_ddp_fullk_K800_b512_s20k_seed1,resume,7174827.polaris-pbs-01.hsn.cm.polaris.alcf.anl.gov,7174780.polaris-pbs-01.hsn.cm.polaris.alcf.anl.gov,/eagle/lc-mpi/Zhiqing/polaris_ebm/runs_long_k_multinode_sweep/pbs/S16_ddp_fullk_K800_b512_s20k_seed1.pbs,/eagle/lc-mpi/Zhiqing/polaris_ebm/runs_long_k_multinode_sweep/runs/M0/S16/S16_ddp_fullk_K800_b512_s20k_seed1,/eagle/lc-mpi/Zhiqing/polaris_ebm/runs_long_k_multinode_sweep/logs/S16_ddp_fullk_K800_b512_s20k_seed1.pbs.out,2026-05-28T16:28:31Z,submitted
S16_pipe_P16_equal_K1600_b512_s20k_seed1,resume,7174828.polaris-pbs-01.hsn.cm.polaris.alcf.anl.gov,7174406.polaris-pbs-01.hsn.cm.polaris.alcf.anl.gov,/eagle/lc-mpi/Zhiqing/polaris_ebm/runs_long_k_multinode_sweep/pbs/S16_pipe_P16_equal_K1600_b512_s20k_seed1.pbs,/eagle/lc-mpi/Zhiqing/polaris_ebm/runs_long_k_multinode_sweep/runs/M0/S16/S16_pipe_P16_equal_K1600_b512_s20k_seed1,/eagle/lc-mpi/Zhiqing/polaris_ebm/runs_long_k_multinode_sweep/logs/S16_pipe_P16_equal_K1600_b512_s20k_seed1.pbs.out,2026-05-28T16:28:31Z,submitted
S16_pipe_P16_equal_K400_b512_s20k_seed1,resume,7174829.polaris-pbs-01.hsn.cm.polaris.alcf.anl.gov,7174187.polaris-pbs-01.hsn.cm.polaris.alcf.anl.gov,/eagle/lc-mpi/Zhiqing/polaris_ebm/runs_long_k_multinode_sweep/pbs/S16_pipe_P16_equal_K400_b512_s20k_seed1.pbs,/eagle/lc-mpi/Zhiqing/polaris_ebm/runs_long_k_multinode_sweep/runs/M0/S16/S16_pipe_P16_equal_K400_b512_s20k_seed1,/eagle/lc-mpi/Zhiqing/polaris_ebm/runs_long_k_multinode_sweep/logs/S16_pipe_P16_equal_K400_b512_s20k_seed1.pbs.out,2026-05-28T16:28:31Z,submitted
S32_ddp_fullk_K1600_b1024_s20k_seed1,resume,7174830.polaris-pbs-01.hsn.cm.polaris.alcf.anl.gov,7174783.polaris-pbs-01.hsn.cm.polaris.alcf.anl.gov,/eagle/lc-mpi/Zhiqing/polaris_ebm/runs_long_k_multinode_sweep/pbs/S32_ddp_fullk_K1600_b1024_s20k_seed1.pbs,/eagle/lc-mpi/Zhiqing/polaris_ebm/runs_long_k_multinode_sweep/runs/M0/S32/S32_ddp_fullk_K1600_b1024_s20k_seed1,/eagle/lc-mpi/Zhiqing/polaris_ebm/runs_long_k_multinode_sweep/logs/S32_ddp_fullk_K1600_b1024_s20k_seed1.pbs.out,2026-05-28T16:28:31Z,submitted
S32_ddp_fullk_K800_b1024_s20k_seed1,resume,7174831.polaris-pbs-01.hsn.cm.polaris.alcf.anl.gov,7174785.polaris-pbs-01.hsn.cm.polaris.alcf.anl.gov,/eagle/lc-mpi/Zhiqing/polaris_ebm/runs_long_k_multinode_sweep/pbs/S32_ddp_fullk_K800_b1024_s20k_seed1.pbs,/eagle/lc-mpi/Zhiqing/polaris_ebm/runs_long_k_multinode_sweep/runs/M0/S32/S32_ddp_fullk_K800_b1024_s20k_seed1,/eagle/lc-mpi/Zhiqing/polaris_ebm/runs_long_k_multinode_sweep/logs/S32_ddp_fullk_K800_b1024_s20k_seed1.pbs.out,2026-05-28T16:28:31Z,submitted
S32_pipe_P32_equal_K400_b1024_s20k_seed1,resume,7174832.polaris-pbs-01.hsn.cm.polaris.alcf.anl.gov,7174358.polaris-pbs-01.hsn.cm.polaris.alcf.anl.gov,/eagle/lc-mpi/Zhiqing/polaris_ebm/runs_long_k_multinode_sweep/pbs/S32_pipe_P32_equal_K400_b1024_s20k_seed1.pbs,/eagle/lc-mpi/Zhiqing/polaris_ebm/runs_long_k_multinode_sweep/runs/M0/S32/S32_pipe_P32_equal_K400_b1024_s20k_seed1,/eagle/lc-mpi/Zhiqing/polaris_ebm/runs_long_k_multinode_sweep/logs/S32_pipe_P32_equal_K400_b1024_s20k_seed1.pbs.out,2026-05-28T16:28:31Z,submitted
S32_single_fullk_K400_b1024_s20k_seed1,resume,7174833.polaris-pbs-01.hsn.cm.polaris.alcf.anl.gov,7174787.polaris-pbs-01.hsn.cm.polaris.alcf.anl.gov,/eagle/lc-mpi/Zhiqing/polaris_ebm/runs_long_k_multinode_sweep/pbs/S32_single_fullk_K400_b1024_s20k_seed1.pbs,/eagle/lc-mpi/Zhiqing/polaris_ebm/runs_long_k_multinode_sweep/runs/M0/S32/S32_single_fullk_K400_b1024_s20k_seed1,/eagle/lc-mpi/Zhiqing/polaris_ebm/runs_long_k_multinode_sweep/logs/S32_single_fullk_K400_b1024_s20k_seed1.pbs.out,2026-05-28T16:28:31Z,submitted
S32_single_fullk_K800_b1024_s20k_seed1,resume,7174834.polaris-pbs-01.hsn.cm.polaris.alcf.anl.gov,7173893.polaris-pbs-01.hsn.cm.polaris.alcf.anl.gov,/eagle/lc-mpi/Zhiqing/polaris_ebm/runs_long_k_multinode_sweep/pbs/S32_single_fullk_K800_b1024_s20k_seed1.pbs,/eagle/lc-mpi/Zhiqing/polaris_ebm/runs_long_k_multinode_sweep/runs/M0/S32/S32_single_fullk_K800_b1024_s20k_seed1,/eagle/lc-mpi/Zhiqing/polaris_ebm/runs_long_k_multinode_sweep/logs/S32_single_fullk_K800_b1024_s20k_seed1.pbs.out,2026-05-28T16:28:31Z,submitted
S16_ddp_fullk_K400_b512_s20k_seed1,resume,7174862.polaris-pbs-01.hsn.cm.polaris.alcf.anl.gov,7174826.polaris-pbs-01.hsn.cm.polaris.alcf.anl.gov,/eagle/lc-mpi/Zhiqing/polaris_ebm/runs_long_k_multinode_sweep/pbs/S16_ddp_fullk_K400_b512_s20k_seed1.pbs,/eagle/lc-mpi/Zhiqing/polaris_ebm/runs_long_k_multinode_sweep/runs/M0/S16/S16_ddp_fullk_K400_b512_s20k_seed1,/eagle/lc-mpi/Zhiqing/polaris_ebm/runs_long_k_multinode_sweep/logs/S16_ddp_fullk_K400_b512_s20k_seed1.pbs.out,2026-05-28T16:58:37Z,submitted
S16_ddp_fullk_K800_b512_s20k_seed1,resume,7174863.polaris-pbs-01.hsn.cm.polaris.alcf.anl.gov,7174827.polaris-pbs-01.hsn.cm.polaris.alcf.anl.gov,/eagle/lc-mpi/Zhiqing/polaris_ebm/runs_long_k_multinode_sweep/pbs/S16_ddp_fullk_K800_b512_s20k_seed1.pbs,/eagle/lc-mpi/Zhiqing/polaris_ebm/runs_long_k_multinode_sweep/runs/M0/S16/S16_ddp_fullk_K800_b512_s20k_seed1,/eagle/lc-mpi/Zhiqing/polaris_ebm/runs_long_k_multinode_sweep/logs/S16_ddp_fullk_K800_b512_s20k_seed1.pbs.out,2026-05-28T16:58:37Z,submitted
S16_pipe_P16_equal_K1600_b512_s20k_seed1,resume,7174864.polaris-pbs-01.hsn.cm.polaris.alcf.anl.gov,7174828.polaris-pbs-01.hsn.cm.polaris.alcf.anl.gov,/eagle/lc-mpi/Zhiqing/polaris_ebm/runs_long_k_multinode_sweep/pbs/S16_pipe_P16_equal_K1600_b512_s20k_seed1.pbs,/eagle/lc-mpi/Zhiqing/polaris_ebm/runs_long_k_multinode_sweep/runs/M0/S16/S16_pipe_P16_equal_K1600_b512_s20k_seed1,/eagle/lc-mpi/Zhiqing/polaris_ebm/runs_long_k_multinode_sweep/logs/S16_pipe_P16_equal_K1600_b512_s20k_seed1.pbs.out,2026-05-28T16:58:37Z,submitted
S32_single_fullk_K400_b1024_s20k_seed1,resume,7174865.polaris-pbs-01.hsn.cm.polaris.alcf.anl.gov,7174833.polaris-pbs-01.hsn.cm.polaris.alcf.anl.gov,/eagle/lc-mpi/Zhiqing/polaris_ebm/runs_long_k_multinode_sweep/pbs/S32_single_fullk_K400_b1024_s20k_seed1.pbs,/eagle/lc-mpi/Zhiqing/polaris_ebm/runs_long_k_multinode_sweep/runs/M0/S32/S32_single_fullk_K400_b1024_s20k_seed1,/eagle/lc-mpi/Zhiqing/polaris_ebm/runs_long_k_multinode_sweep/logs/S32_single_fullk_K400_b1024_s20k_seed1.pbs.out,2026-05-28T16:58:37Z,submitted
S16_ddp_fullk_K1600_b512_s20k_seed1,resume,7174890.polaris-pbs-01.hsn.cm.polaris.alcf.anl.gov,7174825.polaris-pbs-01.hsn.cm.polaris.alcf.anl.gov,/eagle/lc-mpi/Zhiqing/polaris_ebm/runs_long_k_multinode_sweep/pbs/S16_ddp_fullk_K1600_b512_s20k_seed1.pbs,/eagle/lc-mpi/Zhiqing/polaris_ebm/runs_long_k_multinode_sweep/runs/M0/S16/S16_ddp_fullk_K1600_b512_s20k_seed1,/eagle/lc-mpi/Zhiqing/polaris_ebm/runs_long_k_multinode_sweep/logs/S16_ddp_fullk_K1600_b512_s20k_seed1.pbs.out,2026-05-28T17:28:39Z,submitted
S16_pipe_P16_equal_K400_b512_s20k_seed1,resume,7174891.polaris-pbs-01.hsn.cm.polaris.alcf.anl.gov,7174829.polaris-pbs-01.hsn.cm.polaris.alcf.anl.gov,/eagle/lc-mpi/Zhiqing/polaris_ebm/runs_long_k_multinode_sweep/pbs/S16_pipe_P16_equal_K400_b512_s20k_seed1.pbs,/eagle/lc-mpi/Zhiqing/polaris_ebm/runs_long_k_multinode_sweep/runs/M0/S16/S16_pipe_P16_equal_K400_b512_s20k_seed1,/eagle/lc-mpi/Zhiqing/polaris_ebm/runs_long_k_multinode_sweep/logs/S16_pipe_P16_equal_K400_b512_s20k_seed1.pbs.out,2026-05-28T17:28:39Z,submitted
S32_ddp_fullk_K400_b1024_s20k_seed1,resume,7174892.polaris-pbs-01.hsn.cm.polaris.alcf.anl.gov,7174784.polaris-pbs-01.hsn.cm.polaris.alcf.anl.gov,/eagle/lc-mpi/Zhiqing/polaris_ebm/runs_long_k_multinode_sweep/pbs/S32_ddp_fullk_K400_b1024_s20k_seed1.pbs,/eagle/lc-mpi/Zhiqing/polaris_ebm/runs_long_k_multinode_sweep/runs/M0/S32/S32_ddp_fullk_K400_b1024_s20k_seed1,/eagle/lc-mpi/Zhiqing/polaris_ebm/runs_long_k_multinode_sweep/logs/S32_ddp_fullk_K400_b1024_s20k_seed1.pbs.out,2026-05-28T17:28:39Z,submitted
S16_ddp_fullk_K1600_b512_s20k_seed1,resume,7174927.polaris-pbs-01.hsn.cm.polaris.alcf.anl.gov,7174890.polaris-pbs-01.hsn.cm.polaris.alcf.anl.gov,/eagle/lc-mpi/Zhiqing/polaris_ebm/runs_long_k_multinode_sweep/pbs/S16_ddp_fullk_K1600_b512_s20k_seed1.pbs,/eagle/lc-mpi/Zhiqing/polaris_ebm/runs_long_k_multinode_sweep/runs/M0/S16/S16_ddp_fullk_K1600_b512_s20k_seed1,/eagle/lc-mpi/Zhiqing/polaris_ebm/runs_long_k_multinode_sweep/logs/S16_ddp_fullk_K1600_b512_s20k_seed1.pbs.out,2026-05-28T17:58:42Z,submitted
S16_ddp_fullk_K400_b512_s20k_seed1,resume,7174928.polaris-pbs-01.hsn.cm.polaris.alcf.anl.gov,7174862.polaris-pbs-01.hsn.cm.polaris.alcf.anl.gov,/eagle/lc-mpi/Zhiqing/polaris_ebm/runs_long_k_multinode_sweep/pbs/S16_ddp_fullk_K400_b512_s20k_seed1.pbs,/eagle/lc-mpi/Zhiqing/polaris_ebm/runs_long_k_multinode_sweep/runs/M0/S16/S16_ddp_fullk_K400_b512_s20k_seed1,/eagle/lc-mpi/Zhiqing/polaris_ebm/runs_long_k_multinode_sweep/logs/S16_ddp_fullk_K400_b512_s20k_seed1.pbs.out,2026-05-28T17:58:42Z,submitted
S16_ddp_fullk_K800_b512_s20k_seed1,resume,7174929.polaris-pbs-01.hsn.cm.polaris.alcf.anl.gov,7174863.polaris-pbs-01.hsn.cm.polaris.alcf.anl.gov,/eagle/lc-mpi/Zhiqing/polaris_ebm/runs_long_k_multinode_sweep/pbs/S16_ddp_fullk_K800_b512_s20k_seed1.pbs,/eagle/lc-mpi/Zhiqing/polaris_ebm/runs_long_k_multinode_sweep/runs/M0/S16/S16_ddp_fullk_K800_b512_s20k_seed1,/eagle/lc-mpi/Zhiqing/polaris_ebm/runs_long_k_multinode_sweep/logs/S16_ddp_fullk_K800_b512_s20k_seed1.pbs.out,2026-05-28T17:58:42Z,submitted
S16_pipe_P16_equal_K1600_b512_s20k_seed1,resume,7174930.polaris-pbs-01.hsn.cm.polaris.alcf.anl.gov,7174864.polaris-pbs-01.hsn.cm.polaris.alcf.anl.gov,/eagle/lc-mpi/Zhiqing/polaris_ebm/runs_long_k_multinode_sweep/pbs/S16_pipe_P16_equal_K1600_b512_s20k_seed1.pbs,/eagle/lc-mpi/Zhiqing/polaris_ebm/runs_long_k_multinode_sweep/runs/M0/S16/S16_pipe_P16_equal_K1600_b512_s20k_seed1,/eagle/lc-mpi/Zhiqing/polaris_ebm/runs_long_k_multinode_sweep/logs/S16_pipe_P16_equal_K1600_b512_s20k_seed1.pbs.out,2026-05-28T17:58:42Z,submitted
S16_pipe_P16_equal_K400_b512_s20k_seed1,resume,7174931.polaris-pbs-01.hsn.cm.polaris.alcf.anl.gov,7174891.polaris-pbs-01.hsn.cm.polaris.alcf.anl.gov,/eagle/lc-mpi/Zhiqing/polaris_ebm/runs_long_k_multinode_sweep/pbs/S16_pipe_P16_equal_K400_b512_s20k_seed1.pbs,/eagle/lc-mpi/Zhiqing/polaris_ebm/runs_long_k_multinode_sweep/runs/M0/S16/S16_pipe_P16_equal_K400_b512_s20k_seed1,/eagle/lc-mpi/Zhiqing/polaris_ebm/runs_long_k_multinode_sweep/logs/S16_pipe_P16_equal_K400_b512_s20k_seed1.pbs.out,2026-05-28T17:58:42Z,submitted
S32_ddp_fullk_K1600_b1024_s20k_seed1,resume,7174932.polaris-pbs-01.hsn.cm.polaris.alcf.anl.gov,7174830.polaris-pbs-01.hsn.cm.polaris.alcf.anl.gov,/eagle/lc-mpi/Zhiqing/polaris_ebm/runs_long_k_multinode_sweep/pbs/S32_ddp_fullk_K1600_b1024_s20k_seed1.pbs,/eagle/lc-mpi/Zhiqing/polaris_ebm/runs_long_k_multinode_sweep/runs/M0/S32/S32_ddp_fullk_K1600_b1024_s20k_seed1,/eagle/lc-mpi/Zhiqing/polaris_ebm/runs_long_k_multinode_sweep/logs/S32_ddp_fullk_K1600_b1024_s20k_seed1.pbs.out,2026-05-28T17:58:42Z,submitted
S32_ddp_fullk_K800_b1024_s20k_seed1,resume,7174933.polaris-pbs-01.hsn.cm.polaris.alcf.anl.gov,7174831.polaris-pbs-01.hsn.cm.polaris.alcf.anl.gov,/eagle/lc-mpi/Zhiqing/polaris_ebm/runs_long_k_multinode_sweep/pbs/S32_ddp_fullk_K800_b1024_s20k_seed1.pbs,/eagle/lc-mpi/Zhiqing/polaris_ebm/runs_long_k_multinode_sweep/runs/M0/S32/S32_ddp_fullk_K800_b1024_s20k_seed1,/eagle/lc-mpi/Zhiqing/polaris_ebm/runs_long_k_multinode_sweep/logs/S32_ddp_fullk_K800_b1024_s20k_seed1.pbs.out,2026-05-28T17:58:42Z,submitted
S32_pipe_P32_equal_K400_b1024_s20k_seed1,resume,7174934.polaris-pbs-01.hsn.cm.polaris.alcf.anl.gov,7174832.polaris-pbs-01.hsn.cm.polaris.alcf.anl.gov,/eagle/lc-mpi/Zhiqing/polaris_ebm/runs_long_k_multinode_sweep/pbs/S32_pipe_P32_equal_K400_b1024_s20k_seed1.pbs,/eagle/lc-mpi/Zhiqing/polaris_ebm/runs_long_k_multinode_sweep/runs/M0/S32/S32_pipe_P32_equal_K400_b1024_s20k_seed1,/eagle/lc-mpi/Zhiqing/polaris_ebm/runs_long_k_multinode_sweep/logs/S32_pipe_P32_equal_K400_b1024_s20k_seed1.pbs.out,2026-05-28T17:58:42Z,submitted
S16_ddp_fullk_K1600_b512_s20k_seed1,resume,7174961.polaris-pbs-01.hsn.cm.polaris.alcf.anl.gov,7174927.polaris-pbs-01.hsn.cm.polaris.alcf.anl.gov,/eagle/lc-mpi/Zhiqing/polaris_ebm/runs_long_k_multinode_sweep/pbs/S16_ddp_fullk_K1600_b512_s20k_seed1.pbs,/eagle/lc-mpi/Zhiqing/polaris_ebm/runs_long_k_multinode_sweep/runs/M0/S16/S16_ddp_fullk_K1600_b512_s20k_seed1,/eagle/lc-mpi/Zhiqing/polaris_ebm/runs_long_k_multinode_sweep/logs/S16_ddp_fullk_K1600_b512_s20k_seed1.pbs.out,2026-05-28T18:28:47Z,submitted
S32_ddp_fullk_K400_b1024_s20k_seed1,resume,7174962.polaris-pbs-01.hsn.cm.polaris.alcf.anl.gov,7174892.polaris-pbs-01.hsn.cm.polaris.alcf.anl.gov,/eagle/lc-mpi/Zhiqing/polaris_ebm/runs_long_k_multinode_sweep/pbs/S32_ddp_fullk_K400_b1024_s20k_seed1.pbs,/eagle/lc-mpi/Zhiqing/polaris_ebm/runs_long_k_multinode_sweep/runs/M0/S32/S32_ddp_fullk_K400_b1024_s20k_seed1,/eagle/lc-mpi/Zhiqing/polaris_ebm/runs_long_k_multinode_sweep/logs/S32_ddp_fullk_K400_b1024_s20k_seed1.pbs.out,2026-05-28T18:28:47Z,submitted
S32_single_fullk_K400_b1024_s20k_seed1,resume,7174963.polaris-pbs-01.hsn.cm.polaris.alcf.anl.gov,7174865.polaris-pbs-01.hsn.cm.polaris.alcf.anl.gov,/eagle/lc-mpi/Zhiqing/polaris_ebm/runs_long_k_multinode_sweep/pbs/S32_single_fullk_K400_b1024_s20k_seed1.pbs,/eagle/lc-mpi/Zhiqing/polaris_ebm/runs_long_k_multinode_sweep/runs/M0/S32/S32_single_fullk_K400_b1024_s20k_seed1,/eagle/lc-mpi/Zhiqing/polaris_ebm/runs_long_k_multinode_sweep/logs/S32_single_fullk_K400_b1024_s20k_seed1.pbs.out,2026-05-28T18:28:47Z,submitted
S16_ddp_fullk_K400_b512_s20k_seed1,resume,7174988.polaris-pbs-01.hsn.cm.polaris.alcf.anl.gov,7174928.polaris-pbs-01.hsn.cm.polaris.alcf.anl.gov,/eagle/lc-mpi/Zhiqing/polaris_ebm/runs_long_k_multinode_sweep/pbs/S16_ddp_fullk_K400_b512_s20k_seed1.pbs,/eagle/lc-mpi/Zhiqing/polaris_ebm/runs_long_k_multinode_sweep/runs/M0/S16/S16_ddp_fullk_K400_b512_s20k_seed1,/eagle/lc-mpi/Zhiqing/polaris_ebm/runs_long_k_multinode_sweep/logs/S16_ddp_fullk_K400_b512_s20k_seed1.pbs.out,2026-05-28T18:58:58Z,submitted
S16_ddp_fullk_K800_b512_s20k_seed1,resume,7174989.polaris-pbs-01.hsn.cm.polaris.alcf.anl.gov,7174929.polaris-pbs-01.hsn.cm.polaris.alcf.anl.gov,/eagle/lc-mpi/Zhiqing/polaris_ebm/runs_long_k_multinode_sweep/pbs/S16_ddp_fullk_K800_b512_s20k_seed1.pbs,/eagle/lc-mpi/Zhiqing/polaris_ebm/runs_long_k_multinode_sweep/runs/M0/S16/S16_ddp_fullk_K800_b512_s20k_seed1,/eagle/lc-mpi/Zhiqing/polaris_ebm/runs_long_k_multinode_sweep/logs/S16_ddp_fullk_K800_b512_s20k_seed1.pbs.out,2026-05-28T18:58:58Z,submitted
S16_pipe_P16_equal_K1600_b512_s20k_seed1,resume,7175018.polaris-pbs-01.hsn.cm.polaris.alcf.anl.gov,7174930.polaris-pbs-01.hsn.cm.polaris.alcf.anl.gov,/eagle/lc-mpi/Zhiqing/polaris_ebm/runs_long_k_multinode_sweep/pbs/S16_pipe_P16_equal_K1600_b512_s20k_seed1.pbs,/eagle/lc-mpi/Zhiqing/polaris_ebm/runs_long_k_multinode_sweep/runs/M0/S16/S16_pipe_P16_equal_K1600_b512_s20k_seed1,/eagle/lc-mpi/Zhiqing/polaris_ebm/runs_long_k_multinode_sweep/logs/S16_pipe_P16_equal_K1600_b512_s20k_seed1.pbs.out,2026-05-28T19:29:00Z,submitted
S16_pipe_P16_equal_K400_b512_s20k_seed1,resume,7175019.polaris-pbs-01.hsn.cm.polaris.alcf.anl.gov,7174931.polaris-pbs-01.hsn.cm.polaris.alcf.anl.gov,/eagle/lc-mpi/Zhiqing/polaris_ebm/runs_long_k_multinode_sweep/pbs/S16_pipe_P16_equal_K400_b512_s20k_seed1.pbs,/eagle/lc-mpi/Zhiqing/polaris_ebm/runs_long_k_multinode_sweep/runs/M0/S16/S16_pipe_P16_equal_K400_b512_s20k_seed1,/eagle/lc-mpi/Zhiqing/polaris_ebm/runs_long_k_multinode_sweep/logs/S16_pipe_P16_equal_K400_b512_s20k_seed1.pbs.out,2026-05-28T19:29:00Z,submitted
S32_pipe_P32_equal_K400_b1024_s20k_seed1,resume,7175020.polaris-pbs-01.hsn.cm.polaris.alcf.anl.gov,7174934.polaris-pbs-01.hsn.cm.polaris.alcf.anl.gov,/eagle/lc-mpi/Zhiqing/polaris_ebm/runs_long_k_multinode_sweep/pbs/S32_pipe_P32_equal_K400_b1024_s20k_seed1.pbs,/eagle/lc-mpi/Zhiqing/polaris_ebm/runs_long_k_multinode_sweep/runs/M0/S32/S32_pipe_P32_equal_K400_b1024_s20k_seed1,/eagle/lc-mpi/Zhiqing/polaris_ebm/runs_long_k_multinode_sweep/logs/S32_pipe_P32_equal_K400_b1024_s20k_seed1.pbs.out,2026-05-28T19:29:00Z,submitted
S32_ddp_fullk_K1600_b1024_s20k_seed1,resume,7175049.polaris-pbs-01.hsn.cm.polaris.alcf.anl.gov,7174932.polaris-pbs-01.hsn.cm.polaris.alcf.anl.gov,/eagle/lc-mpi/Zhiqing/polaris_ebm/runs_long_k_multinode_sweep/pbs/S32_ddp_fullk_K1600_b1024_s20k_seed1.pbs,/eagle/lc-mpi/Zhiqing/polaris_ebm/runs_long_k_multinode_sweep/runs/M0/S32/S32_ddp_fullk_K1600_b1024_s20k_seed1,/eagle/lc-mpi/Zhiqing/polaris_ebm/runs_long_k_multinode_sweep/logs/S32_ddp_fullk_K1600_b1024_s20k_seed1.pbs.out,2026-05-28T19:59:03Z,submitted
S32_ddp_fullk_K800_b1024_s20k_seed1,resume,7175134.polaris-pbs-01.hsn.cm.polaris.alcf.anl.gov,7174933.polaris-pbs-01.hsn.cm.polaris.alcf.anl.gov,/eagle/lc-mpi/Zhiqing/polaris_ebm/runs_long_k_multinode_sweep/pbs/S32_ddp_fullk_K800_b1024_s20k_seed1.pbs,/eagle/lc-mpi/Zhiqing/polaris_ebm/runs_long_k_multinode_sweep/runs/M0/S32/S32_ddp_fullk_K800_b1024_s20k_seed1,/eagle/lc-mpi/Zhiqing/polaris_ebm/runs_long_k_multinode_sweep/logs/S32_ddp_fullk_K800_b1024_s20k_seed1.pbs.out,2026-05-28T21:29:07Z,submitted
S16_ddp_fullk_K1600_b512_s20k_seed1,resume,7175148.polaris-pbs-01.hsn.cm.polaris.alcf.anl.gov,7174961.polaris-pbs-01.hsn.cm.polaris.alcf.anl.gov,/eagle/lc-mpi/Zhiqing/polaris_ebm/runs_long_k_multinode_sweep/pbs/S16_ddp_fullk_K1600_b512_s20k_seed1.pbs,/eagle/lc-mpi/Zhiqing/polaris_ebm/runs_long_k_multinode_sweep/runs/M0/S16/S16_ddp_fullk_K1600_b512_s20k_seed1,/eagle/lc-mpi/Zhiqing/polaris_ebm/runs_long_k_multinode_sweep/logs/S16_ddp_fullk_K1600_b512_s20k_seed1.pbs.out,2026-05-28T21:59:08Z,submitted
S16_ddp_fullk_K400_b512_s20k_seed1,resume,7175149.polaris-pbs-01.hsn.cm.polaris.alcf.anl.gov,7174988.polaris-pbs-01.hsn.cm.polaris.alcf.anl.gov,/eagle/lc-mpi/Zhiqing/polaris_ebm/runs_long_k_multinode_sweep/pbs/S16_ddp_fullk_K400_b512_s20k_seed1.pbs,/eagle/lc-mpi/Zhiqing/polaris_ebm/runs_long_k_multinode_sweep/runs/M0/S16/S16_ddp_fullk_K400_b512_s20k_seed1,/eagle/lc-mpi/Zhiqing/polaris_ebm/runs_long_k_multinode_sweep/logs/S16_ddp_fullk_K400_b512_s20k_seed1.pbs.out,2026-05-28T21:59:08Z,submitted
S16_pipe_P16_equal_K1600_b512_s20k_seed1,resume,7175150.polaris-pbs-01.hsn.cm.polaris.alcf.anl.gov,7175018.polaris-pbs-01.hsn.cm.polaris.alcf.anl.gov,/eagle/lc-mpi/Zhiqing/polaris_ebm/runs_long_k_multinode_sweep/pbs/S16_pipe_P16_equal_K1600_b512_s20k_seed1.pbs,/eagle/lc-mpi/Zhiqing/polaris_ebm/runs_long_k_multinode_sweep/runs/M0/S16/S16_pipe_P16_equal_K1600_b512_s20k_seed1,/eagle/lc-mpi/Zhiqing/polaris_ebm/runs_long_k_multinode_sweep/logs/S16_pipe_P16_equal_K1600_b512_s20k_seed1.pbs.out,2026-05-28T21:59:08Z,submitted
S32_ddp_fullk_K400_b1024_s20k_seed1,resume,7175151.polaris-pbs-01.hsn.cm.polaris.alcf.anl.gov,7174962.polaris-pbs-01.hsn.cm.polaris.alcf.anl.gov,/eagle/lc-mpi/Zhiqing/polaris_ebm/runs_long_k_multinode_sweep/pbs/S32_ddp_fullk_K400_b1024_s20k_seed1.pbs,/eagle/lc-mpi/Zhiqing/polaris_ebm/runs_long_k_multinode_sweep/runs/M0/S32/S32_ddp_fullk_K400_b1024_s20k_seed1,/eagle/lc-mpi/Zhiqing/polaris_ebm/runs_long_k_multinode_sweep/logs/S32_ddp_fullk_K400_b1024_s20k_seed1.pbs.out,2026-05-28T21:59:08Z,submitted
S32_ddp_fullk_K1600_b1024_s20k_seed1,resume,7175169.polaris-pbs-01.hsn.cm.polaris.alcf.anl.gov,7175049.polaris-pbs-01.hsn.cm.polaris.alcf.anl.gov,/eagle/lc-mpi/Zhiqing/polaris_ebm/runs_long_k_multinode_sweep/pbs/S32_ddp_fullk_K1600_b1024_s20k_seed1.pbs,/eagle/lc-mpi/Zhiqing/polaris_ebm/runs_long_k_multinode_sweep/runs/M0/S32/S32_ddp_fullk_K1600_b1024_s20k_seed1,/eagle/lc-mpi/Zhiqing/polaris_ebm/runs_long_k_multinode_sweep/logs/S32_ddp_fullk_K1600_b1024_s20k_seed1.pbs.out,2026-05-28T22:29:12Z,submitted
S16_ddp_fullk_K800_b512_s20k_seed1,resume,7175214.polaris-pbs-01.hsn.cm.polaris.alcf.anl.gov,7174989.polaris-pbs-01.hsn.cm.polaris.alcf.anl.gov,/eagle/lc-mpi/Zhiqing/polaris_ebm/runs_long_k_multinode_sweep/pbs/S16_ddp_fullk_K800_b512_s20k_seed1.pbs,/eagle/lc-mpi/Zhiqing/polaris_ebm/runs_long_k_multinode_sweep/runs/M0/S16/S16_ddp_fullk_K800_b512_s20k_seed1,/eagle/lc-mpi/Zhiqing/polaris_ebm/runs_long_k_multinode_sweep/logs/S16_ddp_fullk_K800_b512_s20k_seed1.pbs.out,2026-05-28T22:59:14Z,submitted
S16_pipe_P16_equal_K400_b512_s20k_seed1,resume,7175215.polaris-pbs-01.hsn.cm.polaris.alcf.anl.gov,7175019.polaris-pbs-01.hsn.cm.polaris.alcf.anl.gov,/eagle/lc-mpi/Zhiqing/polaris_ebm/runs_long_k_multinode_sweep/pbs/S16_pipe_P16_equal_K400_b512_s20k_seed1.pbs,/eagle/lc-mpi/Zhiqing/polaris_ebm/runs_long_k_multinode_sweep/runs/M0/S16/S16_pipe_P16_equal_K400_b512_s20k_seed1,/eagle/lc-mpi/Zhiqing/polaris_ebm/runs_long_k_multinode_sweep/logs/S16_pipe_P16_equal_K400_b512_s20k_seed1.pbs.out,2026-05-28T22:59:14Z,submitted
S32_ddp_fullk_K800_b1024_s20k_seed1,resume,7175216.polaris-pbs-01.hsn.cm.polaris.alcf.anl.gov,7175134.polaris-pbs-01.hsn.cm.polaris.alcf.anl.gov,/eagle/lc-mpi/Zhiqing/polaris_ebm/runs_long_k_multinode_sweep/pbs/S32_ddp_fullk_K800_b1024_s20k_seed1.pbs,/eagle/lc-mpi/Zhiqing/polaris_ebm/runs_long_k_multinode_sweep/runs/M0/S32/S32_ddp_fullk_K800_b1024_s20k_seed1,/eagle/lc-mpi/Zhiqing/polaris_ebm/runs_long_k_multinode_sweep/logs/S32_ddp_fullk_K800_b1024_s20k_seed1.pbs.out,2026-05-28T22:59:14Z,submitted
S16_pipe_P16_equal_K1600_b512_s20k_seed1,resume,7175232.polaris-pbs-01.hsn.cm.polaris.alcf.anl.gov,7175150.polaris-pbs-01.hsn.cm.polaris.alcf.anl.gov,/eagle/lc-mpi/Zhiqing/polaris_ebm/runs_long_k_multinode_sweep/pbs/S16_pipe_P16_equal_K1600_b512_s20k_seed1.pbs,/eagle/lc-mpi/Zhiqing/polaris_ebm/runs_long_k_multinode_sweep/runs/M0/S16/S16_pipe_P16_equal_K1600_b512_s20k_seed1,/eagle/lc-mpi/Zhiqing/polaris_ebm/runs_long_k_multinode_sweep/logs/S16_pipe_P16_equal_K1600_b512_s20k_seed1.pbs.out,2026-05-28T23:29:17Z,submitted
S16_ddp_fullk_K1600_b512_s20k_seed1,resume,7175254.polaris-pbs-01.hsn.cm.polaris.alcf.anl.gov,7175148.polaris-pbs-01.hsn.cm.polaris.alcf.anl.gov,/eagle/lc-mpi/Zhiqing/polaris_ebm/runs_long_k_multinode_sweep/pbs/S16_ddp_fullk_K1600_b512_s20k_seed1.pbs,/eagle/lc-mpi/Zhiqing/polaris_ebm/runs_long_k_multinode_sweep/runs/M0/S16/S16_ddp_fullk_K1600_b512_s20k_seed1,/eagle/lc-mpi/Zhiqing/polaris_ebm/runs_long_k_multinode_sweep/logs/S16_ddp_fullk_K1600_b512_s20k_seed1.pbs.out,2026-05-28T23:59:18Z,submitted
S16_ddp_fullk_K400_b512_s20k_seed1,resume,7175255.polaris-pbs-01.hsn.cm.polaris.alcf.anl.gov,7175149.polaris-pbs-01.hsn.cm.polaris.alcf.anl.gov,/eagle/lc-mpi/Zhiqing/polaris_ebm/runs_long_k_multinode_sweep/pbs/S16_ddp_fullk_K400_b512_s20k_seed1.pbs,/eagle/lc-mpi/Zhiqing/polaris_ebm/runs_long_k_multinode_sweep/runs/M0/S16/S16_ddp_fullk_K400_b512_s20k_seed1,/eagle/lc-mpi/Zhiqing/polaris_ebm/runs_long_k_multinode_sweep/logs/S16_ddp_fullk_K400_b512_s20k_seed1.pbs.out,2026-05-28T23:59:18Z,submitted
S16_pipe_P16_equal_K400_b512_s20k_seed1,resume,7175256.polaris-pbs-01.hsn.cm.polaris.alcf.anl.gov,7175215.polaris-pbs-01.hsn.cm.polaris.alcf.anl.gov,/eagle/lc-mpi/Zhiqing/polaris_ebm/runs_long_k_multinode_sweep/pbs/S16_pipe_P16_equal_K400_b512_s20k_seed1.pbs,/eagle/lc-mpi/Zhiqing/polaris_ebm/runs_long_k_multinode_sweep/runs/M0/S16/S16_pipe_P16_equal_K400_b512_s20k_seed1,/eagle/lc-mpi/Zhiqing/polaris_ebm/runs_long_k_multinode_sweep/logs/S16_pipe_P16_equal_K400_b512_s20k_seed1.pbs.out,2026-05-28T23:59:18Z,submitted
S16_ddp_fullk_K1600_b512_s20k_seed1,resume,7177063.polaris-pbs-01.hsn.cm.polaris.alcf.anl.gov,7175254.polaris-pbs-01.hsn.cm.polaris.alcf.anl.gov,/eagle/lc-mpi/Zhiqing/polaris_ebm/runs_long_k_multinode_sweep/pbs/S16_ddp_fullk_K1600_b512_s20k_seed1.pbs,/eagle/lc-mpi/Zhiqing/polaris_ebm/runs_long_k_multinode_sweep/runs/M0/S16/S16_ddp_fullk_K1600_b512_s20k_seed1,/eagle/lc-mpi/Zhiqing/polaris_ebm/runs_long_k_multinode_sweep/logs/S16_ddp_fullk_K1600_b512_s20k_seed1.pbs.out,2026-05-29T20:36:54Z,submitted
S16_ddp_fullk_K400_b512_s20k_seed1,resume,7177064.polaris-pbs-01.hsn.cm.polaris.alcf.anl.gov,7175255.polaris-pbs-01.hsn.cm.polaris.alcf.anl.gov,/eagle/lc-mpi/Zhiqing/polaris_ebm/runs_long_k_multinode_sweep/pbs/S16_ddp_fullk_K400_b512_s20k_seed1.pbs,/eagle/lc-mpi/Zhiqing/polaris_ebm/runs_long_k_multinode_sweep/runs/M0/S16/S16_ddp_fullk_K400_b512_s20k_seed1,/eagle/lc-mpi/Zhiqing/polaris_ebm/runs_long_k_multinode_sweep/logs/S16_ddp_fullk_K400_b512_s20k_seed1.pbs.out,2026-05-29T20:36:54Z,submitted
S16_ddp_fullk_K800_b512_s20k_seed1,resume,7177305.polaris-pbs-01.hsn.cm.polaris.alcf.anl.gov,7175214.polaris-pbs-01.hsn.cm.polaris.alcf.anl.gov,/eagle/lc-mpi/Zhiqing/polaris_ebm/runs_long_k_multinode_sweep/pbs/S16_ddp_fullk_K800_b512_s20k_seed1.pbs,/eagle/lc-mpi/Zhiqing/polaris_ebm/runs_long_k_multinode_sweep/runs/M0/S16/S16_ddp_fullk_K800_b512_s20k_seed1,/eagle/lc-mpi/Zhiqing/polaris_ebm/runs_long_k_multinode_sweep/logs/S16_ddp_fullk_K800_b512_s20k_seed1.pbs.out,2026-05-30T00:09:42Z,submitted
S16_pipe_P16_equal_K1600_b512_s20k_seed1,resume,7177306.polaris-pbs-01.hsn.cm.polaris.alcf.anl.gov,7175232.polaris-pbs-01.hsn.cm.polaris.alcf.anl.gov,/eagle/lc-mpi/Zhiqing/polaris_ebm/runs_long_k_multinode_sweep/pbs/S16_pipe_P16_equal_K1600_b512_s20k_seed1.pbs,/eagle/lc-mpi/Zhiqing/polaris_ebm/runs_long_k_multinode_sweep/runs/M0/S16/S16_pipe_P16_equal_K1600_b512_s20k_seed1,/eagle/lc-mpi/Zhiqing/polaris_ebm/runs_long_k_multinode_sweep/logs/S16_pipe_P16_equal_K1600_b512_s20k_seed1.pbs.out,2026-05-30T00:09:42Z,submitted
S16_pipe_P16_equal_K400_b512_s20k_seed1,resume,7177307.polaris-pbs-01.hsn.cm.polaris.alcf.anl.gov,7175256.polaris-pbs-01.hsn.cm.polaris.alcf.anl.gov,/eagle/lc-mpi/Zhiqing/polaris_ebm/runs_long_k_multinode_sweep/pbs/S16_pipe_P16_equal_K400_b512_s20k_seed1.pbs,/eagle/lc-mpi/Zhiqing/polaris_ebm/runs_long_k_multinode_sweep/runs/M0/S16/S16_pipe_P16_equal_K400_b512_s20k_seed1,/eagle/lc-mpi/Zhiqing/polaris_ebm/runs_long_k_multinode_sweep/logs/S16_pipe_P16_equal_K400_b512_s20k_seed1.pbs.out,2026-05-30T00:09:42Z,submitted
S16_single_fullk_K1600_b512_s20k_seed1,resume,7177459.polaris-pbs-01.hsn.cm.polaris.alcf.anl.gov,7174781.polaris-pbs-01.hsn.cm.polaris.alcf.anl.gov,/eagle/lc-mpi/Zhiqing/polaris_ebm/runs_long_k_multinode_sweep/pbs/S16_single_fullk_K1600_b512_s20k_seed1.pbs,/eagle/lc-mpi/Zhiqing/polaris_ebm/runs_long_k_multinode_sweep/runs/M0/S16/S16_single_fullk_K1600_b512_s20k_seed1,/eagle/lc-mpi/Zhiqing/polaris_ebm/runs_long_k_multinode_sweep/logs/S16_single_fullk_K1600_b512_s20k_seed1.pbs.out,2026-05-30T01:09:49Z,submitted
S32_ddp_fullk_K1600_b1024_s20k_seed1,resume,7177460.polaris-pbs-01.hsn.cm.polaris.alcf.anl.gov,7175169.polaris-pbs-01.hsn.cm.polaris.alcf.anl.gov,/eagle/lc-mpi/Zhiqing/polaris_ebm/runs_long_k_multinode_sweep/pbs/S32_ddp_fullk_K1600_b1024_s20k_seed1.pbs,/eagle/lc-mpi/Zhiqing/polaris_ebm/runs_long_k_multinode_sweep/runs/M0/S32/S32_ddp_fullk_K1600_b1024_s20k_seed1,/eagle/lc-mpi/Zhiqing/polaris_ebm/runs_long_k_multinode_sweep/logs/S32_ddp_fullk_K1600_b1024_s20k_seed1.pbs.out,2026-05-30T01:09:49Z,submitted
S32_ddp_fullk_K800_b1024_s20k_seed1,resume,7177461.polaris-pbs-01.hsn.cm.polaris.alcf.anl.gov,7175216.polaris-pbs-01.hsn.cm.polaris.alcf.anl.gov,/eagle/lc-mpi/Zhiqing/polaris_ebm/runs_long_k_multinode_sweep/pbs/S32_ddp_fullk_K800_b1024_s20k_seed1.pbs,/eagle/lc-mpi/Zhiqing/polaris_ebm/runs_long_k_multinode_sweep/runs/M0/S32/S32_ddp_fullk_K800_b1024_s20k_seed1,/eagle/lc-mpi/Zhiqing/polaris_ebm/runs_long_k_multinode_sweep/logs/S32_ddp_fullk_K800_b1024_s20k_seed1.pbs.out,2026-05-30T01:09:49Z,submitted
S32_pipe_P32_equal_K400_b1024_s20k_seed1,resume,7177696.polaris-pbs-01.hsn.cm.polaris.alcf.anl.gov,7175020.polaris-pbs-01.hsn.cm.polaris.alcf.anl.gov,/eagle/lc-mpi/Zhiqing/polaris_ebm/runs_long_k_multinode_sweep/pbs/S32_pipe_P32_equal_K400_b1024_s20k_seed1.pbs,/eagle/lc-mpi/Zhiqing/polaris_ebm/runs_long_k_multinode_sweep/runs/M0/S32/S32_pipe_P32_equal_K400_b1024_s20k_seed1,/eagle/lc-mpi/Zhiqing/polaris_ebm/runs_long_k_multinode_sweep/logs/S32_pipe_P32_equal_K400_b1024_s20k_seed1.pbs.out,2026-05-30T02:09:54Z,submitted
S32_single_fullk_K1600_b1024_s20k_seed1,resume,7177697.polaris-pbs-01.hsn.cm.polaris.alcf.anl.gov,7174786.polaris-pbs-01.hsn.cm.polaris.alcf.anl.gov,/eagle/lc-mpi/Zhiqing/polaris_ebm/runs_long_k_multinode_sweep/pbs/S32_single_fullk_K1600_b1024_s20k_seed1.pbs,/eagle/lc-mpi/Zhiqing/polaris_ebm/runs_long_k_multinode_sweep/runs/M0/S32/S32_single_fullk_K1600_b1024_s20k_seed1,/eagle/lc-mpi/Zhiqing/polaris_ebm/runs_long_k_multinode_sweep/logs/S32_single_fullk_K1600_b1024_s20k_seed1.pbs.out,2026-05-30T02:09:54Z,submitted
S32_single_fullk_K800_b1024_s20k_seed1,resume,7177698.polaris-pbs-01.hsn.cm.polaris.alcf.anl.gov,7174834.polaris-pbs-01.hsn.cm.polaris.alcf.anl.gov,/eagle/lc-mpi/Zhiqing/polaris_ebm/runs_long_k_multinode_sweep/pbs/S32_single_fullk_K800_b1024_s20k_seed1.pbs,/eagle/lc-mpi/Zhiqing/polaris_ebm/runs_long_k_multinode_sweep/runs/M0/S32/S32_single_fullk_K800_b1024_s20k_seed1,/eagle/lc-mpi/Zhiqing/polaris_ebm/runs_long_k_multinode_sweep/logs/S32_single_fullk_K800_b1024_s20k_seed1.pbs.out,2026-05-30T02:09:54Z,submitted
S16_ddp_fullk_K1600_b512_s20k_seed1,resume,7185511.polaris-pbs-01.hsn.cm.polaris.alcf.anl.gov,7177063.polaris-pbs-01.hsn.cm.polaris.alcf.anl.gov,/eagle/lc-mpi/Zhiqing/polaris_ebm/runs_long_k_multinode_sweep/pbs/S16_ddp_fullk_K1600_b512_s20k_seed1.pbs,/eagle/lc-mpi/Zhiqing/polaris_ebm/runs_long_k_multinode_sweep/runs/M0/S16/S16_ddp_fullk_K1600_b512_s20k_seed1,/eagle/lc-mpi/Zhiqing/polaris_ebm/runs_long_k_multinode_sweep/logs/S16_ddp_fullk_K1600_b512_s20k_seed1.pbs.out,2026-06-05T02:49:28Z,submitted
S16_ddp_fullk_K800_b512_s20k_seed1,resume,7185513.polaris-pbs-01.hsn.cm.polaris.alcf.anl.gov,7177305.polaris-pbs-01.hsn.cm.polaris.alcf.anl.gov,/eagle/lc-mpi/Zhiqing/polaris_ebm/runs_long_k_multinode_sweep/pbs/S16_ddp_fullk_K800_b512_s20k_seed1.pbs,/eagle/lc-mpi/Zhiqing/polaris_ebm/runs_long_k_multinode_sweep/runs/M0/S16/S16_ddp_fullk_K800_b512_s20k_seed1,/eagle/lc-mpi/Zhiqing/polaris_ebm/runs_long_k_multinode_sweep/logs/S16_ddp_fullk_K800_b512_s20k_seed1.pbs.out,2026-06-05T02:49:28Z,submitted
S16_pipe_P16_equal_K1600_b512_s20k_seed1,resume,7185515.polaris-pbs-01.hsn.cm.polaris.alcf.anl.gov,7177306.polaris-pbs-01.hsn.cm.polaris.alcf.anl.gov,/eagle/lc-mpi/Zhiqing/polaris_ebm/runs_long_k_multinode_sweep/pbs/S16_pipe_P16_equal_K1600_b512_s20k_seed1.pbs,/eagle/lc-mpi/Zhiqing/polaris_ebm/runs_long_k_multinode_sweep/runs/M0/S16/S16_pipe_P16_equal_K1600_b512_s20k_seed1,/eagle/lc-mpi/Zhiqing/polaris_ebm/runs_long_k_multinode_sweep/logs/S16_pipe_P16_equal_K1600_b512_s20k_seed1.pbs.out,2026-06-05T02:49:28Z,submitted
S16_single_fullk_K1600_b512_s20k_seed1,resume,7185517.polaris-pbs-01.hsn.cm.polaris.alcf.anl.gov,7177459.polaris-pbs-01.hsn.cm.polaris.alcf.anl.gov,/eagle/lc-mpi/Zhiqing/polaris_ebm/runs_long_k_multinode_sweep/pbs/S16_single_fullk_K1600_b512_s20k_seed1.pbs,/eagle/lc-mpi/Zhiqing/polaris_ebm/runs_long_k_multinode_sweep/runs/M0/S16/S16_single_fullk_K1600_b512_s20k_seed1,/eagle/lc-mpi/Zhiqing/polaris_ebm/runs_long_k_multinode_sweep/logs/S16_single_fullk_K1600_b512_s20k_seed1.pbs.out,2026-06-05T02:49:28Z,submitted
S32_ddp_fullk_K1600_b1024_s20k_seed1,resume,7185519.polaris-pbs-01.hsn.cm.polaris.alcf.anl.gov,7177460.polaris-pbs-01.hsn.cm.polaris.alcf.anl.gov,/eagle/lc-mpi/Zhiqing/polaris_ebm/runs_long_k_multinode_sweep/pbs/S32_ddp_fullk_K1600_b1024_s20k_seed1.pbs,/eagle/lc-mpi/Zhiqing/polaris_ebm/runs_long_k_multinode_sweep/runs/M0/S32/S32_ddp_fullk_K1600_b1024_s20k_seed1,/eagle/lc-mpi/Zhiqing/polaris_ebm/runs_long_k_multinode_sweep/logs/S32_ddp_fullk_K1600_b1024_s20k_seed1.pbs.out,2026-06-05T02:49:28Z,submitted
S32_single_fullk_K1600_b1024_s20k_seed1,resume,7185520.polaris-pbs-01.hsn.cm.polaris.alcf.anl.gov,7177697.polaris-pbs-01.hsn.cm.polaris.alcf.anl.gov,/eagle/lc-mpi/Zhiqing/polaris_ebm/runs_long_k_multinode_sweep/pbs/S32_single_fullk_K1600_b1024_s20k_seed1.pbs,/eagle/lc-mpi/Zhiqing/polaris_ebm/runs_long_k_multinode_sweep/runs/M0/S32/S32_single_fullk_K1600_b1024_s20k_seed1,/eagle/lc-mpi/Zhiqing/polaris_ebm/runs_long_k_multinode_sweep/logs/S32_single_fullk_K1600_b1024_s20k_seed1.pbs.out,2026-06-05T02:49:28Z,submitted
S16_ddp_fullk_K1600_b512_s20k_seed1,manual_72h_resubmit,7185540.polaris-pbs-01.hsn.cm.polaris.alcf.anl.gov,7185511.polaris-pbs-01.hsn.cm.polaris.alcf.anl.gov,/eagle/lc-mpi/Zhiqing/polaris_ebm/runs_long_k_multinode_sweep/pbs/S16_ddp_fullk_K1600_b512_s20k_seed1.pbs,/eagle/lc-mpi/Zhiqing/polaris_ebm/runs_long_k_multinode_sweep/runs/M0/S16/S16_ddp_fullk_K1600_b512_s20k_seed1,/eagle/lc-mpi/Zhiqing/polaris_ebm/runs_long_k_multinode_sweep/logs/S16_ddp_fullk_K1600_b512_s20k_seed1.pbs.out,2026-06-05T03:01:46Z,submitted
S16_ddp_fullk_K800_b512_s20k_seed1,manual_72h_resubmit,7185541.polaris-pbs-01.hsn.cm.polaris.alcf.anl.gov,7185513.polaris-pbs-01.hsn.cm.polaris.alcf.anl.gov,/eagle/lc-mpi/Zhiqing/polaris_ebm/runs_long_k_multinode_sweep/pbs/S16_ddp_fullk_K800_b512_s20k_seed1.pbs,/eagle/lc-mpi/Zhiqing/polaris_ebm/runs_long_k_multinode_sweep/runs/M0/S16/S16_ddp_fullk_K800_b512_s20k_seed1,/eagle/lc-mpi/Zhiqing/polaris_ebm/runs_long_k_multinode_sweep/logs/S16_ddp_fullk_K800_b512_s20k_seed1.pbs.out,2026-06-05T03:01:46Z,submitted
S16_pipe_P16_equal_K1600_b512_s20k_seed1,manual_72h_resubmit,7185542.polaris-pbs-01.hsn.cm.polaris.alcf.anl.gov,7185515.polaris-pbs-01.hsn.cm.polaris.alcf.anl.gov,/eagle/lc-mpi/Zhiqing/polaris_ebm/runs_long_k_multinode_sweep/pbs/S16_pipe_P16_equal_K1600_b512_s20k_seed1.pbs,/eagle/lc-mpi/Zhiqing/polaris_ebm/runs_long_k_multinode_sweep/runs/M0/S16/S16_pipe_P16_equal_K1600_b512_s20k_seed1,/eagle/lc-mpi/Zhiqing/polaris_ebm/runs_long_k_multinode_sweep/logs/S16_pipe_P16_equal_K1600_b512_s20k_seed1.pbs.out,2026-06-05T03:01:46Z,submitted
S16_single_fullk_K1600_b512_s20k_seed1,manual_72h_resubmit,7185543.polaris-pbs-01.hsn.cm.polaris.alcf.anl.gov,7185517.polaris-pbs-01.hsn.cm.polaris.alcf.anl.gov,/eagle/lc-mpi/Zhiqing/polaris_ebm/runs_long_k_multinode_sweep/pbs/S16_single_fullk_K1600_b512_s20k_seed1.pbs,/eagle/lc-mpi/Zhiqing/polaris_ebm/runs_long_k_multinode_sweep/runs/M0/S16/S16_single_fullk_K1600_b512_s20k_seed1,/eagle/lc-mpi/Zhiqing/polaris_ebm/runs_long_k_multinode_sweep/logs/S16_single_fullk_K1600_b512_s20k_seed1.pbs.out,2026-06-05T03:01:46Z,submitted
S32_ddp_fullk_K1600_b1024_s20k_seed1,manual_72h_resubmit,7185544.polaris-pbs-01.hsn.cm.polaris.alcf.anl.gov,7185519.polaris-pbs-01.hsn.cm.polaris.alcf.anl.gov,/eagle/lc-mpi/Zhiqing/polaris_ebm/runs_long_k_multinode_sweep/pbs/S32_ddp_fullk_K1600_b1024_s20k_seed1.pbs,/eagle/lc-mpi/Zhiqing/polaris_ebm/runs_long_k_multinode_sweep/runs/M0/S32/S32_ddp_fullk_K1600_b1024_s20k_seed1,/eagle/lc-mpi/Zhiqing/polaris_ebm/runs_long_k_multinode_sweep/logs/S32_ddp_fullk_K1600_b1024_s20k_seed1.pbs.out,2026-06-05T03:01:46Z,submitted
S32_single_fullk_K1600_b1024_s20k_seed1,manual_72h_resubmit,7185545.polaris-pbs-01.hsn.cm.polaris.alcf.anl.gov,7185520.polaris-pbs-01.hsn.cm.polaris.alcf.anl.gov,/eagle/lc-mpi/Zhiqing/polaris_ebm/runs_long_k_multinode_sweep/pbs/S32_single_fullk_K1600_b1024_s20k_seed1.pbs,/eagle/lc-mpi/Zhiqing/polaris_ebm/runs_long_k_multinode_sweep/runs/M0/S32/S32_single_fullk_K1600_b1024_s20k_seed1,/eagle/lc-mpi/Zhiqing/polaris_ebm/runs_long_k_multinode_sweep/logs/S32_single_fullk_K1600_b1024_s20k_seed1.pbs.out,2026-06-05T03:01:46Z,submitted
