registry_id,source_table,experiment_package,benchmark,conditioned,story_bucket,include_in_current_story,exp_id,group,phase,story,train_mode,execution_semantics,system_role,objective_family,world_size,pipe_stages,seed,K,steps,lr,step_size,weight_mode,last2_beta,num_nodes,ppn,data_dir,run_dir,eval_dir,trajectory_dir,source_status,registry_status,final_fid,best_fid,best_step,final_step,available_points,top1_conditional_acc,per_class_avg_acc,pbs_job_id,local_run,config_signature,config_hash,git_commit_recorded,identity_note
imagenet32_phasea:imagenet32_ddp_strict_k100_s1k,imagenet32_phasea_current,imagenet32_phasea,imagenet32,yes,conditional_phasea_smoke,yes,imagenet32_ddp_strict_k100_s1k,PhaseA,PhaseA,ImageNet-32 conditional smoke / stability validation,ddp_fullk,ddp_strict,baseline_control,conditional_smoke,,1,1,100,1000,,,uniform,,,,/eagle/lc-mpi/Zhiqing/polaris_ebm/data/imagenet32,/eagle/lc-mpi/Zhiqing/polaris_ebm/runs_imagenet32_phasea/PhaseA/imagenet32_ddp_strict_k100_s1k_20260403_021545,,,F:0,completed,,,,1000,,,,6986200.polaris-pbs-01.hsn.cm.polaris.alcf.anl.gov,no,imagenet32|yes|ddp_fullk||1|1|100|1000|||uniform||/eagle/lc-mpi/Zhiqing/polaris_ebm/data/imagenet32|conditional_phasea_smoke,5c5fad3873e8,unavailable,"Conditional ImageNet-32 smoke row; use for infrastructure validation, not for main quantitative claims."
imagenet32_phasea:imagenet32_ddp_strict_k100_s20k,imagenet32_phasea_current,imagenet32_phasea,imagenet32,yes,conditional_phasea_smoke,yes,imagenet32_ddp_strict_k100_s20k,PhaseA,PhaseA,ImageNet-32 conditional smoke / stability validation,ddp_fullk,ddp_strict,baseline_control,conditional_smoke,,1,1,100,20000,,,uniform,,,,/eagle/lc-mpi/Zhiqing/polaris_ebm/data/imagenet32,/eagle/lc-mpi/Zhiqing/polaris_ebm/runs_imagenet32_phasea/PhaseA/imagenet32_ddp_strict_k100_s20k_20260403_021545,,,F:0,completed,,,,20000,,,,6986206.polaris-pbs-01.hsn.cm.polaris.alcf.anl.gov,no,imagenet32|yes|ddp_fullk||1|1|100|20000|||uniform||/eagle/lc-mpi/Zhiqing/polaris_ebm/data/imagenet32|conditional_phasea_smoke,8a950cd5055f,unavailable,"Conditional ImageNet-32 smoke row; use for infrastructure validation, not for main quantitative claims."
imagenet32_phasea:imagenet32_ddp_strict_k100_s5k,imagenet32_phasea_current,imagenet32_phasea,imagenet32,yes,conditional_phasea_smoke,yes,imagenet32_ddp_strict_k100_s5k,PhaseA,PhaseA,ImageNet-32 conditional smoke / stability validation,ddp_fullk,ddp_strict,baseline_control,conditional_smoke,,1,1,100,5000,,,uniform,,,,/eagle/lc-mpi/Zhiqing/polaris_ebm/data/imagenet32,/eagle/lc-mpi/Zhiqing/polaris_ebm/runs_imagenet32_phasea/PhaseA/imagenet32_ddp_strict_k100_s5k_20260403_021545,,,F:0,completed,,,,5000,,,,6986203.polaris-pbs-01.hsn.cm.polaris.alcf.anl.gov,no,imagenet32|yes|ddp_fullk||1|1|100|5000|||uniform||/eagle/lc-mpi/Zhiqing/polaris_ebm/data/imagenet32|conditional_phasea_smoke,e2124f3ed4dc,unavailable,"Conditional ImageNet-32 smoke row; use for infrastructure validation, not for main quantitative claims."
imagenet32_phasea:imagenet32_pipeline_strict_p4_k100_s1k,imagenet32_phasea_current,imagenet32_phasea,imagenet32,yes,conditional_phasea_smoke,yes,imagenet32_pipeline_strict_p4_k100_s1k,PhaseA,PhaseA,ImageNet-32 conditional smoke / stability validation,pipe_strict,strict_pipeline,pipeline_realization,conditional_smoke,,4,1,100,1000,,,deep_only,,,,/eagle/lc-mpi/Zhiqing/polaris_ebm/data/imagenet32,/eagle/lc-mpi/Zhiqing/polaris_ebm/runs_imagenet32_phasea/PhaseA/imagenet32_pipeline_strict_p4_k100_s1k_20260403_021545,,,F:0,completed,,,,1000,,,,6986201.polaris-pbs-01.hsn.cm.polaris.alcf.anl.gov,no,imagenet32|yes|pipe_strict||4|1|100|1000|||deep_only||/eagle/lc-mpi/Zhiqing/polaris_ebm/data/imagenet32|conditional_phasea_smoke,5dcb3e952e91,unavailable,"Conditional ImageNet-32 smoke row; use for infrastructure validation, not for main quantitative claims."
imagenet32_phasea:imagenet32_pipeline_strict_p4_k100_s20k,imagenet32_phasea_current,imagenet32_phasea,imagenet32,yes,conditional_phasea_smoke,yes,imagenet32_pipeline_strict_p4_k100_s20k,PhaseA,PhaseA,ImageNet-32 conditional smoke / stability validation,pipe_strict,strict_pipeline,pipeline_realization,conditional_smoke,,4,1,100,20000,,,deep_only,,,,/eagle/lc-mpi/Zhiqing/polaris_ebm/data/imagenet32,/eagle/lc-mpi/Zhiqing/polaris_ebm/runs_imagenet32_phasea/PhaseA/imagenet32_pipeline_strict_p4_k100_s20k_20260403_021545,,,F:0,completed,,,,20000,,,,6986207.polaris-pbs-01.hsn.cm.polaris.alcf.anl.gov,no,imagenet32|yes|pipe_strict||4|1|100|20000|||deep_only||/eagle/lc-mpi/Zhiqing/polaris_ebm/data/imagenet32|conditional_phasea_smoke,c120e1915189,unavailable,"Conditional ImageNet-32 smoke row; use for infrastructure validation, not for main quantitative claims."
imagenet32_phasea:imagenet32_pipeline_strict_p4_k100_s5k,imagenet32_phasea_current,imagenet32_phasea,imagenet32,yes,conditional_phasea_smoke,yes,imagenet32_pipeline_strict_p4_k100_s5k,PhaseA,PhaseA,ImageNet-32 conditional smoke / stability validation,pipe_strict,strict_pipeline,pipeline_realization,conditional_smoke,,4,1,100,5000,,,deep_only,,,,/eagle/lc-mpi/Zhiqing/polaris_ebm/data/imagenet32,/eagle/lc-mpi/Zhiqing/polaris_ebm/runs_imagenet32_phasea/PhaseA/imagenet32_pipeline_strict_p4_k100_s5k_20260403_021545,,,F:0,completed,,,,5000,,,,6986204.polaris-pbs-01.hsn.cm.polaris.alcf.anl.gov,no,imagenet32|yes|pipe_strict||4|1|100|5000|||deep_only||/eagle/lc-mpi/Zhiqing/polaris_ebm/data/imagenet32|conditional_phasea_smoke,e4610678fd2c,unavailable,"Conditional ImageNet-32 smoke row; use for infrastructure validation, not for main quantitative claims."
imagenet32_phasea:imagenet32_single_strict_k100_s1k,imagenet32_phasea_current,imagenet32_phasea,imagenet32,yes,conditional_phasea_smoke,yes,imagenet32_single_strict_k100_s1k,PhaseA,PhaseA,ImageNet-32 conditional smoke / stability validation,single_fullk,single_strict,baseline_control,conditional_smoke,,1,1,100,1000,,,uniform,,,,/eagle/lc-mpi/Zhiqing/polaris_ebm/data/imagenet32,/eagle/lc-mpi/Zhiqing/polaris_ebm/runs_imagenet32_phasea/PhaseA/imagenet32_single_strict_k100_s1k_20260403_021545,,,F:0,completed,,,,1000,,,,6986199.polaris-pbs-01.hsn.cm.polaris.alcf.anl.gov,no,imagenet32|yes|single_fullk||1|1|100|1000|||uniform||/eagle/lc-mpi/Zhiqing/polaris_ebm/data/imagenet32|conditional_phasea_smoke,b78de766a6be,unavailable,"Conditional ImageNet-32 smoke row; use for infrastructure validation, not for main quantitative claims."
imagenet32_phasea:imagenet32_single_strict_k100_s20k,imagenet32_phasea_current,imagenet32_phasea,imagenet32,yes,conditional_phasea_smoke,yes,imagenet32_single_strict_k100_s20k,PhaseA,PhaseA,ImageNet-32 conditional smoke / stability validation,single_fullk,single_strict,baseline_control,conditional_smoke,,1,1,100,20000,,,uniform,,,,/eagle/lc-mpi/Zhiqing/polaris_ebm/data/imagenet32,/eagle/lc-mpi/Zhiqing/polaris_ebm/runs_imagenet32_phasea/PhaseA/imagenet32_single_strict_k100_s20k_20260403_021545,,,F:0,completed,,,,20000,,,,6986205.polaris-pbs-01.hsn.cm.polaris.alcf.anl.gov,no,imagenet32|yes|single_fullk||1|1|100|20000|||uniform||/eagle/lc-mpi/Zhiqing/polaris_ebm/data/imagenet32|conditional_phasea_smoke,97c1b2ae4d00,unavailable,"Conditional ImageNet-32 smoke row; use for infrastructure validation, not for main quantitative claims."
imagenet32_phasea:imagenet32_single_strict_k100_s5k,imagenet32_phasea_current,imagenet32_phasea,imagenet32,yes,conditional_phasea_smoke,yes,imagenet32_single_strict_k100_s5k,PhaseA,PhaseA,ImageNet-32 conditional smoke / stability validation,single_fullk,single_strict,baseline_control,conditional_smoke,,1,1,100,5000,,,uniform,,,,/eagle/lc-mpi/Zhiqing/polaris_ebm/data/imagenet32,/eagle/lc-mpi/Zhiqing/polaris_ebm/runs_imagenet32_phasea/PhaseA/imagenet32_single_strict_k100_s5k_20260403_021545,,,F:0,completed,,,,5000,,,,6986202.polaris-pbs-01.hsn.cm.polaris.alcf.anl.gov,no,imagenet32|yes|single_fullk||1|1|100|5000|||uniform||/eagle/lc-mpi/Zhiqing/polaris_ebm/data/imagenet32|conditional_phasea_smoke,56c028685be2,unavailable,"Conditional ImageNet-32 smoke row; use for infrastructure validation, not for main quantitative claims."
mainline_500k:ddp_fullk_K100_seed1_500k,ablation_500k_summary,mainline_500k,cifar10,no,legacy_long_horizon,context_only,ddp_fullk_K100_seed1_500k,P500K,P500K,500k mainline followup,ddp_fullk,ddp_strict,baseline_control,strict_baseline,4,0,1,100,500000,1e-4,1.0,uniform,0.01,,,/eagle/lc-mpi/Zhiqing/ebm/data/cifar10,/eagle/lc-mpi/Zhiqing/polaris_ebm/runs_ablation_500k/P500K/ddp_fullk_K100_seed1_500k_resume_20260401_152616,/eagle/lc-mpi/Zhiqing/polaris_ebm/runs_ablation_500k/P500K/ddp_fullk_K100_seed1_500k_resume_20260401_152616/eval,,done,completed,64.61510648175954,,,500000,,,,6983851.polaris-pbs-01.hsn.cm.polaris.alcf.anl.gov,no,cifar10|no|ddp_fullk|4|0|1|100|500000|1e-4|1.0|uniform|0.01|/eagle/lc-mpi/Zhiqing/ebm/data/cifar10|legacy_long_horizon,bbcd0b861b6d,unavailable,Registry row reconstructed from historical summary; per-run git commit was not recorded.
mainline_500k:ddp_fullk_K100_seed2_500k,ablation_500k_summary,mainline_500k,cifar10,no,legacy_long_horizon,context_only,ddp_fullk_K100_seed2_500k,P500K,P500K,500k mainline followup,ddp_fullk,ddp_strict,baseline_control,strict_baseline,4,0,1,100,500000,1e-4,1.0,uniform,0.01,,,/eagle/lc-mpi/Zhiqing/ebm/data/cifar10,/eagle/lc-mpi/Zhiqing/polaris_ebm/runs_ablation_500k/P500K/ddp_fullk_K100_seed2_500k_resume_20260401_152616,/eagle/lc-mpi/Zhiqing/polaris_ebm/runs_ablation_500k/P500K/ddp_fullk_K100_seed2_500k_resume_20260401_152616/eval,,done,completed,59.83725293609854,,,500000,,,,6983853.polaris-pbs-01.hsn.cm.polaris.alcf.anl.gov,no,cifar10|no|ddp_fullk|4|0|1|100|500000|1e-4|1.0|uniform|0.01|/eagle/lc-mpi/Zhiqing/ebm/data/cifar10|legacy_long_horizon,bbcd0b861b6d,unavailable,Registry row reconstructed from historical summary; per-run git commit was not recorded.
mainline_500k:ddp_fullk_K100_seed3_500k,ablation_500k_summary,mainline_500k,cifar10,no,legacy_long_horizon,context_only,ddp_fullk_K100_seed3_500k,P500K,P500K,500k mainline followup,ddp_fullk,ddp_strict,baseline_control,strict_baseline,4,0,1,100,500000,1e-4,1.0,uniform,0.01,,,/eagle/lc-mpi/Zhiqing/ebm/data/cifar10,/eagle/lc-mpi/Zhiqing/polaris_ebm/runs_ablation_500k/P500K/ddp_fullk_K100_seed3_500k_resume_20260401_152616,/eagle/lc-mpi/Zhiqing/polaris_ebm/runs_ablation_500k/P500K/ddp_fullk_K100_seed3_500k_resume_20260401_152616/eval,,done,completed,72.55367705300227,,,500000,,,,6983855.polaris-pbs-01.hsn.cm.polaris.alcf.anl.gov,no,cifar10|no|ddp_fullk|4|0|1|100|500000|1e-4|1.0|uniform|0.01|/eagle/lc-mpi/Zhiqing/ebm/data/cifar10|legacy_long_horizon,bbcd0b861b6d,unavailable,Registry row reconstructed from historical summary; per-run git commit was not recorded.
mainline_500k:pipe_strict_P4_K100_beta001_lr1e4_seed1_500k,ablation_500k_summary,mainline_500k,cifar10,no,legacy_long_horizon,context_only,pipe_strict_P4_K100_beta001_lr1e4_seed1_500k,P500K,P500K,500k mainline followup,pipe_strict,strict_pipeline,pipeline_realization,late_stage_weighted,4,4,1,100,500000,1e-4,1.0,last2_beta,0.01,,,/eagle/lc-mpi/Zhiqing/ebm/data/cifar10,/eagle/lc-mpi/Zhiqing/polaris_ebm/runs_ablation_500k/P500K/pipe_strict_P4_K100_beta001_lr1e4_seed1_500k_20260331_214126,/eagle/lc-mpi/Zhiqing/polaris_ebm/runs_ablation_500k/P500K/pipe_strict_P4_K100_beta001_lr1e4_seed1_500k_20260331_214126/eval,,done,completed,77.79853597494497,,,500000,,,,6982349.polaris-pbs-01.hsn.cm.polaris.alcf.anl.gov,no,cifar10|no|pipe_strict|4|4|1|100|500000|1e-4|1.0|last2_beta|0.01|/eagle/lc-mpi/Zhiqing/ebm/data/cifar10|legacy_long_horizon,06e2072b2b0a,unavailable,Registry row reconstructed from historical summary; per-run git commit was not recorded.
mainline_500k:pipe_strict_P4_K100_beta001_lr1e4_seed2_500k,ablation_500k_summary,mainline_500k,cifar10,no,legacy_long_horizon,context_only,pipe_strict_P4_K100_beta001_lr1e4_seed2_500k,P500K,P500K,500k mainline followup,pipe_strict,strict_pipeline,pipeline_realization,late_stage_weighted,4,4,1,100,500000,1e-4,1.0,last2_beta,0.01,,,/eagle/lc-mpi/Zhiqing/ebm/data/cifar10,/eagle/lc-mpi/Zhiqing/polaris_ebm/runs_ablation_500k/P500K/pipe_strict_P4_K100_beta001_lr1e4_seed2_500k_20260331_214126,/eagle/lc-mpi/Zhiqing/polaris_ebm/runs_ablation_500k/P500K/pipe_strict_P4_K100_beta001_lr1e4_seed2_500k_20260331_214126/eval,,done,completed,95.48980072832421,,,500000,,,,6982350.polaris-pbs-01.hsn.cm.polaris.alcf.anl.gov,no,cifar10|no|pipe_strict|4|4|1|100|500000|1e-4|1.0|last2_beta|0.01|/eagle/lc-mpi/Zhiqing/ebm/data/cifar10|legacy_long_horizon,06e2072b2b0a,unavailable,Registry row reconstructed from historical summary; per-run git commit was not recorded.
mainline_500k:pipe_strict_P4_K100_beta001_lr1e4_seed3_500k,ablation_500k_summary,mainline_500k,cifar10,no,legacy_long_horizon,context_only,pipe_strict_P4_K100_beta001_lr1e4_seed3_500k,P500K,P500K,500k mainline followup,pipe_strict,strict_pipeline,pipeline_realization,late_stage_weighted,4,4,1,100,500000,1e-4,1.0,last2_beta,0.01,,,/eagle/lc-mpi/Zhiqing/ebm/data/cifar10,/eagle/lc-mpi/Zhiqing/polaris_ebm/runs_ablation_500k/P500K/pipe_strict_P4_K100_beta001_lr1e4_seed3_500k_20260331_214126,/eagle/lc-mpi/Zhiqing/polaris_ebm/runs_ablation_500k/P500K/pipe_strict_P4_K100_beta001_lr1e4_seed3_500k_20260331_214126/eval,,done,completed,71.08917987364077,,,500000,,,,6982351.polaris-pbs-01.hsn.cm.polaris.alcf.anl.gov,no,cifar10|no|pipe_strict|4|4|1|100|500000|1e-4|1.0|last2_beta|0.01|/eagle/lc-mpi/Zhiqing/ebm/data/cifar10|legacy_long_horizon,06e2072b2b0a,unavailable,Registry row reconstructed from historical summary; per-run git commit was not recorded.
mainline_500k:single_fullk_K100_seed1_500k,ablation_500k_summary,mainline_500k,cifar10,no,legacy_long_horizon,context_only,single_fullk_K100_seed1_500k,P500K,P500K,500k mainline followup,single_fullk,single_strict,baseline_control,strict_baseline,1,1,1,100,500000,1e-4,1.0,uniform,0.01,,,/eagle/lc-mpi/Zhiqing/ebm/data/cifar10,/eagle/lc-mpi/Zhiqing/polaris_ebm/runs_ablation_500k/P500K/single_fullk_K100_seed1_500k_resume_20260401_152616,/eagle/lc-mpi/Zhiqing/polaris_ebm/runs_ablation_500k/P500K/single_fullk_K100_seed1_500k_resume_20260401_152616/eval,,done,completed,56.56082380820368,,,500000,,,,6983861.polaris-pbs-01.hsn.cm.polaris.alcf.anl.gov,no,cifar10|no|single_fullk|1|1|1|100|500000|1e-4|1.0|uniform|0.01|/eagle/lc-mpi/Zhiqing/ebm/data/cifar10|legacy_long_horizon,b9ccb73ead1d,unavailable,Registry row reconstructed from historical summary; per-run git commit was not recorded.
phase1_screening:A0_ddp_strict_300k_ref,phase1_summary,phase1_screening,cifar10,no,legacy_anchor,context_only,A0_ddp_strict_300k_ref,A0,A0,Q0 baseline alignment,ddp_fullk,ddp_strict,baseline_control,strict_baseline,4,0,1,100,300000,1e-4,1.0,uniform,0.01,,,/eagle/lc-mpi/Zhiqing/ebm/data/cifar10,/eagle/lc-mpi/Zhiqing/polaris_ebm/runs_dual/modea_fullk_align128/ddp_fullk_s300k_seed1_syncinit_20260324_165322,/eagle/lc-mpi/Zhiqing/polaris_ebm/runs_dual/modea_fullk_align128/ddp_fullk_s300k_seed1_syncinit_20260324_165322/eval,,reference,completed,66.85674838265982,,,300000,,,,,no,cifar10|no|ddp_fullk|4|0|1|100|300000|1e-4|1.0|uniform|0.01|/eagle/lc-mpi/Zhiqing/ebm/data/cifar10|legacy_anchor,fda98215d9a9,unavailable,Registry row reconstructed from historical summary; per-run git commit was not recorded.
phase1_screening:A0_pipeline_strict_300k_ref,phase1_summary,phase1_screening,cifar10,no,legacy_anchor,context_only,A0_pipeline_strict_300k_ref,A0,A0,Q0 baseline alignment,pipe_strict,strict_pipeline,pipeline_realization,late_stage_weighted,4,4,1,100,300000,1e-4,1.0,last2_beta,0.01,,,/eagle/lc-mpi/Zhiqing/ebm/data/cifar10,/eagle/lc-mpi/Zhiqing/polaris_ebm/runs_pipeline_strict/pipeline_strict_s300k_b001_lr1e-4_seed1_syncinit_20260324_165322,/eagle/lc-mpi/Zhiqing/polaris_ebm/runs_pipeline_strict/pipeline_strict_s300k_b001_lr1e-4_seed1_syncinit_20260324_165322/eval,,reference,completed,55.994582500105366,,,300000,,,,,no,cifar10|no|pipe_strict|4|4|1|100|300000|1e-4|1.0|last2_beta|0.01|/eagle/lc-mpi/Zhiqing/ebm/data/cifar10|legacy_anchor,cd1091ec11ab,unavailable,Registry row reconstructed from historical summary; per-run git commit was not recorded.
phase1_screening:A0_single_strict_300k_ref,phase1_summary,phase1_screening,cifar10,no,legacy_anchor,context_only,A0_single_strict_300k_ref,A0,A0,Q0 baseline alignment,single_fullk,single_strict,baseline_control,strict_baseline,1,1,1,100,300000,1e-4,1.0,uniform,0.01,,,/eagle/lc-mpi/Zhiqing/ebm/data/cifar10,/eagle/lc-mpi/Zhiqing/polaris_ebm/runs_baseline/orig_single_semantics_fid_s300000_K100_20260324_001055,/eagle/lc-mpi/Zhiqing/polaris_ebm/runs_baseline/orig_single_semantics_fid_s300000_K100_20260324_001055,,reference,completed,61.65055605301666,,,300000,,,,,no,cifar10|no|single_fullk|1|1|1|100|300000|1e-4|1.0|uniform|0.01|/eagle/lc-mpi/Zhiqing/ebm/data/cifar10|legacy_anchor,d58d93ea92f8,unavailable,Registry row reconstructed from historical summary; per-run git commit was not recorded.
phase1_screening:A1_single_fullk_k100_s20k,phase1_summary,phase1_screening,cifar10,no,legacy_weighting_screen,context_only,A1_single_fullk_k100_s20k,A1,A1,Q1 weighted_sum factor,single_fullk,single_strict,baseline_control,strict_baseline,1,1,1,100,20000,1e-4,1.0,uniform,0.01,,,/eagle/lc-mpi/Zhiqing/ebm/data/cifar10,/eagle/lc-mpi/Zhiqing/polaris_ebm/runs_ablation/A1/A1_single_fullk_k100_s20k_20260329_040631,/eagle/lc-mpi/Zhiqing/polaris_ebm/runs_ablation/A1/A1_single_fullk_k100_s20k_20260329_040631/eval,,done,completed,97.45603569494159,,,20000,,,,6979879.polaris-pbs*,no,cifar10|no|single_fullk|1|1|1|100|20000|1e-4|1.0|uniform|0.01|/eagle/lc-mpi/Zhiqing/ebm/data/cifar10|legacy_weighting_screen,4001d7f397fd,unavailable,Registry row reconstructed from historical summary; per-run git commit was not recorded.
phase1_screening:A1_single_pipe_deep_p4_k100_s20k,phase1_summary,phase1_screening,cifar10,no,legacy_weighting_screen,context_only,A1_single_pipe_deep_p4_k100_s20k,A1,A1,Q1 weighted_sum factor,single_pipe_emul,single_emulation,objective_emulation,deep_only_weighted,1,4,1,100,20000,1e-4,1.0,deep_only,0.01,,,/eagle/lc-mpi/Zhiqing/ebm/data/cifar10,/eagle/lc-mpi/Zhiqing/polaris_ebm/runs_ablation/A1/A1_single_pipe_deep_p4_k100_s20k_20260329_040631,/eagle/lc-mpi/Zhiqing/polaris_ebm/runs_ablation/A1/A1_single_pipe_deep_p4_k100_s20k_20260329_040631/eval,,done,completed,124.03824352769476,,,20000,,,,6979883.polaris-pbs*,no,cifar10|no|single_pipe_emul|1|4|1|100|20000|1e-4|1.0|deep_only|0.01|/eagle/lc-mpi/Zhiqing/ebm/data/cifar10|legacy_weighting_screen,0b3d76c9670f,unavailable,Registry row reconstructed from historical summary; per-run git commit was not recorded.
phase1_screening:A1_single_pipe_last2b001_p4_k100_s20k,phase1_summary,phase1_screening,cifar10,no,legacy_weighting_screen,context_only,A1_single_pipe_last2b001_p4_k100_s20k,A1,A1,Q1 weighted_sum factor,single_pipe_emul,single_emulation,objective_emulation,late_stage_weighted,1,4,1,100,20000,1e-4,1.0,last2_beta,0.01,,,/eagle/lc-mpi/Zhiqing/ebm/data/cifar10,/eagle/lc-mpi/Zhiqing/polaris_ebm/runs_ablation/A1/A1_single_pipe_last2b001_p4_k100_s20k_20260329_040631,/eagle/lc-mpi/Zhiqing/polaris_ebm/runs_ablation/A1/A1_single_pipe_last2b001_p4_k100_s20k_20260329_040631/eval,,done,completed,132.8462200352461,,,20000,,,,6979885.polaris-pbs*,no,cifar10|no|single_pipe_emul|1|4|1|100|20000|1e-4|1.0|last2_beta|0.01|/eagle/lc-mpi/Zhiqing/ebm/data/cifar10|legacy_weighting_screen,b1b42ec35f0a,unavailable,Registry row reconstructed from historical summary; per-run git commit was not recorded.
phase1_screening:A1_single_pipe_uniform_p4_k100_s20k,phase1_summary,phase1_screening,cifar10,no,legacy_weighting_screen,context_only,A1_single_pipe_uniform_p4_k100_s20k,A1,A1,Q1 weighted_sum factor,single_pipe_emul,single_emulation,objective_emulation,uniform_weighted,1,4,1,100,20000,1e-4,1.0,uniform,0.01,,,/eagle/lc-mpi/Zhiqing/ebm/data/cifar10,/eagle/lc-mpi/Zhiqing/polaris_ebm/runs_ablation/A1/A1_single_pipe_uniform_p4_k100_s20k_20260329_040631,/eagle/lc-mpi/Zhiqing/polaris_ebm/runs_ablation/A1/A1_single_pipe_uniform_p4_k100_s20k_20260329_040631/eval,,done,completed,90.51515436229909,,,20000,,,,6979881.polaris-pbs*,no,cifar10|no|single_pipe_emul|1|4|1|100|20000|1e-4|1.0|uniform|0.01|/eagle/lc-mpi/Zhiqing/ebm/data/cifar10|legacy_weighting_screen,c0b14dcbea70,unavailable,Registry row reconstructed from historical summary; per-run git commit was not recorded.
phase1_screening:A2_pipe_last2b001_p2_k100_s20k,phase1_summary,phase1_screening,cifar10,no,legacy_pipeline_factor_screen,context_only,A2_pipe_last2b001_p2_k100_s20k,A2,A2,Q2 pipeline factor,pipe_strict,strict_pipeline,pipeline_realization,late_stage_weighted,2,2,1,100,20000,1e-4,1.0,last2_beta,0.01,,,/eagle/lc-mpi/Zhiqing/ebm/data/cifar10,/eagle/lc-mpi/Zhiqing/polaris_ebm/runs_ablation/A2/A2_pipe_last2b001_p2_k100_s20k_20260329_145053,/eagle/lc-mpi/Zhiqing/polaris_ebm/runs_ablation/A2/A2_pipe_last2b001_p2_k100_s20k_20260329_145053/eval,,done,completed,114.22240109495755,,,20000,,,,6980024.polaris-pbs-01.hsn.cm.polaris.alcf.anl.gov,no,cifar10|no|pipe_strict|2|2|1|100|20000|1e-4|1.0|last2_beta|0.01|/eagle/lc-mpi/Zhiqing/ebm/data/cifar10|legacy_pipeline_factor_screen,50b054a9ecb8,unavailable,Registry row reconstructed from historical summary; per-run git commit was not recorded.
phase1_screening:A2_pipe_last2b001_p4_k100_s20k,phase1_summary,phase1_screening,cifar10,no,legacy_pipeline_factor_screen,context_only,A2_pipe_last2b001_p4_k100_s20k,A2,A2,Q2 pipeline factor,pipe_strict,strict_pipeline,pipeline_realization,late_stage_weighted,4,4,1,100,20000,1e-4,1.0,last2_beta,0.01,,,/eagle/lc-mpi/Zhiqing/ebm/data/cifar10,/eagle/lc-mpi/Zhiqing/polaris_ebm/runs_ablation/A2/A2_pipe_last2b001_p4_k100_s20k_20260329_145053,/eagle/lc-mpi/Zhiqing/polaris_ebm/runs_ablation/A2/A2_pipe_last2b001_p4_k100_s20k_20260329_145053/eval,,done,completed,106.22312384890517,,,20000,,,,6980026.polaris-pbs-01.hsn.cm.polaris.alcf.anl.gov,no,cifar10|no|pipe_strict|4|4|1|100|20000|1e-4|1.0|last2_beta|0.01|/eagle/lc-mpi/Zhiqing/ebm/data/cifar10|legacy_pipeline_factor_screen,574cacc15f96,unavailable,Registry row reconstructed from historical summary; per-run git commit was not recorded.
phase1_screening:A2_pipe_last2b001_p8_k100_s20k,phase1_summary,phase1_screening,cifar10,no,legacy_pipeline_factor_screen,context_only,A2_pipe_last2b001_p8_k100_s20k,A2,A2,Q2 pipeline factor,pipe_strict,strict_pipeline,pipeline_realization,late_stage_weighted,8,8,1,100,20000,1e-4,1.0,last2_beta,0.01,,,/eagle/lc-mpi/Zhiqing/ebm/data/cifar10,/eagle/lc-mpi/Zhiqing/polaris_ebm/runs_ablation/A2/A2_pipe_last2b001_p8_k100_s20k_20260329_145326,/eagle/lc-mpi/Zhiqing/polaris_ebm/runs_ablation/A2/A2_pipe_last2b001_p8_k100_s20k_20260329_145326/eval,,done,completed,127.71921957988073,,,20000,,,,6980032.polaris-pbs-01.hsn.cm.polaris.alcf.anl.gov,no,cifar10|no|pipe_strict|8|8|1|100|20000|1e-4|1.0|last2_beta|0.01|/eagle/lc-mpi/Zhiqing/ebm/data/cifar10|legacy_pipeline_factor_screen,4bf9b9091254,unavailable,Registry row reconstructed from historical summary; per-run git commit was not recorded.
phase1_screening:A2_pipe_uniform_p2_k100_s20k,phase1_summary,phase1_screening,cifar10,no,legacy_pipeline_factor_screen,context_only,A2_pipe_uniform_p2_k100_s20k,A2,A2,Q2 pipeline factor,pipe_strict,strict_pipeline,pipeline_realization,uniform_weighted,2,2,1,100,20000,1e-4,1.0,uniform,0.01,,,/eagle/lc-mpi/Zhiqing/ebm/data/cifar10,/eagle/lc-mpi/Zhiqing/polaris_ebm/runs_ablation/A2/A2_pipe_uniform_p2_k100_s20k_20260329_145053,/eagle/lc-mpi/Zhiqing/polaris_ebm/runs_ablation/A2/A2_pipe_uniform_p2_k100_s20k_20260329_145053/eval,,done,completed,108.21582029107128,,,20000,,,,6980018.polaris-pbs-01.hsn.cm.polaris.alcf.anl.gov,no,cifar10|no|pipe_strict|2|2|1|100|20000|1e-4|1.0|uniform|0.01|/eagle/lc-mpi/Zhiqing/ebm/data/cifar10|legacy_pipeline_factor_screen,48071c038795,unavailable,Registry row reconstructed from historical summary; per-run git commit was not recorded.
phase1_screening:A2_pipe_uniform_p4_k100_s20k,phase1_summary,phase1_screening,cifar10,no,legacy_pipeline_factor_screen,context_only,A2_pipe_uniform_p4_k100_s20k,A2,A2,Q2 pipeline factor,pipe_strict,strict_pipeline,pipeline_realization,uniform_weighted,4,4,1,100,20000,1e-4,1.0,uniform,0.01,,,/eagle/lc-mpi/Zhiqing/ebm/data/cifar10,/eagle/lc-mpi/Zhiqing/polaris_ebm/runs_ablation/A2/A2_pipe_uniform_p4_k100_s20k_20260329_145053,/eagle/lc-mpi/Zhiqing/polaris_ebm/runs_ablation/A2/A2_pipe_uniform_p4_k100_s20k_20260329_145053/eval,,done,completed,88.16671818730975,,,20000,,,,6980020.polaris-pbs-01.hsn.cm.polaris.alcf.anl.gov,no,cifar10|no|pipe_strict|4|4|1|100|20000|1e-4|1.0|uniform|0.01|/eagle/lc-mpi/Zhiqing/ebm/data/cifar10|legacy_pipeline_factor_screen,ecb8ed655f49,unavailable,Registry row reconstructed from historical summary; per-run git commit was not recorded.
phase1_screening:A2_pipe_uniform_p8_k100_s20k,phase1_summary,phase1_screening,cifar10,no,legacy_pipeline_factor_screen,context_only,A2_pipe_uniform_p8_k100_s20k,A2,A2,Q2 pipeline factor,pipe_strict,strict_pipeline,pipeline_realization,uniform_weighted,8,8,1,100,20000,1e-4,1.0,uniform,0.01,,,/eagle/lc-mpi/Zhiqing/ebm/data/cifar10,/eagle/lc-mpi/Zhiqing/polaris_ebm/runs_ablation/A2/A2_pipe_uniform_p8_k100_s20k_20260329_145326,/eagle/lc-mpi/Zhiqing/polaris_ebm/runs_ablation/A2/A2_pipe_uniform_p8_k100_s20k_20260329_145326/eval,,done,completed,99.06115617483204,,,20000,,,,6980030.polaris-pbs-01.hsn.cm.polaris.alcf.anl.gov,no,cifar10|no|pipe_strict|8|8|1|100|20000|1e-4|1.0|uniform|0.01|/eagle/lc-mpi/Zhiqing/ebm/data/cifar10|legacy_pipeline_factor_screen,e227f0a897aa,unavailable,Registry row reconstructed from historical summary; per-run git commit was not recorded.
phase1_screening:A3_ddp_fullk_k100_s20k,phase1_summary,phase1_screening,cifar10,no,legacy_chain_depth_screen,context_only,A3_ddp_fullk_k100_s20k,A3,A3,Q3 sampling_fidelity factor,ddp_fullk,ddp_strict,baseline_control,strict_baseline,4,0,1,100,20000,1e-4,1.0,uniform,0.01,,,/eagle/lc-mpi/Zhiqing/ebm/data/cifar10,/eagle/lc-mpi/Zhiqing/polaris_ebm/runs_ablation/A3/A3_ddp_fullk_k100_s20k_20260329_152523,/eagle/lc-mpi/Zhiqing/polaris_ebm/runs_ablation/A3/A3_ddp_fullk_k100_s20k_20260329_152523/eval,,done,completed,118.9807886227535,,,20000,,,,6980044.polaris-pbs-01.hsn.cm.polaris.alcf.anl.gov,no,cifar10|no|ddp_fullk|4|0|1|100|20000|1e-4|1.0|uniform|0.01|/eagle/lc-mpi/Zhiqing/ebm/data/cifar10|legacy_chain_depth_screen,a996850f318f,unavailable,Registry row reconstructed from historical summary; per-run git commit was not recorded.
phase1_screening:A3_ddp_fullk_k150_s20k,phase1_summary,phase1_screening,cifar10,no,legacy_chain_depth_screen,context_only,A3_ddp_fullk_k150_s20k,A3,A3,Q3 sampling_fidelity factor,ddp_fullk,ddp_strict,baseline_control,strict_baseline,4,0,1,150,20000,1e-4,1.0,uniform,0.01,,,/eagle/lc-mpi/Zhiqing/ebm/data/cifar10,/eagle/lc-mpi/Zhiqing/polaris_ebm/runs_ablation/A3/A3_ddp_fullk_k150_s20k_20260329_152523,/eagle/lc-mpi/Zhiqing/polaris_ebm/runs_ablation/A3/A3_ddp_fullk_k150_s20k_20260329_152523/eval,,done,completed,334.97352235738043,,,20000,,,,6980048.polaris-pbs-01.hsn.cm.polaris.alcf.anl.gov,no,cifar10|no|ddp_fullk|4|0|1|150|20000|1e-4|1.0|uniform|0.01|/eagle/lc-mpi/Zhiqing/ebm/data/cifar10|legacy_chain_depth_screen,5d47810afc26,unavailable,Registry row reconstructed from historical summary; per-run git commit was not recorded.
phase1_screening:A3_ddp_fullk_k200_s20k,phase1_summary,phase1_screening,cifar10,no,legacy_chain_depth_screen,context_only,A3_ddp_fullk_k200_s20k,A3,A3,Q3 sampling_fidelity factor,ddp_fullk,ddp_strict,baseline_control,strict_baseline,4,0,1,200,20000,1e-4,1.0,uniform,0.01,,,/eagle/lc-mpi/Zhiqing/ebm/data/cifar10,/eagle/lc-mpi/Zhiqing/polaris_ebm/runs_ablation/A3/A3_ddp_fullk_k200_s20k_20260329_152523,/eagle/lc-mpi/Zhiqing/polaris_ebm/runs_ablation/A3/A3_ddp_fullk_k200_s20k_20260329_152523/eval,,done,completed,371.2953885237827,,,20000,,,,6980052.polaris-pbs-01.hsn.cm.polaris.alcf.anl.gov,no,cifar10|no|ddp_fullk|4|0|1|200|20000|1e-4|1.0|uniform|0.01|/eagle/lc-mpi/Zhiqing/ebm/data/cifar10|legacy_chain_depth_screen,a368fb9ad635,unavailable,Registry row reconstructed from historical summary; per-run git commit was not recorded.
phase1_screening:A3_ddp_fullk_k30_s20k,phase1_summary,phase1_screening,cifar10,no,legacy_chain_depth_screen,context_only,A3_ddp_fullk_k30_s20k,A3,A3,Q3 sampling_fidelity factor,ddp_fullk,ddp_strict,baseline_control,strict_baseline,4,0,1,30,20000,1e-4,1.0,uniform,0.01,,,/eagle/lc-mpi/Zhiqing/ebm/data/cifar10,/eagle/lc-mpi/Zhiqing/polaris_ebm/runs_ablation/A3/A3_ddp_fullk_k30_s20k_20260329_145447,/eagle/lc-mpi/Zhiqing/polaris_ebm/runs_ablation/A3/A3_ddp_fullk_k30_s20k_20260329_145447/eval,,done,completed,372.8244812008316,,,20000,,,,6980034.polaris-pbs-01.hsn.cm.polaris.alcf.anl.gov,no,cifar10|no|ddp_fullk|4|0|1|30|20000|1e-4|1.0|uniform|0.01|/eagle/lc-mpi/Zhiqing/ebm/data/cifar10|legacy_chain_depth_screen,47139084fbe0,unavailable,Registry row reconstructed from historical summary; per-run git commit was not recorded.
phase1_screening:A3_ddp_fullk_k400_s20k,phase1_summary,phase1_screening,cifar10,no,legacy_chain_depth_screen,context_only,A3_ddp_fullk_k400_s20k,A3,A3,Q3 sampling_fidelity factor,ddp_fullk,ddp_strict,baseline_control,strict_baseline,4,0,1,400,20000,1e-4,1.0,uniform,0.01,,,/eagle/lc-mpi/Zhiqing/ebm/data/cifar10,/eagle/lc-mpi/Zhiqing/polaris_ebm/runs_ablation/A3/A3_ddp_fullk_k400_s20k_20260329_152523,/eagle/lc-mpi/Zhiqing/polaris_ebm/runs_ablation/A3/A3_ddp_fullk_k400_s20k_20260329_152523/eval,,done,completed,433.11443028098233,,,20000,,,,6980056.polaris-pbs-01.hsn.cm.polaris.alcf.anl.gov,no,cifar10|no|ddp_fullk|4|0|1|400|20000|1e-4|1.0|uniform|0.01|/eagle/lc-mpi/Zhiqing/ebm/data/cifar10|legacy_chain_depth_screen,a3334bc0cfc4,unavailable,Registry row reconstructed from historical summary; per-run git commit was not recorded.
phase1_screening:A3_ddp_fullk_k60_s20k,phase1_summary,phase1_screening,cifar10,no,legacy_chain_depth_screen,context_only,A3_ddp_fullk_k60_s20k,A3,A3,Q3 sampling_fidelity factor,ddp_fullk,ddp_strict,baseline_control,strict_baseline,4,0,1,60,20000,1e-4,1.0,uniform,0.01,,,/eagle/lc-mpi/Zhiqing/ebm/data/cifar10,/eagle/lc-mpi/Zhiqing/polaris_ebm/runs_ablation/A3/A3_ddp_fullk_k60_s20k_20260329_145447,/eagle/lc-mpi/Zhiqing/polaris_ebm/runs_ablation/A3/A3_ddp_fullk_k60_s20k_20260329_145447/eval,,done,completed,143.82086789447493,,,20000,,,,6980038.polaris-pbs-01.hsn.cm.polaris.alcf.anl.gov,no,cifar10|no|ddp_fullk|4|0|1|60|20000|1e-4|1.0|uniform|0.01|/eagle/lc-mpi/Zhiqing/ebm/data/cifar10|legacy_chain_depth_screen,16c44d0476e1,unavailable,Registry row reconstructed from historical summary; per-run git commit was not recorded.
phase1_screening:A3_pipe_last2b001_p4_k100_s20k,phase1_summary,phase1_screening,cifar10,no,legacy_chain_depth_screen,context_only,A3_pipe_last2b001_p4_k100_s20k,A3,A3,Q3 sampling_fidelity factor,pipe_strict,strict_pipeline,pipeline_realization,late_stage_weighted,4,4,1,100,20000,1e-4,1.0,last2_beta,0.01,,,/eagle/lc-mpi/Zhiqing/ebm/data/cifar10,/eagle/lc-mpi/Zhiqing/polaris_ebm/runs_ablation/A3/A3_pipe_last2b001_p4_k100_s20k_20260329_152523,/eagle/lc-mpi/Zhiqing/polaris_ebm/runs_ablation/A3/A3_pipe_last2b001_p4_k100_s20k_20260329_152523/eval,,done,completed,123.03575353426459,,,20000,,,,6980046.polaris-pbs-01.hsn.cm.polaris.alcf.anl.gov,no,cifar10|no|pipe_strict|4|4|1|100|20000|1e-4|1.0|last2_beta|0.01|/eagle/lc-mpi/Zhiqing/ebm/data/cifar10|legacy_chain_depth_screen,cdfd9d54822a,unavailable,Registry row reconstructed from historical summary; per-run git commit was not recorded.
phase1_screening:A3_pipe_last2b001_p4_k150_s20k,phase1_summary,phase1_screening,cifar10,no,legacy_chain_depth_screen,context_only,A3_pipe_last2b001_p4_k150_s20k,A3,A3,Q3 sampling_fidelity factor,pipe_strict,strict_pipeline,pipeline_realization,late_stage_weighted,4,4,1,150,20000,1e-4,1.0,last2_beta,0.01,,,/eagle/lc-mpi/Zhiqing/ebm/data/cifar10,/eagle/lc-mpi/Zhiqing/polaris_ebm/runs_ablation/A3/A3_pipe_last2b001_p4_k150_s20k_20260329_152523,/eagle/lc-mpi/Zhiqing/polaris_ebm/runs_ablation/A3/A3_pipe_last2b001_p4_k150_s20k_20260329_152523/eval,,done,completed,327.7384232001299,,,20000,,,,6980050.polaris-pbs-01.hsn.cm.polaris.alcf.anl.gov,no,cifar10|no|pipe_strict|4|4|1|150|20000|1e-4|1.0|last2_beta|0.01|/eagle/lc-mpi/Zhiqing/ebm/data/cifar10|legacy_chain_depth_screen,f39638c5c6aa,unavailable,Registry row reconstructed from historical summary; per-run git commit was not recorded.
phase1_screening:A3_pipe_last2b001_p4_k200_s20k,phase1_summary,phase1_screening,cifar10,no,legacy_chain_depth_screen,context_only,A3_pipe_last2b001_p4_k200_s20k,A3,A3,Q3 sampling_fidelity factor,pipe_strict,strict_pipeline,pipeline_realization,late_stage_weighted,4,4,1,200,20000,1e-4,1.0,last2_beta,0.01,,,/eagle/lc-mpi/Zhiqing/ebm/data/cifar10,/eagle/lc-mpi/Zhiqing/polaris_ebm/runs_ablation/A3/A3_pipe_last2b001_p4_k200_s20k_20260329_152523,/eagle/lc-mpi/Zhiqing/polaris_ebm/runs_ablation/A3/A3_pipe_last2b001_p4_k200_s20k_20260329_152523/eval,,done,completed,370.40471467134194,,,20000,,,,6980054.polaris-pbs-01.hsn.cm.polaris.alcf.anl.gov,no,cifar10|no|pipe_strict|4|4|1|200|20000|1e-4|1.0|last2_beta|0.01|/eagle/lc-mpi/Zhiqing/ebm/data/cifar10|legacy_chain_depth_screen,00c6b986b28b,unavailable,Registry row reconstructed from historical summary; per-run git commit was not recorded.
phase1_screening:A3_pipe_last2b001_p4_k30_s20k,phase1_summary,phase1_screening,cifar10,no,legacy_chain_depth_screen,context_only,A3_pipe_last2b001_p4_k30_s20k,A3,A3,Q3 sampling_fidelity factor,pipe_strict,strict_pipeline,pipeline_realization,late_stage_weighted,4,4,1,30,20000,1e-4,1.0,last2_beta,0.01,,,/eagle/lc-mpi/Zhiqing/ebm/data/cifar10,/eagle/lc-mpi/Zhiqing/polaris_ebm/runs_ablation/A3/A3_pipe_last2b001_p4_k30_s20k_20260329_145447,/eagle/lc-mpi/Zhiqing/polaris_ebm/runs_ablation/A3/A3_pipe_last2b001_p4_k30_s20k_20260329_145447/eval,,done,completed,167.24952504622044,,,20000,,,,6980036.polaris-pbs-01.hsn.cm.polaris.alcf.anl.gov,no,cifar10|no|pipe_strict|4|4|1|30|20000|1e-4|1.0|last2_beta|0.01|/eagle/lc-mpi/Zhiqing/ebm/data/cifar10|legacy_chain_depth_screen,2e1f3522da11,unavailable,Registry row reconstructed from historical summary; per-run git commit was not recorded.
phase1_screening:A3_pipe_last2b001_p4_k400_s20k,phase1_summary,phase1_screening,cifar10,no,legacy_chain_depth_screen,context_only,A3_pipe_last2b001_p4_k400_s20k,A3,A3,Q3 sampling_fidelity factor,pipe_strict,strict_pipeline,pipeline_realization,late_stage_weighted,4,4,1,400,20000,1e-4,1.0,last2_beta,0.01,,,/eagle/lc-mpi/Zhiqing/ebm/data/cifar10,/eagle/lc-mpi/Zhiqing/polaris_ebm/runs_ablation/A3/A3_pipe_last2b001_p4_k400_s20k_20260329_160221,/eagle/lc-mpi/Zhiqing/polaris_ebm/runs_ablation/A3/A3_pipe_last2b001_p4_k400_s20k_20260329_160221/eval,,done,completed,421.7380101504298,,,20000,,,,6980077.polaris-pbs-01.hsn.cm.polaris.alcf.anl.gov,no,cifar10|no|pipe_strict|4|4|1|400|20000|1e-4|1.0|last2_beta|0.01|/eagle/lc-mpi/Zhiqing/ebm/data/cifar10|legacy_chain_depth_screen,119bdab453cd,unavailable,Registry row reconstructed from historical summary; per-run git commit was not recorded.
phase1_screening:A3_pipe_last2b001_p4_k60_s20k,phase1_summary,phase1_screening,cifar10,no,legacy_chain_depth_screen,context_only,A3_pipe_last2b001_p4_k60_s20k,A3,A3,Q3 sampling_fidelity factor,pipe_strict,strict_pipeline,pipeline_realization,late_stage_weighted,4,4,1,60,20000,1e-4,1.0,last2_beta,0.01,,,/eagle/lc-mpi/Zhiqing/ebm/data/cifar10,/eagle/lc-mpi/Zhiqing/polaris_ebm/runs_ablation/A3/A3_pipe_last2b001_p4_k60_s20k_20260329_145447,/eagle/lc-mpi/Zhiqing/polaris_ebm/runs_ablation/A3/A3_pipe_last2b001_p4_k60_s20k_20260329_145447/eval,,done,completed,124.30201430664641,,,20000,,,,6980040.polaris-pbs-01.hsn.cm.polaris.alcf.anl.gov,no,cifar10|no|pipe_strict|4|4|1|60|20000|1e-4|1.0|last2_beta|0.01|/eagle/lc-mpi/Zhiqing/ebm/data/cifar10|legacy_chain_depth_screen,7f8f2dea4d74,unavailable,Registry row reconstructed from historical summary; per-run git commit was not recorded.
phase1_screening:A4_ddp_fullk_eps001_k100_s20k,phase1_summary,phase1_screening,cifar10,no,legacy_step_size_screen,context_only,A4_ddp_fullk_eps001_k100_s20k,A4,A4,Q4 step_size factor,ddp_fullk,ddp_strict,baseline_control,strict_baseline,4,0,1,100,20000,1e-4,0.01,uniform,0.01,,,/eagle/lc-mpi/Zhiqing/ebm/data/cifar10,/eagle/lc-mpi/Zhiqing/polaris_ebm/runs_ablation/A4/A4_ddp_fullk_eps001_k100_s20k_20260329_161307,/eagle/lc-mpi/Zhiqing/polaris_ebm/runs_ablation/A4/A4_ddp_fullk_eps001_k100_s20k_20260329_161307/eval,,done,completed,118.94154233466753,,,20000,,,,6980091.polaris-pbs-01.hsn.cm.polaris.alcf.anl.gov,no,cifar10|no|ddp_fullk|4|0|1|100|20000|1e-4|0.01|uniform|0.01|/eagle/lc-mpi/Zhiqing/ebm/data/cifar10|legacy_step_size_screen,616d1183aa12,unavailable,Registry row reconstructed from historical summary; per-run git commit was not recorded.
phase1_screening:A4_ddp_fullk_eps002_k100_s20k,phase1_summary,phase1_screening,cifar10,no,legacy_step_size_screen,context_only,A4_ddp_fullk_eps002_k100_s20k,A4,A4,Q4 step_size factor,ddp_fullk,ddp_strict,baseline_control,strict_baseline,4,0,1,100,20000,1e-4,0.02,uniform,0.01,,,/eagle/lc-mpi/Zhiqing/ebm/data/cifar10,/eagle/lc-mpi/Zhiqing/polaris_ebm/runs_ablation/A4/A4_ddp_fullk_eps002_k100_s20k_20260329_161307,/eagle/lc-mpi/Zhiqing/polaris_ebm/runs_ablation/A4/A4_ddp_fullk_eps002_k100_s20k_20260329_161307/eval,,done,completed,111.6598067768017,,,20000,,,,6980095.polaris-pbs-01.hsn.cm.polaris.alcf.anl.gov,no,cifar10|no|ddp_fullk|4|0|1|100|20000|1e-4|0.02|uniform|0.01|/eagle/lc-mpi/Zhiqing/ebm/data/cifar10|legacy_step_size_screen,00914fe9d1ab,unavailable,Registry row reconstructed from historical summary; per-run git commit was not recorded.
phase1_screening:A4_ddp_fullk_eps005_k100_s20k,phase1_summary,phase1_screening,cifar10,no,legacy_step_size_screen,context_only,A4_ddp_fullk_eps005_k100_s20k,A4,A4,Q4 step_size factor,ddp_fullk,ddp_strict,baseline_control,strict_baseline,4,0,1,100,20000,1e-4,0.05,uniform,0.01,,,/eagle/lc-mpi/Zhiqing/ebm/data/cifar10,/eagle/lc-mpi/Zhiqing/polaris_ebm/runs_ablation/A4/A4_ddp_fullk_eps005_k100_s20k_20260330_031604,/eagle/lc-mpi/Zhiqing/polaris_ebm/runs_ablation/A4/A4_ddp_fullk_eps005_k100_s20k_20260330_031604/eval,,done,completed,113.46322581404473,,,20000,,,,6980655.polaris-pbs-01.hsn.cm.polaris.alcf.anl.gov,no,cifar10|no|ddp_fullk|4|0|1|100|20000|1e-4|0.05|uniform|0.01|/eagle/lc-mpi/Zhiqing/ebm/data/cifar10|legacy_step_size_screen,c6f5baf96fe6,unavailable,Registry row reconstructed from historical summary; per-run git commit was not recorded.
phase1_screening:A4_ddp_fullk_eps010_k100_s20k,phase1_summary,phase1_screening,cifar10,no,legacy_step_size_screen,context_only,A4_ddp_fullk_eps010_k100_s20k,A4,A4,Q4 step_size factor,ddp_fullk,ddp_strict,baseline_control,strict_baseline,4,0,1,100,20000,1e-4,0.1,uniform,0.01,,,/eagle/lc-mpi/Zhiqing/ebm/data/cifar10,/eagle/lc-mpi/Zhiqing/polaris_ebm/runs_ablation/A4/A4_ddp_fullk_eps010_k100_s20k_20260329_162236,/eagle/lc-mpi/Zhiqing/polaris_ebm/runs_ablation/A4/A4_ddp_fullk_eps010_k100_s20k_20260329_162236/eval,,done,completed,114.95728215253928,,,20000,,,,6980104.polaris-pbs-01.hsn.cm.polaris.alcf.anl.gov,no,cifar10|no|ddp_fullk|4|0|1|100|20000|1e-4|0.1|uniform|0.01|/eagle/lc-mpi/Zhiqing/ebm/data/cifar10|legacy_step_size_screen,6d4aaa1603f1,unavailable,Registry row reconstructed from historical summary; per-run git commit was not recorded.
phase1_screening:A4_ddp_fullk_eps020_k100_s20k,phase1_summary,phase1_screening,cifar10,no,legacy_step_size_screen,context_only,A4_ddp_fullk_eps020_k100_s20k,A4,A4,Q4 step_size factor,ddp_fullk,ddp_strict,baseline_control,strict_baseline,4,0,1,100,20000,1e-4,0.2,uniform,0.01,,,/eagle/lc-mpi/Zhiqing/ebm/data/cifar10,/eagle/lc-mpi/Zhiqing/polaris_ebm/runs_ablation/A4/A4_ddp_fullk_eps020_k100_s20k_20260329_164242,/eagle/lc-mpi/Zhiqing/polaris_ebm/runs_ablation/A4/A4_ddp_fullk_eps020_k100_s20k_20260329_164242/eval,,done,completed,117.38009212032432,,,20000,,,,6980110.polaris-pbs-01.hsn.cm.polaris.alcf.anl.gov,no,cifar10|no|ddp_fullk|4|0|1|100|20000|1e-4|0.2|uniform|0.01|/eagle/lc-mpi/Zhiqing/ebm/data/cifar10|legacy_step_size_screen,84601e670502,unavailable,Registry row reconstructed from historical summary; per-run git commit was not recorded.
phase1_screening:A4_pipe_last2b001_p4_eps001_k100_s20k,phase1_summary,phase1_screening,cifar10,no,legacy_step_size_screen,context_only,A4_pipe_last2b001_p4_eps001_k100_s20k,A4,A4,Q4 step_size factor,pipe_strict,strict_pipeline,pipeline_realization,late_stage_weighted,4,4,1,100,20000,1e-4,0.01,last2_beta,0.01,,,/eagle/lc-mpi/Zhiqing/ebm/data/cifar10,/eagle/lc-mpi/Zhiqing/polaris_ebm/runs_ablation/A4/A4_pipe_last2b001_p4_eps001_k100_s20k_20260329_161307,/eagle/lc-mpi/Zhiqing/polaris_ebm/runs_ablation/A4/A4_pipe_last2b001_p4_eps001_k100_s20k_20260329_161307/eval,,done,completed,125.18450185387076,,,20000,,,,6980093.polaris-pbs-01.hsn.cm.polaris.alcf.anl.gov,no,cifar10|no|pipe_strict|4|4|1|100|20000|1e-4|0.01|last2_beta|0.01|/eagle/lc-mpi/Zhiqing/ebm/data/cifar10|legacy_step_size_screen,45ead33d506a,unavailable,Registry row reconstructed from historical summary; per-run git commit was not recorded.
phase1_screening:A4_pipe_last2b001_p4_eps002_k100_s20k,phase1_summary,phase1_screening,cifar10,no,legacy_step_size_screen,context_only,A4_pipe_last2b001_p4_eps002_k100_s20k,A4,A4,Q4 step_size factor,pipe_strict,strict_pipeline,pipeline_realization,late_stage_weighted,4,4,1,100,20000,1e-4,0.02,last2_beta,0.01,,,/eagle/lc-mpi/Zhiqing/ebm/data/cifar10,/eagle/lc-mpi/Zhiqing/polaris_ebm/runs_ablation/A4/A4_pipe_last2b001_p4_eps002_k100_s20k_20260329_161307,/eagle/lc-mpi/Zhiqing/polaris_ebm/runs_ablation/A4/A4_pipe_last2b001_p4_eps002_k100_s20k_20260329_161307/eval,,done,completed,115.64524760115205,,,20000,,,,6980097.polaris-pbs-01.hsn.cm.polaris.alcf.anl.gov,no,cifar10|no|pipe_strict|4|4|1|100|20000|1e-4|0.02|last2_beta|0.01|/eagle/lc-mpi/Zhiqing/ebm/data/cifar10|legacy_step_size_screen,f2172140bb8f,unavailable,Registry row reconstructed from historical summary; per-run git commit was not recorded.
phase1_screening:A4_pipe_last2b001_p4_eps005_k100_s20k,phase1_summary,phase1_screening,cifar10,no,legacy_step_size_screen,context_only,A4_pipe_last2b001_p4_eps005_k100_s20k,A4,A4,Q4 step_size factor,pipe_strict,strict_pipeline,pipeline_realization,late_stage_weighted,4,4,1,100,20000,1e-4,0.05,last2_beta,0.01,,,/eagle/lc-mpi/Zhiqing/ebm/data/cifar10,/eagle/lc-mpi/Zhiqing/polaris_ebm/runs_ablation/A4/A4_pipe_last2b001_p4_eps005_k100_s20k_20260329_162236,/eagle/lc-mpi/Zhiqing/polaris_ebm/runs_ablation/A4/A4_pipe_last2b001_p4_eps005_k100_s20k_20260329_162236/eval,,done,completed,115.5575964363282,,,20000,,,,6980102.polaris-pbs-01.hsn.cm.polaris.alcf.anl.gov,no,cifar10|no|pipe_strict|4|4|1|100|20000|1e-4|0.05|last2_beta|0.01|/eagle/lc-mpi/Zhiqing/ebm/data/cifar10|legacy_step_size_screen,a19615115146,unavailable,Registry row reconstructed from historical summary; per-run git commit was not recorded.
phase1_screening:A4_pipe_last2b001_p4_eps010_k100_s20k,phase1_summary,phase1_screening,cifar10,no,legacy_step_size_screen,context_only,A4_pipe_last2b001_p4_eps010_k100_s20k,A4,A4,Q4 step_size factor,pipe_strict,strict_pipeline,pipeline_realization,late_stage_weighted,4,4,1,100,20000,1e-4,0.1,last2_beta,0.01,,,/eagle/lc-mpi/Zhiqing/ebm/data/cifar10,/eagle/lc-mpi/Zhiqing/polaris_ebm/runs_ablation/A4/A4_pipe_last2b001_p4_eps010_k100_s20k_20260329_164242,/eagle/lc-mpi/Zhiqing/polaris_ebm/runs_ablation/A4/A4_pipe_last2b001_p4_eps010_k100_s20k_20260329_164242/eval,,done,completed,112.57379692792603,,,20000,,,,6980109.polaris-pbs-01.hsn.cm.polaris.alcf.anl.gov,no,cifar10|no|pipe_strict|4|4|1|100|20000|1e-4|0.1|last2_beta|0.01|/eagle/lc-mpi/Zhiqing/ebm/data/cifar10|legacy_step_size_screen,c50270002d26,unavailable,Registry row reconstructed from historical summary; per-run git commit was not recorded.
phase1_screening:A4_pipe_last2b001_p4_eps020_k100_s20k,phase1_summary,phase1_screening,cifar10,no,legacy_step_size_screen,context_only,A4_pipe_last2b001_p4_eps020_k100_s20k,A4,A4,Q4 step_size factor,pipe_strict,strict_pipeline,pipeline_realization,late_stage_weighted,4,4,1,100,20000,1e-4,0.2,last2_beta,0.01,,,/eagle/lc-mpi/Zhiqing/ebm/data/cifar10,/eagle/lc-mpi/Zhiqing/polaris_ebm/runs_ablation/A4/A4_pipe_last2b001_p4_eps020_k100_s20k_20260329_164242,/eagle/lc-mpi/Zhiqing/polaris_ebm/runs_ablation/A4/A4_pipe_last2b001_p4_eps020_k100_s20k_20260329_164242/eval,,done,completed,149.0415877760268,,,20000,,,,6980111.polaris-pbs-01.hsn.cm.polaris.alcf.anl.gov,no,cifar10|no|pipe_strict|4|4|1|100|20000|1e-4|0.2|last2_beta|0.01|/eagle/lc-mpi/Zhiqing/ebm/data/cifar10|legacy_step_size_screen,5cecdc7e3dd6,unavailable,Registry row reconstructed from historical summary; per-run git commit was not recorded.
phase2_mainline:ddp_fullk_K100_seed2_300k,phase2_summary,phase2_mainline,cifar10,no,legacy_seed_repro,context_only,ddp_fullk_K100_seed2_300k,M1,M1,M1 reproducibility,ddp_fullk,ddp_strict,baseline_control,strict_baseline,4,0,1,100,300000,1e-4,1.0,uniform,0.01,,,/eagle/lc-mpi/Zhiqing/ebm/data/cifar10,/eagle/lc-mpi/Zhiqing/polaris_ebm/runs_ablation_phase2/M1/ddp_fullk_K100_seed2_300k_20260329_170437,/eagle/lc-mpi/Zhiqing/polaris_ebm/runs_ablation_phase2/M1/ddp_fullk_K100_seed2_300k_20260329_170437/eval,,done,completed,58.29269515836154,,,300000,,,,6980119.polaris-pbs-01.hsn.cm.polaris.alcf.anl.gov,no,cifar10|no|ddp_fullk|4|0|1|100|300000|1e-4|1.0|uniform|0.01|/eagle/lc-mpi/Zhiqing/ebm/data/cifar10|legacy_seed_repro,7ba757f1a579,unavailable,Registry row reconstructed from historical summary; per-run git commit was not recorded.
phase2_mainline:ddp_fullk_K100_seed3_300k,phase2_summary,phase2_mainline,cifar10,no,legacy_seed_repro,context_only,ddp_fullk_K100_seed3_300k,M1,M1,M1 reproducibility,ddp_fullk,ddp_strict,baseline_control,strict_baseline,4,0,1,100,300000,1e-4,1.0,uniform,0.01,,,/eagle/lc-mpi/Zhiqing/ebm/data/cifar10,/eagle/lc-mpi/Zhiqing/polaris_ebm/runs_ablation_phase2/M1/ddp_fullk_K100_seed3_300k_20260331_024324,/eagle/lc-mpi/Zhiqing/polaris_ebm/runs_ablation_phase2/M1/ddp_fullk_K100_seed3_300k_20260331_024324/eval,,done,completed,65.13306481720332,,,300000,,,,6981547.polaris-pbs-01.hsn.cm.polaris.alcf.anl.gov,no,cifar10|no|ddp_fullk|4|0|1|100|300000|1e-4|1.0|uniform|0.01|/eagle/lc-mpi/Zhiqing/ebm/data/cifar10|legacy_seed_repro,7ba757f1a579,unavailable,Registry row reconstructed from historical summary; per-run git commit was not recorded.
phase2_mainline:pipe_strict_P4_K100_beta001_lr1e4_seed2_300k,phase2_summary,phase2_mainline,cifar10,no,legacy_seed_repro,context_only,pipe_strict_P4_K100_beta001_lr1e4_seed2_300k,M1,M1,M1 reproducibility,pipe_strict,strict_pipeline,pipeline_realization,late_stage_weighted,4,4,1,100,300000,1e-4,1.0,last2_beta,0.01,,,/eagle/lc-mpi/Zhiqing/ebm/data/cifar10,/eagle/lc-mpi/Zhiqing/polaris_ebm/runs_ablation_phase2/M1/pipe_strict_P4_K100_beta001_lr1e4_seed2_300k_20260329_170437,/eagle/lc-mpi/Zhiqing/polaris_ebm/runs_ablation_phase2/M1/pipe_strict_P4_K100_beta001_lr1e4_seed2_300k_20260329_170437/eval,,done,completed,66.04742062254462,,,300000,,,,6980120.polaris-pbs-01.hsn.cm.polaris.alcf.anl.gov,no,cifar10|no|pipe_strict|4|4|1|100|300000|1e-4|1.0|last2_beta|0.01|/eagle/lc-mpi/Zhiqing/ebm/data/cifar10|legacy_seed_repro,8b4d67bea31f,unavailable,Registry row reconstructed from historical summary; per-run git commit was not recorded.
phase2_mainline:pipe_strict_P4_K100_beta001_lr1e4_seed3_300k,phase2_summary,phase2_mainline,cifar10,no,legacy_seed_repro,context_only,pipe_strict_P4_K100_beta001_lr1e4_seed3_300k,M1,M1,M1 reproducibility,pipe_strict,strict_pipeline,pipeline_realization,late_stage_weighted,4,4,1,100,300000,1e-4,1.0,last2_beta,0.01,,,/eagle/lc-mpi/Zhiqing/ebm/data/cifar10,/eagle/lc-mpi/Zhiqing/polaris_ebm/runs_ablation_phase2/M1/pipe_strict_P4_K100_beta001_lr1e4_seed3_300k_20260331_024324,/eagle/lc-mpi/Zhiqing/polaris_ebm/runs_ablation_phase2/M1/pipe_strict_P4_K100_beta001_lr1e4_seed3_300k_20260331_024324/eval,,done,completed,71.1893179896029,,,300000,,,,6981548.polaris-pbs-01.hsn.cm.polaris.alcf.anl.gov,no,cifar10|no|pipe_strict|4|4|1|100|300000|1e-4|1.0|last2_beta|0.01|/eagle/lc-mpi/Zhiqing/ebm/data/cifar10|legacy_seed_repro,8b4d67bea31f,unavailable,Registry row reconstructed from historical summary; per-run git commit was not recorded.
phase2_mainline:ddp_fullk_K400_seed1_300k,phase2_summary,phase2_mainline,cifar10,no,legacy_high_k_control,context_only,ddp_fullk_K400_seed1_300k,M2,M2,M2 high_K control,ddp_fullk,ddp_strict,baseline_control,strict_baseline,4,0,1,400,300000,1e-4,1.0,uniform,0.01,,,/eagle/lc-mpi/Zhiqing/ebm/data/cifar10,/eagle/lc-mpi/Zhiqing/polaris_ebm/runs_ablation_phase2/M2/ddp_fullk_K400_seed1_300k_20260329_170437,/eagle/lc-mpi/Zhiqing/polaris_ebm/runs_ablation_phase2/M2/ddp_fullk_K400_seed1_300k_20260329_170437/eval,,done,completed,436.25764104452844,,,300000,,,,6980121.polaris-pbs-01.hsn.cm.polaris.alcf.anl.gov,no,cifar10|no|ddp_fullk|4|0|1|400|300000|1e-4|1.0|uniform|0.01|/eagle/lc-mpi/Zhiqing/ebm/data/cifar10|legacy_high_k_control,18492ee56edd,unavailable,Registry row reconstructed from historical summary; per-run git commit was not recorded.
phase2_mainline:pipe_strict_P4_K400_beta001_lr1e4_seed1_300k,phase2_summary,phase2_mainline,cifar10,no,legacy_high_k_control,context_only,pipe_strict_P4_K400_beta001_lr1e4_seed1_300k,M2,M2,M2 high_K control,pipe_strict,strict_pipeline,pipeline_realization,late_stage_weighted,4,4,1,400,300000,1e-4,1.0,last2_beta,0.01,,,/eagle/lc-mpi/Zhiqing/ebm/data/cifar10,/eagle/lc-mpi/Zhiqing/polaris_ebm/runs_ablation_phase2/M2/pipe_strict_P4_K400_beta001_lr1e4_seed1_300k_20260329_170437,/eagle/lc-mpi/Zhiqing/polaris_ebm/runs_ablation_phase2/M2/pipe_strict_P4_K400_beta001_lr1e4_seed1_300k_20260329_170437/eval,,done,completed,391.7776837884562,,,300000,,,,6980122.polaris-pbs-01.hsn.cm.polaris.alcf.anl.gov,no,cifar10|no|pipe_strict|4|4|1|400|300000|1e-4|1.0|last2_beta|0.01|/eagle/lc-mpi/Zhiqing/ebm/data/cifar10|legacy_high_k_control,82d1a88bf7ee,unavailable,Registry row reconstructed from historical summary; per-run git commit was not recorded.
phase2_mainline:ddp_fullk_K100_seed1_300k,phase2_summary,phase2_mainline,cifar10,no,legacy_anchor,context_only,ddp_fullk_K100_seed1_300k,P2A0,P2A0,Phase2 300k anchors,ddp_fullk,ddp_strict,baseline_control,strict_baseline,4,0,1,100,300000,1e-4,1.0,uniform,0.01,,,/eagle/lc-mpi/Zhiqing/ebm/data/cifar10,/eagle/lc-mpi/Zhiqing/polaris_ebm/runs_dual/modea_fullk_align128/ddp_fullk_s300k_seed1_syncinit_20260324_165322,/eagle/lc-mpi/Zhiqing/polaris_ebm/runs_dual/modea_fullk_align128/ddp_fullk_s300k_seed1_syncinit_20260324_165322/eval,,reference,completed,66.85674838265982,,,300000,,,,,no,cifar10|no|ddp_fullk|4|0|1|100|300000|1e-4|1.0|uniform|0.01|/eagle/lc-mpi/Zhiqing/ebm/data/cifar10|legacy_anchor,fda98215d9a9,unavailable,Registry row reconstructed from historical summary; per-run git commit was not recorded.
phase2_mainline:pipe_strict_P4_K100_beta001_lr1e4_seed1_300k,phase2_summary,phase2_mainline,cifar10,no,legacy_anchor,context_only,pipe_strict_P4_K100_beta001_lr1e4_seed1_300k,P2A0,P2A0,Phase2 300k anchors,pipe_strict,strict_pipeline,pipeline_realization,late_stage_weighted,4,4,1,100,300000,1e-4,1.0,last2_beta,0.01,,,/eagle/lc-mpi/Zhiqing/ebm/data/cifar10,/eagle/lc-mpi/Zhiqing/polaris_ebm/runs_pipeline_strict/pipeline_strict_s300k_b001_lr1e-4_seed1_syncinit_20260324_165322,/eagle/lc-mpi/Zhiqing/polaris_ebm/runs_pipeline_strict/pipeline_strict_s300k_b001_lr1e-4_seed1_syncinit_20260324_165322/eval,,reference,completed,55.994582500105366,,,300000,,,,,no,cifar10|no|pipe_strict|4|4|1|100|300000|1e-4|1.0|last2_beta|0.01|/eagle/lc-mpi/Zhiqing/ebm/data/cifar10|legacy_anchor,cd1091ec11ab,unavailable,Registry row reconstructed from historical summary; per-run git commit was not recorded.
phase2_mainline:single_fullk_K100_seed1_300k,phase2_summary,phase2_mainline,cifar10,no,legacy_anchor,context_only,single_fullk_K100_seed1_300k,P2A0,P2A0,Phase2 300k anchors,single_fullk,single_strict,baseline_control,strict_baseline,1,1,1,100,300000,1e-4,1.0,uniform,0.01,,,/eagle/lc-mpi/Zhiqing/ebm/data/cifar10,/eagle/lc-mpi/Zhiqing/polaris_ebm/runs_baseline/orig_single_semantics_fid_s300000_K100_20260324_001055,/eagle/lc-mpi/Zhiqing/polaris_ebm/runs_baseline/orig_single_semantics_fid_s300000_K100_20260324_001055,,reference,completed,61.65055605301666,,,300000,,,,,no,cifar10|no|single_fullk|1|1|1|100|300000|1e-4|1.0|uniform|0.01|/eagle/lc-mpi/Zhiqing/ebm/data/cifar10|legacy_anchor,d58d93ea92f8,unavailable,Registry row reconstructed from historical summary; per-run git commit was not recorded.
phase2_mainline:single_pipe_emul_P4_K100_beta001_seed1_300k,phase2_summary,phase2_mainline,cifar10,no,legacy_single_gpu_mechanism,context_only,single_pipe_emul_P4_K100_beta001_seed1_300k,S1,S1,S1 single_gpu mechanism,single_pipe_emul,single_emulation,objective_emulation,late_stage_weighted,1,4,1,100,300000,1e-4,1.0,last2_beta,0.01,,,/eagle/lc-mpi/Zhiqing/ebm/data/cifar10,/eagle/lc-mpi/Zhiqing/polaris_ebm/runs_ablation_phase2/S1/single_pipe_emul_P4_K100_beta001_seed1_300k_20260329_170437,/eagle/lc-mpi/Zhiqing/polaris_ebm/runs_ablation_phase2/S1/single_pipe_emul_P4_K100_beta001_seed1_300k_20260329_170437/eval,,done,completed,89.39214785003168,,,300000,,,,6980124.polaris-pbs-01.hsn.cm.polaris.alcf.anl.gov,no,cifar10|no|single_pipe_emul|1|4|1|100|300000|1e-4|1.0|last2_beta|0.01|/eagle/lc-mpi/Zhiqing/ebm/data/cifar10|legacy_single_gpu_mechanism,c8903b20f71a,unavailable,Registry row reconstructed from historical summary; per-run git commit was not recorded.
phase2_mainline:single_pipe_emul_P4_K100_deep_seed1_300k,phase2_summary,phase2_mainline,cifar10,no,legacy_single_gpu_mechanism,context_only,single_pipe_emul_P4_K100_deep_seed1_300k,S1,S1,S1 single_gpu mechanism,single_pipe_emul,single_emulation,objective_emulation,deep_only_weighted,1,4,1,100,300000,1e-4,1.0,deep_only,0.01,,,/eagle/lc-mpi/Zhiqing/ebm/data/cifar10,/eagle/lc-mpi/Zhiqing/polaris_ebm/runs_ablation_phase2/S1/single_pipe_emul_P4_K100_deep_seed1_300k_20260329_170437,/eagle/lc-mpi/Zhiqing/polaris_ebm/runs_ablation_phase2/S1/single_pipe_emul_P4_K100_deep_seed1_300k_20260329_170437/eval,,done,completed,60.618976076181866,,,300000,,,,6980123.polaris-pbs-01.hsn.cm.polaris.alcf.anl.gov,no,cifar10|no|single_pipe_emul|1|4|1|100|300000|1e-4|1.0|deep_only|0.01|/eagle/lc-mpi/Zhiqing/ebm/data/cifar10|legacy_single_gpu_mechanism,f4fecebdf8b8,unavailable,Registry row reconstructed from historical summary; per-run git commit was not recorded.
phase2_mainline:pipe_strict_P2_K100_beta001_lr1e4_seed1_300k,phase2_summary,phase2_mainline,cifar10,no,legacy_stage_count,context_only,pipe_strict_P2_K100_beta001_lr1e4_seed1_300k,S2,S2,S2 stage_count factor,pipe_strict,strict_pipeline,pipeline_realization,late_stage_weighted,2,2,1,100,300000,1e-4,1.0,last2_beta,0.01,,,/eagle/lc-mpi/Zhiqing/ebm/data/cifar10,/eagle/lc-mpi/Zhiqing/polaris_ebm/runs_ablation_phase2/S2/pipe_strict_P2_K100_beta001_lr1e4_seed1_300k_20260329_170437,/eagle/lc-mpi/Zhiqing/polaris_ebm/runs_ablation_phase2/S2/pipe_strict_P2_K100_beta001_lr1e4_seed1_300k_20260329_170437/eval,,done,completed,83.66631836923483,,,300000,,,,6980125.polaris-pbs-01.hsn.cm.polaris.alcf.anl.gov,no,cifar10|no|pipe_strict|2|2|1|100|300000|1e-4|1.0|last2_beta|0.01|/eagle/lc-mpi/Zhiqing/ebm/data/cifar10|legacy_stage_count,dd3eb252f2a3,unavailable,Registry row reconstructed from historical summary; per-run git commit was not recorded.
phase2_mainline:pipe_strict_P8_K100_beta001_lr1e4_seed1_300k,phase2_summary,phase2_mainline,cifar10,no,legacy_stage_count,context_only,pipe_strict_P8_K100_beta001_lr1e4_seed1_300k,S2,S2,S2 stage_count factor,pipe_strict,strict_pipeline,pipeline_realization,late_stage_weighted,8,8,1,100,300000,1e-4,1.0,last2_beta,0.01,,,/eagle/lc-mpi/Zhiqing/ebm/data/cifar10,/eagle/lc-mpi/Zhiqing/polaris_ebm/runs_ablation_phase2/S2/pipe_strict_P8_K100_beta001_lr1e4_seed1_300k_20260329_170437,/eagle/lc-mpi/Zhiqing/polaris_ebm/runs_ablation_phase2/S2/pipe_strict_P8_K100_beta001_lr1e4_seed1_300k_20260329_170437/eval,,done,completed,76.61524342318478,,,300000,,,,6980130.polaris-pbs-01.hsn.cm.polaris.alcf.anl.gov,no,cifar10|no|pipe_strict|8|8|1|100|300000|1e-4|1.0|last2_beta|0.01|/eagle/lc-mpi/Zhiqing/ebm/data/cifar10|legacy_stage_count,8643fe902b0d,unavailable,Registry row reconstructed from historical summary; per-run git commit was not recorded.
pipeline_then_weighting:E1_ddp_fullk_K100_s300k,pipeline_then_weighting_current,pipeline_then_weighting,cifar10,no,objective_first_controls,yes,E1_ddp_fullk_K100_s300k,E1,E1,Deep-only pipeline-factor control under strict DDP,ddp_fullk,ddp_strict,baseline_control,strict_baseline,4,1,1,100,300000,1e-4,1.0,deep_only,0.01,1,4,/eagle/lc-mpi/Zhiqing/ebm/data/cifar10,/eagle/lc-mpi/Zhiqing/polaris_ebm/runs_pipeline_then_weighting/E1/E1_ddp_fullk_K100_s300k_20260405_003358,/eagle/lc-mpi/Zhiqing/polaris_ebm/runs_pipeline_then_weighting/E1/E1_ddp_fullk_K100_s300k_20260405_003358/trajectory/step300000,/eagle/lc-mpi/Zhiqing/polaris_ebm/runs_pipeline_then_weighting/E1/E1_ddp_fullk_K100_s300k_20260405_003358/trajectory,done_local,completed,69.01543000614134,56.314192391676215,170000,300000,60,,,6992361.polaris-pbs-01.hsn.cm.polaris.alcf.anl.gov,no,cifar10|no|ddp_fullk|4|1|1|100|300000|1e-4|1.0|deep_only|0.01|/eagle/lc-mpi/Zhiqing/ebm/data/cifar10|objective_first_controls,71e3f59fb472,unavailable,"Canonical objective-first pilot row. Use these rows, not legacy beta001 summaries, for the current uniform/deep story."
pipeline_then_weighting:E1_pipe_strict_P16_deep_K100_s300k,pipeline_then_weighting_current,pipeline_then_weighting,cifar10,no,objective_first_p_sweep_pipeline,no,E1_pipe_strict_P16_deep_K100_s300k,E1,E1,Strict pipeline deep-only with P=16,pipe_strict,strict_pipeline,pipeline_realization,deep_only_weighted,16,16,1,100,300000,1e-4,1.0,deep_only,0.01,4,4,/eagle/lc-mpi/Zhiqing/ebm/data/cifar10,/eagle/lc-mpi/Zhiqing/polaris_ebm/runs_pipeline_then_weighting/E1/E1_pipe_strict_P16_deep_K100_s300k_20260404_150351,,,F:126,historical_failed,,,,,,,,6991262.polaris-pbs-01.hsn.cm.polaris.alcf.anl.gov,no,cifar10|no|pipe_strict|16|16|1|100|300000|1e-4|1.0|deep_only|0.01|/eagle/lc-mpi/Zhiqing/ebm/data/cifar10|objective_first_p_sweep_pipeline,60afddc51cc8,unavailable,"Canonical objective-first pilot row. Use these rows, not legacy beta001 summaries, for the current uniform/deep story."
pipeline_then_weighting:E1_pipe_strict_P2_deep_K100_s300k,pipeline_then_weighting_current,pipeline_then_weighting,cifar10,no,objective_first_p_sweep_pipeline,no,E1_pipe_strict_P2_deep_K100_s300k,E1,E1,Strict pipeline deep-only with P=2,pipe_strict,strict_pipeline,pipeline_realization,deep_only_weighted,2,2,1,100,300000,1e-4,1.0,deep_only,0.01,1,2,/eagle/lc-mpi/Zhiqing/ebm/data/cifar10,/eagle/lc-mpi/Zhiqing/polaris_ebm/runs_pipeline_then_weighting/E1/E1_pipe_strict_P2_deep_K100_s300k_20260404_150351,,,F:126,historical_failed,,,,,,,,6991259.polaris-pbs-01.hsn.cm.polaris.alcf.anl.gov,no,cifar10|no|pipe_strict|2|2|1|100|300000|1e-4|1.0|deep_only|0.01|/eagle/lc-mpi/Zhiqing/ebm/data/cifar10|objective_first_p_sweep_pipeline,2d624dec7f9b,unavailable,"Canonical objective-first pilot row. Use these rows, not legacy beta001 summaries, for the current uniform/deep story."
pipeline_then_weighting:E1_pipe_strict_P4_deep_K100_s300k,pipeline_then_weighting_current,pipeline_then_weighting,cifar10,no,objective_first_p_sweep_pipeline,no,E1_pipe_strict_P4_deep_K100_s300k,E1,E1,Strict pipeline deep-only with P=4,pipe_strict,strict_pipeline,pipeline_realization,deep_only_weighted,4,4,1,100,300000,1e-4,1.0,deep_only,0.01,1,4,/eagle/lc-mpi/Zhiqing/ebm/data/cifar10,/eagle/lc-mpi/Zhiqing/polaris_ebm/runs_pipeline_then_weighting/E1/E1_pipe_strict_P4_deep_K100_s300k_20260404_150351,,,F:126,historical_failed,,,,,,,,6991260.polaris-pbs-01.hsn.cm.polaris.alcf.anl.gov,no,cifar10|no|pipe_strict|4|4|1|100|300000|1e-4|1.0|deep_only|0.01|/eagle/lc-mpi/Zhiqing/ebm/data/cifar10|objective_first_p_sweep_pipeline,589456d8949a,unavailable,"Canonical objective-first pilot row. Use these rows, not legacy beta001 summaries, for the current uniform/deep story."
pipeline_then_weighting:E1_pipe_strict_P8_deep_K100_s300k,pipeline_then_weighting_current,pipeline_then_weighting,cifar10,no,objective_first_p_sweep_pipeline,no,E1_pipe_strict_P8_deep_K100_s300k,E1,E1,Strict pipeline deep-only with P=8,pipe_strict,strict_pipeline,pipeline_realization,deep_only_weighted,8,8,1,100,300000,1e-4,1.0,deep_only,0.01,2,4,/eagle/lc-mpi/Zhiqing/ebm/data/cifar10,/eagle/lc-mpi/Zhiqing/polaris_ebm/runs_pipeline_then_weighting/E1/E1_pipe_strict_P8_deep_K100_s300k_20260404_150351,,,F:126,historical_failed,,,,,,,,6991261.polaris-pbs-01.hsn.cm.polaris.alcf.anl.gov,no,cifar10|no|pipe_strict|8|8|1|100|300000|1e-4|1.0|deep_only|0.01|/eagle/lc-mpi/Zhiqing/ebm/data/cifar10|objective_first_p_sweep_pipeline,de06ee69f303,unavailable,"Canonical objective-first pilot row. Use these rows, not legacy beta001 summaries, for the current uniform/deep story."
pipeline_then_weighting:E1_single_fullk_K100_s300k,pipeline_then_weighting_current,pipeline_then_weighting,cifar10,no,objective_first_controls,yes,E1_single_fullk_K100_s300k,E1,E1,Deep-only pipeline-factor control on a single GPU,single_fullk,single_strict,baseline_control,strict_baseline,1,1,1,100,300000,1e-4,1.0,deep_only,0.01,1,1,/eagle/lc-mpi/Zhiqing/ebm/data/cifar10,/lus/eagle/projects/lc-mpi/Zhiqing/polaris_ebm/runs_pipeline_then_weighting/E1/E1_single_fullk_K100_s300k_local_20260404_151327,/lus/eagle/projects/lc-mpi/Zhiqing/polaris_ebm/runs_pipeline_then_weighting/E1/E1_single_fullk_K100_s300k_local_20260404_151327/trajectory/step300000,/lus/eagle/projects/lc-mpi/Zhiqing/polaris_ebm/runs_pipeline_then_weighting/E1/E1_single_fullk_K100_s300k_local_20260404_151327/trajectory,done_local,completed,62.76117718878572,53.55113070113953,280000,300000,60,,,6991253.polaris-pbs-01.hsn.cm.polaris.alcf.anl.gov,yes,cifar10|no|single_fullk|1|1|1|100|300000|1e-4|1.0|deep_only|0.01|/eagle/lc-mpi/Zhiqing/ebm/data/cifar10|objective_first_controls,f82f41553be5,unavailable,"Canonical objective-first pilot row. Use these rows, not legacy beta001 summaries, for the current uniform/deep story."
pipeline_then_weighting:E1_single_pipe_emul_P16_deep_K100_s300k,pipeline_then_weighting_current,pipeline_then_weighting,cifar10,no,objective_first_p_sweep_single,no,E1_single_pipe_emul_P16_deep_K100_s300k,E1,E1,Single-GPU completion-aware objective with P=16 deep-only,single_pipe_emul,single_emulation,objective_emulation,deep_only_weighted,1,16,1,100,300000,1e-4,1.0,deep_only,0.01,1,1,/eagle/lc-mpi/Zhiqing/ebm/data/cifar10,/eagle/lc-mpi/Zhiqing/polaris_ebm/runs_pipeline_then_weighting/E1/E1_single_pipe_emul_P16_deep_K100_s300k_20260404_150351,,,F:126,historical_failed,,,,,,,,6991258.polaris-pbs-01.hsn.cm.polaris.alcf.anl.gov,no,cifar10|no|single_pipe_emul|1|16|1|100|300000|1e-4|1.0|deep_only|0.01|/eagle/lc-mpi/Zhiqing/ebm/data/cifar10|objective_first_p_sweep_single,eedcbbd524e7,unavailable,"Canonical objective-first pilot row. Use these rows, not legacy beta001 summaries, for the current uniform/deep story."
pipeline_then_weighting:E1_single_pipe_emul_P2_deep_K100_s300k,pipeline_then_weighting_current,pipeline_then_weighting,cifar10,no,objective_first_p_sweep_single,yes,E1_single_pipe_emul_P2_deep_K100_s300k,E1,E1,Single-GPU completion-aware objective with P=2 deep-only,single_pipe_emul,single_emulation,objective_emulation,deep_only_weighted,1,2,1,100,300000,1e-4,1.0,deep_only,0.01,1,1,/eagle/lc-mpi/Zhiqing/ebm/data/cifar10,/eagle/lc-mpi/Zhiqing/polaris_ebm/runs_pipeline_then_weighting/E1/E1_single_pipe_emul_P2_deep_K100_s300k_20260405_003358,/eagle/lc-mpi/Zhiqing/polaris_ebm/runs_pipeline_then_weighting/E1/E1_single_pipe_emul_P2_deep_K100_s300k_20260405_003358/trajectory/step300000,/eagle/lc-mpi/Zhiqing/polaris_ebm/runs_pipeline_then_weighting/E1/E1_single_pipe_emul_P2_deep_K100_s300k_20260405_003358/trajectory,done_local,completed,64.99540164872894,55.87310142339834,150000,300000,60,,,6992362.polaris-pbs-01.hsn.cm.polaris.alcf.anl.gov,no,cifar10|no|single_pipe_emul|1|2|1|100|300000|1e-4|1.0|deep_only|0.01|/eagle/lc-mpi/Zhiqing/ebm/data/cifar10|objective_first_p_sweep_single,61d8d6d82eea,unavailable,"Canonical objective-first pilot row. Use these rows, not legacy beta001 summaries, for the current uniform/deep story."
pipeline_then_weighting:E1_single_pipe_emul_P4_deep_K100_s300k,pipeline_then_weighting_current,pipeline_then_weighting,cifar10,no,objective_first_p_sweep_single,yes,E1_single_pipe_emul_P4_deep_K100_s300k,E1,E1,Single-GPU completion-aware objective with P=4 deep-only,single_pipe_emul,single_emulation,objective_emulation,deep_only_weighted,1,4,1,100,300000,1e-4,1.0,deep_only,0.01,1,1,/eagle/lc-mpi/Zhiqing/ebm/data/cifar10,/lus/eagle/projects/lc-mpi/Zhiqing/polaris_ebm/runs_pipeline_then_weighting/E1/E1_single_pipe_emul_P4_deep_K100_s300k_local_20260404_151327,/lus/eagle/projects/lc-mpi/Zhiqing/polaris_ebm/runs_pipeline_then_weighting/E1/E1_single_pipe_emul_P4_deep_K100_s300k_local_20260404_151327/trajectory/step300000,/lus/eagle/projects/lc-mpi/Zhiqing/polaris_ebm/runs_pipeline_then_weighting/E1/E1_single_pipe_emul_P4_deep_K100_s300k_local_20260404_151327/trajectory,done_local,completed,75.59256463495547,59.31362217938448,215000,300000,60,,,6991256.polaris-pbs-01.hsn.cm.polaris.alcf.anl.gov,yes,cifar10|no|single_pipe_emul|1|4|1|100|300000|1e-4|1.0|deep_only|0.01|/eagle/lc-mpi/Zhiqing/ebm/data/cifar10|objective_first_p_sweep_single,015720e41cdc,unavailable,"Canonical objective-first pilot row. Use these rows, not legacy beta001 summaries, for the current uniform/deep story."
pipeline_then_weighting:E1_single_pipe_emul_P8_deep_K100_s300k,pipeline_then_weighting_current,pipeline_then_weighting,cifar10,no,objective_first_p_sweep_single,no,E1_single_pipe_emul_P8_deep_K100_s300k,E1,E1,Single-GPU completion-aware objective with P=8 deep-only,single_pipe_emul,single_emulation,objective_emulation,deep_only_weighted,1,8,1,100,300000,1e-4,1.0,deep_only,0.01,1,1,/eagle/lc-mpi/Zhiqing/ebm/data/cifar10,/eagle/lc-mpi/Zhiqing/polaris_ebm/runs_pipeline_then_weighting/E1/E1_single_pipe_emul_P8_deep_K100_s300k_20260404_150351,,,F:126,historical_failed,,,,,,,,6991257.polaris-pbs-01.hsn.cm.polaris.alcf.anl.gov,no,cifar10|no|single_pipe_emul|1|8|1|100|300000|1e-4|1.0|deep_only|0.01|/eagle/lc-mpi/Zhiqing/ebm/data/cifar10|objective_first_p_sweep_single,233287a517e3,unavailable,"Canonical objective-first pilot row. Use these rows, not legacy beta001 summaries, for the current uniform/deep story."
pipeline_then_weighting:E2_pipe_strict_deep_P4_K100_s300k,pipeline_then_weighting_current,pipeline_then_weighting,cifar10,no,objective_first_weighting_pipeline,yes,E2_pipe_strict_deep_P4_K100_s300k,E2,E2,Provisional weighting study at fixed P=4,pipe_strict,strict_pipeline,pipeline_realization,deep_only_weighted,4,4,1,100,300000,1e-4,1.0,deep_only,0.01,1,4,/eagle/lc-mpi/Zhiqing/ebm/data/cifar10,/eagle/lc-mpi/Zhiqing/polaris_ebm/runs_pipeline_then_weighting/E2/E2_pipe_strict_deep_P4_K100_s300k_20260405_003926,/eagle/lc-mpi/Zhiqing/polaris_ebm/runs_pipeline_then_weighting/E2/E2_pipe_strict_deep_P4_K100_s300k_20260405_003926/trajectory/step300000,/eagle/lc-mpi/Zhiqing/polaris_ebm/runs_pipeline_then_weighting/E2/E2_pipe_strict_deep_P4_K100_s300k_20260405_003926/trajectory,done_local,completed,63.510411063951096,61.56870659396532,280000,300000,60,,,6992379.polaris-pbs-01.hsn.cm.polaris.alcf.anl.gov,no,cifar10|no|pipe_strict|4|4|1|100|300000|1e-4|1.0|deep_only|0.01|/eagle/lc-mpi/Zhiqing/ebm/data/cifar10|objective_first_weighting_pipeline,ec03a8099ede,unavailable,"Canonical objective-first pilot row. Use these rows, not legacy beta001 summaries, for the current uniform/deep story."
pipeline_then_weighting:E2_pipe_strict_last2b0005_P4_K100_s300k,pipeline_then_weighting_current,pipeline_then_weighting,cifar10,no,objective_first_weighting_pipeline,yes,E2_pipe_strict_last2b0005_P4_K100_s300k,E2,E2,Provisional weighting study at fixed P=4,pipe_strict,strict_pipeline,pipeline_realization,late_stage_weighted,4,4,1,100,300000,1e-4,1.0,last2_beta,0.005,1,4,/eagle/lc-mpi/Zhiqing/ebm/data/cifar10,/eagle/lc-mpi/Zhiqing/polaris_ebm/runs_pipeline_then_weighting/E2/E2_pipe_strict_last2b0005_P4_K100_s300k_20260405_003926,/eagle/lc-mpi/Zhiqing/polaris_ebm/runs_pipeline_then_weighting/E2/E2_pipe_strict_last2b0005_P4_K100_s300k_20260405_003926/trajectory/step300000,/eagle/lc-mpi/Zhiqing/polaris_ebm/runs_pipeline_then_weighting/E2/E2_pipe_strict_last2b0005_P4_K100_s300k_20260405_003926/trajectory,done_local,completed,86.57803764202293,56.72982802352584,245000,300000,60,,,6992380.polaris-pbs-01.hsn.cm.polaris.alcf.anl.gov,no,cifar10|no|pipe_strict|4|4|1|100|300000|1e-4|1.0|last2_beta|0.005|/eagle/lc-mpi/Zhiqing/ebm/data/cifar10|objective_first_weighting_pipeline,d0458e4e59d6,unavailable,"Canonical objective-first pilot row. Use these rows, not legacy beta001 summaries, for the current uniform/deep story."
pipeline_then_weighting:E2_pipe_strict_last2b001_P4_K100_s300k,pipeline_then_weighting_current,pipeline_then_weighting,cifar10,no,objective_first_weighting_pipeline,yes,E2_pipe_strict_last2b001_P4_K100_s300k,E2,E2,Provisional weighting study at fixed P=4,pipe_strict,strict_pipeline,pipeline_realization,late_stage_weighted,4,4,1,100,300000,1e-4,1.0,last2_beta,0.01,1,4,/eagle/lc-mpi/Zhiqing/ebm/data/cifar10,/eagle/lc-mpi/Zhiqing/polaris_ebm/runs_pipeline_then_weighting/E2/E2_pipe_strict_last2b001_P4_K100_s300k_20260405_003926,/eagle/lc-mpi/Zhiqing/polaris_ebm/runs_pipeline_then_weighting/E2/E2_pipe_strict_last2b001_P4_K100_s300k_20260405_003926/trajectory/step300000,/eagle/lc-mpi/Zhiqing/polaris_ebm/runs_pipeline_then_weighting/E2/E2_pipe_strict_last2b001_P4_K100_s300k_20260405_003926/trajectory,done_local,completed,68.04799612110031,60.68704339559201,270000,300000,60,,,6992381.polaris-pbs-01.hsn.cm.polaris.alcf.anl.gov,no,cifar10|no|pipe_strict|4|4|1|100|300000|1e-4|1.0|last2_beta|0.01|/eagle/lc-mpi/Zhiqing/ebm/data/cifar10|objective_first_weighting_pipeline,9b6278ff53d5,unavailable,"Canonical objective-first pilot row. Use these rows, not legacy beta001 summaries, for the current uniform/deep story."
pipeline_then_weighting:E2_pipe_strict_last2b002_P4_K100_s300k,pipeline_then_weighting_current,pipeline_then_weighting,cifar10,no,objective_first_weighting_pipeline,yes,E2_pipe_strict_last2b002_P4_K100_s300k,E2,E2,Provisional weighting study at fixed P=4,pipe_strict,strict_pipeline,pipeline_realization,late_stage_weighted,4,4,1,100,300000,1e-4,1.0,last2_beta,0.02,1,4,/eagle/lc-mpi/Zhiqing/ebm/data/cifar10,/eagle/lc-mpi/Zhiqing/polaris_ebm/runs_pipeline_then_weighting/E2/E2_pipe_strict_last2b002_P4_K100_s300k_20260405_003926,/eagle/lc-mpi/Zhiqing/polaris_ebm/runs_pipeline_then_weighting/E2/E2_pipe_strict_last2b002_P4_K100_s300k_20260405_003926/trajectory/step300000,/eagle/lc-mpi/Zhiqing/polaris_ebm/runs_pipeline_then_weighting/E2/E2_pipe_strict_last2b002_P4_K100_s300k_20260405_003926/trajectory,done_local,completed,69.56097300698849,62.621114533238995,235000,300000,60,,,6992382.polaris-pbs-01.hsn.cm.polaris.alcf.anl.gov,no,cifar10|no|pipe_strict|4|4|1|100|300000|1e-4|1.0|last2_beta|0.02|/eagle/lc-mpi/Zhiqing/ebm/data/cifar10|objective_first_weighting_pipeline,b39446d572b5,unavailable,"Canonical objective-first pilot row. Use these rows, not legacy beta001 summaries, for the current uniform/deep story."
pipeline_then_weighting:E2_pipe_strict_last2b003_P4_K100_s300k,pipeline_then_weighting_current,pipeline_then_weighting,cifar10,no,objective_first_weighting_pipeline,yes,E2_pipe_strict_last2b003_P4_K100_s300k,E2,E2,Provisional weighting study at fixed P=4,pipe_strict,strict_pipeline,pipeline_realization,late_stage_weighted,4,4,1,100,300000,1e-4,1.0,last2_beta,0.03,1,4,/eagle/lc-mpi/Zhiqing/ebm/data/cifar10,/eagle/lc-mpi/Zhiqing/polaris_ebm/runs_pipeline_then_weighting/E2/E2_pipe_strict_last2b003_P4_K100_s300k_20260405_003926,/eagle/lc-mpi/Zhiqing/polaris_ebm/runs_pipeline_then_weighting/E2/E2_pipe_strict_last2b003_P4_K100_s300k_20260405_003926/trajectory/step300000,/eagle/lc-mpi/Zhiqing/polaris_ebm/runs_pipeline_then_weighting/E2/E2_pipe_strict_last2b003_P4_K100_s300k_20260405_003926/trajectory,done_local,completed,81.08612296018487,64.94155271551676,175000,300000,60,,,6992383.polaris-pbs-01.hsn.cm.polaris.alcf.anl.gov,no,cifar10|no|pipe_strict|4|4|1|100|300000|1e-4|1.0|last2_beta|0.03|/eagle/lc-mpi/Zhiqing/ebm/data/cifar10|objective_first_weighting_pipeline,f7f91ed39dcb,unavailable,"Canonical objective-first pilot row. Use these rows, not legacy beta001 summaries, for the current uniform/deep story."
pipeline_then_weighting:E2_pipe_strict_last2b005_P4_K100_s300k,pipeline_then_weighting_current,pipeline_then_weighting,cifar10,no,objective_first_weighting_pipeline,yes,E2_pipe_strict_last2b005_P4_K100_s300k,E2,E2,Provisional weighting study at fixed P=4,pipe_strict,strict_pipeline,pipeline_realization,late_stage_weighted,4,4,1,100,300000,1e-4,1.0,last2_beta,0.05,1,4,/eagle/lc-mpi/Zhiqing/ebm/data/cifar10,/eagle/lc-mpi/Zhiqing/polaris_ebm/runs_pipeline_then_weighting/E2/E2_pipe_strict_last2b005_P4_K100_s300k_20260405_003926,/eagle/lc-mpi/Zhiqing/polaris_ebm/runs_pipeline_then_weighting/E2/E2_pipe_strict_last2b005_P4_K100_s300k_20260405_003926/trajectory/step300000,/eagle/lc-mpi/Zhiqing/polaris_ebm/runs_pipeline_then_weighting/E2/E2_pipe_strict_last2b005_P4_K100_s300k_20260405_003926/trajectory,done_local,completed,81.24128529821104,58.0400198040075,260000,300000,60,,,6992384.polaris-pbs-01.hsn.cm.polaris.alcf.anl.gov,no,cifar10|no|pipe_strict|4|4|1|100|300000|1e-4|1.0|last2_beta|0.05|/eagle/lc-mpi/Zhiqing/ebm/data/cifar10|objective_first_weighting_pipeline,e9e76fa108f2,unavailable,"Canonical objective-first pilot row. Use these rows, not legacy beta001 summaries, for the current uniform/deep story."
pipeline_then_weighting:E2_pipe_strict_uniform_P4_K100_s300k,pipeline_then_weighting_current,pipeline_then_weighting,cifar10,no,objective_first_weighting_pipeline,yes,E2_pipe_strict_uniform_P4_K100_s300k,E2,E2,Provisional weighting study at fixed P=4,pipe_strict,strict_pipeline,pipeline_realization,uniform_weighted,4,4,1,100,300000,1e-4,1.0,uniform,0.01,1,4,/eagle/lc-mpi/Zhiqing/ebm/data/cifar10,/eagle/lc-mpi/Zhiqing/polaris_ebm/runs_pipeline_then_weighting/E2/E2_pipe_strict_uniform_P4_K100_s300k_20260405_003926,/eagle/lc-mpi/Zhiqing/polaris_ebm/runs_pipeline_then_weighting/E2/E2_pipe_strict_uniform_P4_K100_s300k_20260405_003926/trajectory/step300000,/eagle/lc-mpi/Zhiqing/polaris_ebm/runs_pipeline_then_weighting/E2/E2_pipe_strict_uniform_P4_K100_s300k_20260405_003926/trajectory,done_local,completed,67.77599169631753,48.71282507070475,285000,300000,60,,,6992378.polaris-pbs-01.hsn.cm.polaris.alcf.anl.gov,no,cifar10|no|pipe_strict|4|4|1|100|300000|1e-4|1.0|uniform|0.01|/eagle/lc-mpi/Zhiqing/ebm/data/cifar10|objective_first_weighting_pipeline,80a1c36690f1,unavailable,"Canonical objective-first pilot row. Use these rows, not legacy beta001 summaries, for the current uniform/deep story."
pipeline_then_weighting:E2_single_pipe_emul_deep_P4_K100_s300k,pipeline_then_weighting_current,pipeline_then_weighting,cifar10,no,objective_first_weighting_single,yes,E2_single_pipe_emul_deep_P4_K100_s300k,E2,E2,Provisional weighting study at fixed P=4,single_pipe_emul,single_emulation,objective_emulation,deep_only_weighted,1,4,1,100,300000,1e-4,1.0,deep_only,0.01,1,1,/eagle/lc-mpi/Zhiqing/ebm/data/cifar10,/eagle/lc-mpi/Zhiqing/polaris_ebm/runs_pipeline_then_weighting/E2/E2_single_pipe_emul_deep_P4_K100_s300k_20260405_003926,/eagle/lc-mpi/Zhiqing/polaris_ebm/runs_pipeline_then_weighting/E2/E2_single_pipe_emul_deep_P4_K100_s300k_20260405_003926/trajectory/step300000,/eagle/lc-mpi/Zhiqing/polaris_ebm/runs_pipeline_then_weighting/E2/E2_single_pipe_emul_deep_P4_K100_s300k_20260405_003926/trajectory,done_local,completed,98.17217190470404,61.0041133414835,190000,300000,60,,,6992372.polaris-pbs-01.hsn.cm.polaris.alcf.anl.gov,no,cifar10|no|single_pipe_emul|1|4|1|100|300000|1e-4|1.0|deep_only|0.01|/eagle/lc-mpi/Zhiqing/ebm/data/cifar10|objective_first_weighting_single,f59b83e04cfb,unavailable,"Canonical objective-first pilot row. Use these rows, not legacy beta001 summaries, for the current uniform/deep story."
pipeline_then_weighting:E2_single_pipe_emul_last2b0005_P4_K100_s300k,pipeline_then_weighting_current,pipeline_then_weighting,cifar10,no,objective_first_weighting_single,yes,E2_single_pipe_emul_last2b0005_P4_K100_s300k,E2,E2,Provisional weighting study at fixed P=4,single_pipe_emul,single_emulation,objective_emulation,late_stage_weighted,1,4,1,100,300000,1e-4,1.0,last2_beta,0.005,1,1,/eagle/lc-mpi/Zhiqing/ebm/data/cifar10,/eagle/lc-mpi/Zhiqing/polaris_ebm/runs_pipeline_then_weighting/E2/E2_single_pipe_emul_last2b0005_P4_K100_s300k_20260405_003926,/eagle/lc-mpi/Zhiqing/polaris_ebm/runs_pipeline_then_weighting/E2/E2_single_pipe_emul_last2b0005_P4_K100_s300k_20260405_003926/trajectory/step300000,/eagle/lc-mpi/Zhiqing/polaris_ebm/runs_pipeline_then_weighting/E2/E2_single_pipe_emul_last2b0005_P4_K100_s300k_20260405_003926/trajectory,done_local,completed,71.93943028122862,60.99259498600651,285000,300000,60,,,6992373.polaris-pbs-01.hsn.cm.polaris.alcf.anl.gov,no,cifar10|no|single_pipe_emul|1|4|1|100|300000|1e-4|1.0|last2_beta|0.005|/eagle/lc-mpi/Zhiqing/ebm/data/cifar10|objective_first_weighting_single,a12416f9f2bd,unavailable,"Canonical objective-first pilot row. Use these rows, not legacy beta001 summaries, for the current uniform/deep story."
pipeline_then_weighting:E2_single_pipe_emul_last2b001_P4_K100_s300k,pipeline_then_weighting_current,pipeline_then_weighting,cifar10,no,objective_first_weighting_single,yes,E2_single_pipe_emul_last2b001_P4_K100_s300k,E2,E2,Provisional weighting study at fixed P=4,single_pipe_emul,single_emulation,objective_emulation,late_stage_weighted,1,4,1,100,300000,1e-4,1.0,last2_beta,0.01,1,1,/eagle/lc-mpi/Zhiqing/ebm/data/cifar10,/eagle/lc-mpi/Zhiqing/polaris_ebm/runs_pipeline_then_weighting/E2/E2_single_pipe_emul_last2b001_P4_K100_s300k_20260405_003926,/eagle/lc-mpi/Zhiqing/polaris_ebm/runs_pipeline_then_weighting/E2/E2_single_pipe_emul_last2b001_P4_K100_s300k_20260405_003926/trajectory/step300000,/eagle/lc-mpi/Zhiqing/polaris_ebm/runs_pipeline_then_weighting/E2/E2_single_pipe_emul_last2b001_P4_K100_s300k_20260405_003926/trajectory,done_local,completed,75.03255143267756,62.777903908552275,285000,300000,60,,,6992374.polaris-pbs-01.hsn.cm.polaris.alcf.anl.gov,no,cifar10|no|single_pipe_emul|1|4|1|100|300000|1e-4|1.0|last2_beta|0.01|/eagle/lc-mpi/Zhiqing/ebm/data/cifar10|objective_first_weighting_single,8f45e213ae2a,unavailable,"Canonical objective-first pilot row. Use these rows, not legacy beta001 summaries, for the current uniform/deep story."
pipeline_then_weighting:E2_single_pipe_emul_last2b002_P4_K100_s300k,pipeline_then_weighting_current,pipeline_then_weighting,cifar10,no,objective_first_weighting_single,yes,E2_single_pipe_emul_last2b002_P4_K100_s300k,E2,E2,Provisional weighting study at fixed P=4,single_pipe_emul,single_emulation,objective_emulation,late_stage_weighted,1,4,1,100,300000,1e-4,1.0,last2_beta,0.02,1,1,/eagle/lc-mpi/Zhiqing/ebm/data/cifar10,/eagle/lc-mpi/Zhiqing/polaris_ebm/runs_pipeline_then_weighting/E2/E2_single_pipe_emul_last2b002_P4_K100_s300k_20260405_003926,/eagle/lc-mpi/Zhiqing/polaris_ebm/runs_pipeline_then_weighting/E2/E2_single_pipe_emul_last2b002_P4_K100_s300k_20260405_003926/trajectory/step300000,/eagle/lc-mpi/Zhiqing/polaris_ebm/runs_pipeline_then_weighting/E2/E2_single_pipe_emul_last2b002_P4_K100_s300k_20260405_003926/trajectory,done_local,completed,77.02298672020447,60.42291970602196,285000,300000,60,,,6992375.polaris-pbs-01.hsn.cm.polaris.alcf.anl.gov,no,cifar10|no|single_pipe_emul|1|4|1|100|300000|1e-4|1.0|last2_beta|0.02|/eagle/lc-mpi/Zhiqing/ebm/data/cifar10|objective_first_weighting_single,c66a52e70453,unavailable,"Canonical objective-first pilot row. Use these rows, not legacy beta001 summaries, for the current uniform/deep story."
pipeline_then_weighting:E2_single_pipe_emul_last2b003_P4_K100_s300k,pipeline_then_weighting_current,pipeline_then_weighting,cifar10,no,objective_first_weighting_single,yes,E2_single_pipe_emul_last2b003_P4_K100_s300k,E2,E2,Provisional weighting study at fixed P=4,single_pipe_emul,single_emulation,objective_emulation,late_stage_weighted,1,4,1,100,300000,1e-4,1.0,last2_beta,0.03,1,1,/eagle/lc-mpi/Zhiqing/ebm/data/cifar10,/eagle/lc-mpi/Zhiqing/polaris_ebm/runs_pipeline_then_weighting/E2/E2_single_pipe_emul_last2b003_P4_K100_s300k_20260405_003926,/eagle/lc-mpi/Zhiqing/polaris_ebm/runs_pipeline_then_weighting/E2/E2_single_pipe_emul_last2b003_P4_K100_s300k_20260405_003926/trajectory/step300000,/eagle/lc-mpi/Zhiqing/polaris_ebm/runs_pipeline_then_weighting/E2/E2_single_pipe_emul_last2b003_P4_K100_s300k_20260405_003926/trajectory,done_local,completed,89.52432917641295,60.562366826555944,270000,300000,60,,,6992376.polaris-pbs-01.hsn.cm.polaris.alcf.anl.gov,no,cifar10|no|single_pipe_emul|1|4|1|100|300000|1e-4|1.0|last2_beta|0.03|/eagle/lc-mpi/Zhiqing/ebm/data/cifar10|objective_first_weighting_single,f1136cd8021c,unavailable,"Canonical objective-first pilot row. Use these rows, not legacy beta001 summaries, for the current uniform/deep story."
pipeline_then_weighting:E2_single_pipe_emul_last2b005_P4_K100_s300k,pipeline_then_weighting_current,pipeline_then_weighting,cifar10,no,objective_first_weighting_single,yes,E2_single_pipe_emul_last2b005_P4_K100_s300k,E2,E2,Provisional weighting study at fixed P=4,single_pipe_emul,single_emulation,objective_emulation,late_stage_weighted,1,4,1,100,300000,1e-4,1.0,last2_beta,0.05,1,1,/eagle/lc-mpi/Zhiqing/ebm/data/cifar10,/eagle/lc-mpi/Zhiqing/polaris_ebm/runs_pipeline_then_weighting/E2/E2_single_pipe_emul_last2b005_P4_K100_s300k_20260405_003926,/eagle/lc-mpi/Zhiqing/polaris_ebm/runs_pipeline_then_weighting/E2/E2_single_pipe_emul_last2b005_P4_K100_s300k_20260405_003926/trajectory/step300000,/eagle/lc-mpi/Zhiqing/polaris_ebm/runs_pipeline_then_weighting/E2/E2_single_pipe_emul_last2b005_P4_K100_s300k_20260405_003926/trajectory,done_local,completed,98.40077734386296,60.1783350771924,285000,300000,60,,,6992377.polaris-pbs-01.hsn.cm.polaris.alcf.anl.gov,no,cifar10|no|single_pipe_emul|1|4|1|100|300000|1e-4|1.0|last2_beta|0.05|/eagle/lc-mpi/Zhiqing/ebm/data/cifar10|objective_first_weighting_single,2b6c00feb833,unavailable,"Canonical objective-first pilot row. Use these rows, not legacy beta001 summaries, for the current uniform/deep story."
pipeline_then_weighting:E2_single_pipe_emul_uniform_P4_K100_s300k,pipeline_then_weighting_current,pipeline_then_weighting,cifar10,no,objective_first_weighting_single,yes,E2_single_pipe_emul_uniform_P4_K100_s300k,E2,E2,Provisional weighting study at fixed P=4,single_pipe_emul,single_emulation,objective_emulation,uniform_weighted,1,4,1,100,300000,1e-4,1.0,uniform,0.01,1,1,/eagle/lc-mpi/Zhiqing/ebm/data/cifar10,/eagle/lc-mpi/Zhiqing/polaris_ebm/runs_pipeline_then_weighting/E2/E2_single_pipe_emul_uniform_P4_K100_s300k_20260405_003926,/eagle/lc-mpi/Zhiqing/polaris_ebm/runs_pipeline_then_weighting/E2/E2_single_pipe_emul_uniform_P4_K100_s300k_20260405_003926/trajectory/step300000,/eagle/lc-mpi/Zhiqing/polaris_ebm/runs_pipeline_then_weighting/E2/E2_single_pipe_emul_uniform_P4_K100_s300k_20260405_003926/trajectory,done_local,completed,64.70780256430095,52.48704344682062,150000,300000,60,,,6992371.polaris-pbs-01.hsn.cm.polaris.alcf.anl.gov,no,cifar10|no|single_pipe_emul|1|4|1|100|300000|1e-4|1.0|uniform|0.01|/eagle/lc-mpi/Zhiqing/ebm/data/cifar10|objective_first_weighting_single,e98c8c2c11b4,unavailable,"Canonical objective-first pilot row. Use these rows, not legacy beta001 summaries, for the current uniform/deep story."
