ledger,phase_group,family_id,logical_run_id,benchmark,regime,stage_count,weighting,K,horizon_steps,seed,paper_role,train_mode,world_size,num_nodes,ppn,gpu_count,train_started_at_iso,train_finished_at_iso,train_walltime_seconds,train_walltime_hours,train_gpu_hours,scheduler_attempt_count,walltime_source,notes
current_cifar_paper,O1,single_P16_deepest,current_cifar_paper:cifar10:single_P16_deepest:seed1:h300000,cifar10,single_emulation,16,deepest,100,300000,1,appendix,single_pipe_emul,1,1,1,1,2026-04-16T23:18:36Z,2026-04-17T09:51:07Z,37951,10.541944,10.541944,1,job_info_successful_attempt,Per-step wallclock is linear interpolation from successful-attempt total walltime; failed/preempted fragments are not added unless represented in canonical job_info.
current_cifar_paper,O1,single_P16_equal,current_cifar_paper:cifar10:single_P16_equal:seed1:h300000,cifar10,single_emulation,16,equal,100,300000,1,appendix,single_pipe_emul,1,1,1,1,2026-04-16T23:07:21Z,2026-04-17T09:38:36Z,37875,10.520833,10.520833,1,job_info_successful_attempt,Per-step wallclock is linear interpolation from successful-attempt total walltime; failed/preempted fragments are not added unless represented in canonical job_info.
current_cifar_paper,O1,single_P1_terminal,current_cifar_paper:cifar10:single_P1_terminal:seed1:h300000,cifar10,single_strict,1,terminal,100,300000,1,control,single_fullk,1,1,1,1,2026-04-06T21:48:53Z,2026-04-07T06:07:14Z,29901,8.305833,8.305833,1,job_info_successful_attempt,Per-step wallclock is linear interpolation from successful-attempt total walltime; failed/preempted fragments are not added unless represented in canonical job_info.
current_cifar_paper,O1,single_P2_deepest,current_cifar_paper:cifar10:single_P2_deepest:seed1:h300000,cifar10,single_emulation,2,deepest,100,300000,1,control,single_pipe_emul,1,1,1,1,2026-04-06T21:48:53Z,2026-04-07T06:16:24Z,30451,8.458611,8.458611,1,job_info_successful_attempt,Per-step wallclock is linear interpolation from successful-attempt total walltime; failed/preempted fragments are not added unless represented in canonical job_info.
current_cifar_paper,O1,single_P2_equal,current_cifar_paper:cifar10:single_P2_equal:seed1:h300000,cifar10,single_emulation,2,equal,100,300000,1,control,single_pipe_emul,1,1,1,1,2026-04-06T21:48:53Z,2026-04-07T06:18:32Z,30579,8.494167,8.494167,1,job_info_successful_attempt,Per-step wallclock is linear interpolation from successful-attempt total walltime; failed/preempted fragments are not added unless represented in canonical job_info.
current_cifar_paper,O1,single_P4_deepest,current_cifar_paper:cifar10:single_P4_deepest:seed1:h300000,cifar10,single_emulation,4,deepest,100,300000,1,control,single_pipe_emul,1,1,1,1,2026-04-06T21:48:54Z,2026-04-07T06:33:40Z,31486,8.746111,8.746111,1,job_info_successful_attempt,Per-step wallclock is linear interpolation from successful-attempt total walltime; failed/preempted fragments are not added unless represented in canonical job_info.
current_cifar_paper,O1,single_P4_equal,current_cifar_paper:cifar10:single_P4_equal:seed1:h300000,cifar10,single_emulation,4,equal,100,300000,1,control,single_pipe_emul,1,1,1,1,2026-04-06T21:48:55Z,2026-04-07T06:34:27Z,31532,8.758889,8.758889,1,job_info_successful_attempt,Per-step wallclock is linear interpolation from successful-attempt total walltime; failed/preempted fragments are not added unless represented in canonical job_info.
current_cifar_paper,O1,single_P8_deepest,current_cifar_paper:cifar10:single_P8_deepest:seed1:h300000,cifar10,single_emulation,8,deepest,100,300000,1,appendix,single_pipe_emul,1,1,1,1,2026-04-16T02:30:40Z,2026-04-16T11:51:03Z,33623,9.339722,9.339722,1,job_info_successful_attempt,Per-step wallclock is linear interpolation from successful-attempt total walltime; failed/preempted fragments are not added unless represented in canonical job_info.
current_cifar_paper,O1,single_P8_equal,current_cifar_paper:cifar10:single_P8_equal:seed1:h300000,cifar10,single_emulation,8,equal,100,300000,1,appendix,single_pipe_emul,1,1,1,1,2026-04-23T02:21:57Z,2026-04-23T11:28:25Z,32788,9.107778,9.107778,2,job_info_successful_attempt,Per-step wallclock is linear interpolation from successful-attempt total walltime; failed/preempted fragments are not added unless represented in canonical job_info.
current_cifar_paper,O2,ddp_P1_terminal,current_cifar_paper:cifar10:ddp_P1_terminal:seed1:h300000,cifar10,ddp_strict,1,terminal,100,300000,1,control,ddp_fullk,4,1,4,4,2026-04-06T21:48:55Z,2026-04-07T06:12:15Z,30200,8.388889,33.555556,1,job_info_successful_attempt,Per-step wallclock is linear interpolation from successful-attempt total walltime; failed/preempted fragments are not added unless represented in canonical job_info.
current_cifar_paper,O2,pipe_P16_deepest,current_cifar_paper:cifar10:pipe_P16_deepest:seed1:h300000,cifar10,strict_pipeline,16,deepest,100,300000,1,appendix,pipe_strict,16,4,4,16,2026-04-16T19:07:34Z,2026-04-17T18:39:36Z,84722,23.533889,376.542222,1,job_info_successful_attempt,Per-step wallclock is linear interpolation from successful-attempt total walltime; failed/preempted fragments are not added unless represented in canonical job_info.
current_cifar_paper,O2,pipe_P16_equal,current_cifar_paper:cifar10:pipe_P16_equal:seed1:h300000,cifar10,strict_pipeline,16,equal,100,300000,1,appendix,pipe_strict,16,4,4,16,2026-04-20T10:42:57Z,2026-04-21T09:26:55Z,81838,22.732778,363.724444,1,job_info_successful_attempt,Per-step wallclock is linear interpolation from successful-attempt total walltime; failed/preempted fragments are not added unless represented in canonical job_info.
current_cifar_paper,O2,pipe_P2_deepest,current_cifar_paper:cifar10:pipe_P2_deepest:seed1:h300000,cifar10,strict_pipeline,2,deepest,100,300000,1,control,pipe_strict,2,1,2,2,2026-04-06T21:48:55Z,2026-04-07T02:46:00Z,17825,4.951389,9.902778,1,job_info_successful_attempt,Per-step wallclock is linear interpolation from successful-attempt total walltime; failed/preempted fragments are not added unless represented in canonical job_info.
current_cifar_paper,O2,pipe_P2_equal,current_cifar_paper:cifar10:pipe_P2_equal:seed1:h300000,cifar10,strict_pipeline,2,equal,100,300000,1,control,pipe_strict,2,1,2,2,2026-04-06T21:48:55Z,2026-04-07T02:44:07Z,17712,4.920000,9.840000,1,job_info_successful_attempt,Per-step wallclock is linear interpolation from successful-attempt total walltime; failed/preempted fragments are not added unless represented in canonical job_info.
current_cifar_paper,O2,pipe_P4_deepest,current_cifar_paper:cifar10:pipe_P4_deepest:seed1:h300000,cifar10,strict_pipeline,4,deepest,100,300000,1,control,pipe_strict,4,1,4,4,2026-04-06T21:48:55Z,2026-04-07T01:24:31Z,12936,3.593333,14.373333,1,job_info_successful_attempt,Per-step wallclock is linear interpolation from successful-attempt total walltime; failed/preempted fragments are not added unless represented in canonical job_info.
current_cifar_paper,O2,pipe_P4_equal,current_cifar_paper:cifar10:pipe_P4_equal:seed1:h300000,cifar10,strict_pipeline,4,equal,100,300000,1,control,pipe_strict,4,1,4,4,2026-04-06T21:48:55Z,2026-04-07T01:22:00Z,12785,3.551389,14.205556,1,job_info_successful_attempt,Per-step wallclock is linear interpolation from successful-attempt total walltime; failed/preempted fragments are not added unless represented in canonical job_info.
current_cifar_paper,O2,pipe_P8_deepest,current_cifar_paper:cifar10:pipe_P8_deepest:seed1:h300000,cifar10,strict_pipeline,8,deepest,100,300000,1,appendix,pipe_strict,8,2,4,8,2026-04-17T04:14:55Z,2026-04-17T23:56:10Z,70875,19.687500,157.500000,1,job_info_successful_attempt,Per-step wallclock is linear interpolation from successful-attempt total walltime; failed/preempted fragments are not added unless represented in canonical job_info.
current_cifar_paper,O2,pipe_P8_equal,current_cifar_paper:cifar10:pipe_P8_equal:seed1:h300000,cifar10,strict_pipeline,8,equal,100,300000,1,appendix,pipe_strict,8,2,4,8,2026-04-24T13:15:44Z,2026-04-24T16:27:48Z,11524,3.201111,25.608889,3,job_info_successful_attempt,Per-step wallclock is linear interpolation from successful-attempt total walltime; failed/preempted fragments are not added unless represented in canonical job_info.
current_cifar_paper,O3,ddp_P1_terminal,current_cifar_paper:cifar10:ddp_P1_terminal:seed2:h300000,cifar10,ddp_strict,1,terminal,100,300000,2,headline,ddp_fullk,4,1,4,4,2026-04-08T18:40:56Z,2026-04-09T03:03:25Z,30149,8.374722,33.498889,1,job_info_successful_attempt,Per-step wallclock is linear interpolation from successful-attempt total walltime; failed/preempted fragments are not added unless represented in canonical job_info.
current_cifar_paper,O3,ddp_P1_terminal,current_cifar_paper:cifar10:ddp_P1_terminal:seed3:h300000,cifar10,ddp_strict,1,terminal,100,300000,3,headline,ddp_fullk,4,1,4,4,2026-04-08T18:42:28Z,2026-04-09T03:06:46Z,30258,8.405000,33.620000,1,job_info_successful_attempt,Per-step wallclock is linear interpolation from successful-attempt total walltime; failed/preempted fragments are not added unless represented in canonical job_info.
current_cifar_paper,O3,ddp_P1_terminal,current_cifar_paper:cifar10:ddp_P1_terminal:seed4:h300000,cifar10,ddp_strict,1,terminal,100,300000,4,headline,ddp_fullk,4,1,4,4,2026-04-08T18:42:46Z,2026-04-09T03:04:21Z,30095,8.359722,33.438889,1,job_info_successful_attempt,Per-step wallclock is linear interpolation from successful-attempt total walltime; failed/preempted fragments are not added unless represented in canonical job_info.
current_cifar_paper,O3,ddp_P1_terminal,current_cifar_paper:cifar10:ddp_P1_terminal:seed5:h300000,cifar10,ddp_strict,1,terminal,100,300000,5,headline,ddp_fullk,4,1,4,4,2026-04-08T18:44:27Z,2026-04-09T03:06:38Z,30131,8.369722,33.478889,1,job_info_successful_attempt,Per-step wallclock is linear interpolation from successful-attempt total walltime; failed/preempted fragments are not added unless represented in canonical job_info.
current_cifar_paper,O3,pipe_P2_equal,current_cifar_paper:cifar10:pipe_P2_equal:seed2:h300000,cifar10,strict_pipeline,2,equal,100,300000,2,control,pipe_strict,2,1,2,2,2026-04-09T15:53:25Z,2026-04-09T20:46:34Z,17589,4.885833,9.771667,1,job_info_successful_attempt,Per-step wallclock is linear interpolation from successful-attempt total walltime; failed/preempted fragments are not added unless represented in canonical job_info.
current_cifar_paper,O3,pipe_P2_equal,current_cifar_paper:cifar10:pipe_P2_equal:seed3:h300000,cifar10,strict_pipeline,2,equal,100,300000,3,control,pipe_strict,2,1,2,2,2026-04-09T16:07:29Z,2026-04-09T21:00:49Z,17600,4.888889,9.777778,1,job_info_successful_attempt,Per-step wallclock is linear interpolation from successful-attempt total walltime; failed/preempted fragments are not added unless represented in canonical job_info.
current_cifar_paper,O3,pipe_P4_deepest,current_cifar_paper:cifar10:pipe_P4_deepest:seed2:h300000,cifar10,pipeline,4,deepest,100,300000,2,appendix,pipe_strict,4,1,4,4,2026-04-30T08:53:03Z,2026-04-30T12:28:53Z,12950,3.597222,14.388889,1,job_info_successful_attempt,Per-step wallclock is linear interpolation from successful-attempt total walltime; failed/preempted fragments are not added unless represented in canonical job_info.
current_cifar_paper,O3,pipe_P4_deepest,current_cifar_paper:cifar10:pipe_P4_deepest:seed3:h300000,cifar10,pipeline,4,deepest,100,300000,3,appendix,pipe_strict,4,1,4,4,2026-04-30T08:53:03Z,2026-04-30T12:27:55Z,12892,3.581111,14.324444,1,job_info_successful_attempt,Per-step wallclock is linear interpolation from successful-attempt total walltime; failed/preempted fragments are not added unless represented in canonical job_info.
current_cifar_paper,O3,pipe_P4_equal,current_cifar_paper:cifar10:pipe_P4_equal:seed2:h300000,cifar10,strict_pipeline,4,equal,100,300000,2,headline,pipe_strict,4,1,4,4,2026-04-08T19:36:47Z,2026-04-08T23:13:34Z,13007,3.613056,14.452222,1,job_info_successful_attempt,Per-step wallclock is linear interpolation from successful-attempt total walltime; failed/preempted fragments are not added unless represented in canonical job_info.
current_cifar_paper,O3,pipe_P4_equal,current_cifar_paper:cifar10:pipe_P4_equal:seed3:h300000,cifar10,strict_pipeline,4,equal,100,300000,3,headline,pipe_strict,4,1,4,4,2026-04-09T01:39:31Z,2026-04-09T05:15:52Z,12981,3.605833,14.423333,1,job_info_successful_attempt,Per-step wallclock is linear interpolation from successful-attempt total walltime; failed/preempted fragments are not added unless represented in canonical job_info.
current_cifar_paper,O3,pipe_P4_equal,current_cifar_paper:cifar10:pipe_P4_equal:seed4:h300000,cifar10,strict_pipeline,4,equal,100,300000,4,headline,pipe_strict,4,1,4,4,2026-04-13T11:33:54Z,2026-04-13T14:02:27Z,8913,2.475833,9.903333,2,job_info_successful_attempt,Per-step wallclock is linear interpolation from successful-attempt total walltime; failed/preempted fragments are not added unless represented in canonical job_info.
current_cifar_paper,O3,pipe_P4_equal,current_cifar_paper:cifar10:pipe_P4_equal:seed5:h300000,cifar10,strict_pipeline,4,equal,100,300000,5,headline,pipe_strict,4,1,4,4,2026-04-09T15:34:46Z,2026-04-09T19:12:27Z,13061,3.628056,14.512222,1,job_info_successful_attempt,Per-step wallclock is linear interpolation from successful-attempt total walltime; failed/preempted fragments are not added unless represented in canonical job_info.
current_cifar_paper,O3,single_P1_terminal,current_cifar_paper:cifar10:single_P1_terminal:seed2:h300000,cifar10,single_strict,1,terminal,100,300000,2,headline,single_fullk,1,1,1,1,2026-04-10T12:16:25Z,2026-04-10T20:36:47Z,30022,8.339444,8.339444,1,job_info_successful_attempt,Per-step wallclock is linear interpolation from successful-attempt total walltime; failed/preempted fragments are not added unless represented in canonical job_info.
current_cifar_paper,O3,single_P1_terminal,current_cifar_paper:cifar10:single_P1_terminal:seed3:h300000,cifar10,single_strict,1,terminal,100,300000,3,headline,single_fullk,1,1,1,1,2026-04-23T05:27:18Z,2026-04-23T10:53:23Z,19565,5.434722,5.434722,4,job_info_successful_attempt,Per-step wallclock is linear interpolation from successful-attempt total walltime; failed/preempted fragments are not added unless represented in canonical job_info.
current_cifar_paper,O3,single_P2_deepest,current_cifar_paper:cifar10:single_P2_deepest:seed2:h300000,cifar10,single_emulation,2,deepest,100,300000,2,headline,single_pipe_emul,1,1,1,1,2026-04-10T06:31:07Z,2026-04-10T14:57:43Z,30396,8.443333,8.443333,1,job_info_successful_attempt,Per-step wallclock is linear interpolation from successful-attempt total walltime; failed/preempted fragments are not added unless represented in canonical job_info.
current_cifar_paper,O3,single_P2_deepest,current_cifar_paper:cifar10:single_P2_deepest:seed3:h300000,cifar10,single_emulation,2,deepest,100,300000,3,headline,single_pipe_emul,1,1,1,1,2026-04-10T07:45:37Z,2026-04-10T16:16:33Z,30656,8.515556,8.515556,1,job_info_successful_attempt,Per-step wallclock is linear interpolation from successful-attempt total walltime; failed/preempted fragments are not added unless represented in canonical job_info.
current_cifar_paper,O3,single_P2_equal,current_cifar_paper:cifar10:single_P2_equal:seed2:h300000,cifar10,single_emulation,2,equal,100,300000,2,headline,single_pipe_emul,1,1,1,1,2026-04-09T23:14:04Z,2026-04-10T07:45:27Z,30683,8.523056,8.523056,1,job_info_successful_attempt,Per-step wallclock is linear interpolation from successful-attempt total walltime; failed/preempted fragments are not added unless represented in canonical job_info.
current_cifar_paper,O3,single_P2_equal,current_cifar_paper:cifar10:single_P2_equal:seed3:h300000,cifar10,single_emulation,2,equal,100,300000,3,headline,single_pipe_emul,1,1,1,1,2026-04-10T02:31:35Z,2026-04-10T11:03:04Z,30689,8.524722,8.524722,1,job_info_successful_attempt,Per-step wallclock is linear interpolation from successful-attempt total walltime; failed/preempted fragments are not added unless represented in canonical job_info.
current_cifar_paper,O4,ddp_P1_terminal,current_cifar_paper:cifar10:ddp_P1_terminal:seed1:h500000,cifar10,ddp_strict,1,terminal,100,500000,1,headline,ddp_fullk,4,1,4,4,2026-04-12T02:41:38Z,2026-04-12T16:35:22Z,50024,13.895556,55.582222,1,job_info_successful_attempt,Per-step wallclock is linear interpolation from successful-attempt total walltime; failed/preempted fragments are not added unless represented in canonical job_info.
current_cifar_paper,O4,ddp_P1_terminal,current_cifar_paper:cifar10:ddp_P1_terminal:seed2:h500000,cifar10,ddp_strict,1,terminal,100,500000,2,headline,ddp_fullk,4,1,4,4,2026-04-14T04:20:36Z,2026-04-14T18:16:53Z,50177,13.938056,55.752222,1,job_info_successful_attempt,Per-step wallclock is linear interpolation from successful-attempt total walltime; failed/preempted fragments are not added unless represented in canonical job_info.
current_cifar_paper,O4,ddp_P1_terminal,current_cifar_paper:cifar10:ddp_P1_terminal:seed3:h500000,cifar10,ddp_strict,1,terminal,100,500000,3,headline,ddp_fullk,4,1,4,4,2026-04-16T00:07:34Z,2026-04-16T11:47:28Z,41994,11.665000,46.660000,2,job_info_successful_attempt,Per-step wallclock is linear interpolation from successful-attempt total walltime; failed/preempted fragments are not added unless represented in canonical job_info.
current_cifar_paper,O4,pipe_P4_deepest,current_cifar_paper:cifar10:pipe_P4_deepest:seed1:h500000,cifar10,strict_pipeline,4,deepest,100,500000,1,control,pipe_strict,4,1,4,4,2026-04-19T05:46:02Z,2026-04-19T11:43:05Z,21423,5.950833,23.803333,2,job_info_successful_attempt,Per-step wallclock is linear interpolation from successful-attempt total walltime; failed/preempted fragments are not added unless represented in canonical job_info.
current_cifar_paper,O4,pipe_P4_deepest,current_cifar_paper:cifar10:pipe_P4_deepest:seed2:h500000,cifar10,strict_pipeline,4,deepest,100,500000,2,control,pipe_strict,4,1,4,4,2026-04-18T16:07:45Z,2026-04-18T22:06:00Z,21495,5.970833,23.883333,2,job_info_successful_attempt,Per-step wallclock is linear interpolation from successful-attempt total walltime; failed/preempted fragments are not added unless represented in canonical job_info.
current_cifar_paper,O4,pipe_P4_deepest,current_cifar_paper:cifar10:pipe_P4_deepest:seed3:h500000,cifar10,strict_pipeline,4,deepest,100,500000,3,control,pipe_strict,4,1,4,4,2026-04-19T06:22:34Z,2026-04-19T12:21:43Z,21549,5.985833,23.943333,2,job_info_successful_attempt,Per-step wallclock is linear interpolation from successful-attempt total walltime; failed/preempted fragments are not added unless represented in canonical job_info.
current_cifar_paper,O4,pipe_P4_equal,current_cifar_paper:cifar10:pipe_P4_equal:seed1:h500000,cifar10,strict_pipeline,4,equal,100,500000,1,headline,pipe_strict,4,1,4,4,2026-04-12T10:01:46Z,2026-04-12T16:00:20Z,21514,5.976111,23.904444,1,job_info_successful_attempt,Per-step wallclock is linear interpolation from successful-attempt total walltime; failed/preempted fragments are not added unless represented in canonical job_info.
current_cifar_paper,O4,pipe_P4_equal,current_cifar_paper:cifar10:pipe_P4_equal:seed2:h500000,cifar10,strict_pipeline,4,equal,100,500000,2,headline,pipe_strict,4,1,4,4,2026-04-16T01:21:43Z,2026-04-16T07:19:56Z,21493,5.970278,23.881111,2,job_info_successful_attempt,Per-step wallclock is linear interpolation from successful-attempt total walltime; failed/preempted fragments are not added unless represented in canonical job_info.
current_cifar_paper,O4,pipe_P4_equal,current_cifar_paper:cifar10:pipe_P4_equal:seed3:h500000,cifar10,strict_pipeline,4,equal,100,500000,3,headline,pipe_strict,4,1,4,4,2026-04-15T07:28:06Z,2026-04-15T13:27:47Z,21581,5.994722,23.978889,1,job_info_successful_attempt,Per-step wallclock is linear interpolation from successful-attempt total walltime; failed/preempted fragments are not added unless represented in canonical job_info.
current_cifar_paper,O4,pipe_P4_equal,current_cifar_paper:cifar10:pipe_P4_equal:seed4:h500000,cifar10,pipeline,4,equal,100,500000,4,headline,pipe_strict,4,1,4,4,2026-04-30T08:14:24Z,2026-04-30T14:09:07Z,21283,5.911944,23.647778,1,job_info_successful_attempt,Per-step wallclock is linear interpolation from successful-attempt total walltime; failed/preempted fragments are not added unless represented in canonical job_info.
current_cifar_paper,O4,pipe_P4_equal,current_cifar_paper:cifar10:pipe_P4_equal:seed5:h500000,cifar10,pipeline,4,equal,100,500000,5,headline,pipe_strict,4,1,4,4,2026-04-30T08:53:04Z,2026-04-30T14:51:21Z,21497,5.971389,23.885556,1,job_info_successful_attempt,Per-step wallclock is linear interpolation from successful-attempt total walltime; failed/preempted fragments are not added unless represented in canonical job_info.
current_cifar_paper,O4,single_P1_terminal,current_cifar_paper:cifar10:single_P1_terminal:seed1:h500000,cifar10,single_strict,1,terminal,100,500000,1,headline,single_fullk,1,1,1,1,2026-04-14T03:26:31Z,2026-04-14T17:19:48Z,49997,13.888056,13.888056,1,job_info_successful_attempt,Per-step wallclock is linear interpolation from successful-attempt total walltime; failed/preempted fragments are not added unless represented in canonical job_info.
current_cifar_paper,O4,single_P1_terminal,current_cifar_paper:cifar10:single_P1_terminal:seed2:h500000,cifar10,single_strict,1,terminal,100,500000,2,headline,single_fullk,1,1,1,1,2026-04-23T05:44:40Z,2026-04-23T19:38:10Z,50010,13.891667,13.891667,2,job_info_successful_attempt,Per-step wallclock is linear interpolation from successful-attempt total walltime; failed/preempted fragments are not added unless represented in canonical job_info.
current_cifar_paper,O4,single_P1_terminal,current_cifar_paper:cifar10:single_P1_terminal:seed3:h500000,cifar10,single_strict,1,terminal,100,500000,3,headline,single_fullk,1,1,1,1,2026-04-20T15:39:53Z,2026-04-21T05:29:38Z,49785,13.829167,13.829167,1,job_info_successful_attempt,Per-step wallclock is linear interpolation from successful-attempt total walltime; failed/preempted fragments are not added unless represented in canonical job_info.
current_cifar_paper,O4,single_P2_deepest,current_cifar_paper:cifar10:single_P2_deepest:seed1:h500000,cifar10,single_emulation,2,deepest,100,500000,1,headline,single_pipe_emul,1,1,1,1,2026-04-12T09:05:43Z,2026-04-12T23:10:33Z,50690,14.080556,14.080556,1,job_info_successful_attempt,Per-step wallclock is linear interpolation from successful-attempt total walltime; failed/preempted fragments are not added unless represented in canonical job_info.
current_cifar_paper,O4,single_P2_deepest,current_cifar_paper:cifar10:single_P2_deepest:seed2:h500000,cifar10,single_emulation,2,deepest,100,500000,2,headline,single_pipe_emul,1,1,1,1,2026-04-16T01:05:53Z,2026-04-16T14:40:43Z,48890,13.580556,13.580556,2,job_info_successful_attempt,Per-step wallclock is linear interpolation from successful-attempt total walltime; failed/preempted fragments are not added unless represented in canonical job_info.
current_cifar_paper,O4,single_P2_deepest,current_cifar_paper:cifar10:single_P2_deepest:seed3:h500000,cifar10,single_emulation,2,deepest,100,500000,3,headline,single_pipe_emul,1,1,1,1,2026-04-15T07:27:52Z,2026-04-15T21:32:15Z,50663,14.073056,14.073056,1,job_info_successful_attempt,Per-step wallclock is linear interpolation from successful-attempt total walltime; failed/preempted fragments are not added unless represented in canonical job_info.
current_cifar_paper,O4,single_P2_equal,current_cifar_paper:cifar10:single_P2_equal:seed1:h500000,cifar10,single_emulation,2,equal,100,500000,1,headline,single_pipe_emul,1,1,1,1,2026-04-12T10:02:09Z,2026-04-13T00:12:46Z,51037,14.176944,14.176944,1,job_info_successful_attempt,Per-step wallclock is linear interpolation from successful-attempt total walltime; failed/preempted fragments are not added unless represented in canonical job_info.
current_cifar_paper,O4,single_P2_equal,current_cifar_paper:cifar10:single_P2_equal:seed2:h500000,cifar10,single_emulation,2,equal,100,500000,2,headline,single_pipe_emul,1,1,1,1,2026-04-15T07:27:52Z,2026-04-15T21:35:06Z,50834,14.120556,14.120556,1,job_info_successful_attempt,Per-step wallclock is linear interpolation from successful-attempt total walltime; failed/preempted fragments are not added unless represented in canonical job_info.
current_cifar_paper,O4,single_P2_equal,current_cifar_paper:cifar10:single_P2_equal:seed3:h500000,cifar10,single_emulation,2,equal,100,500000,3,headline,single_pipe_emul,1,1,1,1,2026-04-15T10:02:10Z,2026-04-16T00:07:23Z,50713,14.086944,14.086944,1,job_info_successful_attempt,Per-step wallclock is linear interpolation from successful-attempt total walltime; failed/preempted fragments are not added unless represented in canonical job_info.
current_cifar_paper,O5,ddp_P1_terminal_K100,current_cifar_paper:cifar10:ddp_P1_terminal_K100:seed1:h300000,cifar10,ddp_strict,1,terminal,100,300000,1,control,ddp_fullk,4,1,4,4,2026-04-21T01:49:08Z,2026-04-21T10:13:22Z,30254,8.403889,33.615556,2,job_info_successful_attempt,Per-step wallclock is linear interpolation from successful-attempt total walltime; failed/preempted fragments are not added unless represented in canonical job_info.
current_cifar_paper,O5,ddp_P1_terminal_K25,current_cifar_paper:cifar10:ddp_P1_terminal_K25:seed1:h300000,cifar10,ddp_strict,1,terminal,25,300000,1,control,ddp_fullk,4,1,4,4,2026-04-19T06:36:35Z,2026-04-19T10:09:36Z,12781,3.550278,14.201111,2,job_info_successful_attempt,Per-step wallclock is linear interpolation from successful-attempt total walltime; failed/preempted fragments are not added unless represented in canonical job_info.
current_cifar_paper,O5,ddp_P1_terminal_K50,current_cifar_paper:cifar10:ddp_P1_terminal_K50:seed1:h300000,cifar10,ddp_strict,1,terminal,50,300000,1,control,ddp_fullk,4,1,4,4,2026-04-21T00:33:53Z,2026-04-21T05:44:47Z,18654,5.181667,20.726667,2,job_info_successful_attempt,Per-step wallclock is linear interpolation from successful-attempt total walltime; failed/preempted fragments are not added unless represented in canonical job_info.
current_cifar_paper,O5,pipe_P4_deepest_K100,current_cifar_paper:cifar10:pipe_P4_deepest_K100:seed1:h300000,cifar10,strict_pipeline,4,deepest,100,300000,1,control,pipe_strict,4,1,4,4,2026-04-23T05:51:30Z,2026-04-23T08:49:52Z,10702,2.972778,11.891111,2,job_info_successful_attempt,Per-step wallclock is linear interpolation from successful-attempt total walltime; failed/preempted fragments are not added unless represented in canonical job_info.
current_cifar_paper,O5,pipe_P4_equal_K100,current_cifar_paper:cifar10:pipe_P4_equal_K100:seed1:h300000,cifar10,strict_pipeline,4,equal,100,300000,1,control,pipe_strict,4,1,4,4,2026-04-17T15:16:16Z,2026-04-17T18:52:22Z,12966,3.601667,14.406667,1,job_info_successful_attempt,Per-step wallclock is linear interpolation from successful-attempt total walltime; failed/preempted fragments are not added unless represented in canonical job_info.
current_cifar_paper,O5,pipe_P4_equal_K100,current_cifar_paper:cifar10:pipe_P4_equal_K100:seed2:h300000,cifar10,pipeline,4,equal,100,300000,2,control,pipe_strict,4,1,4,4,2026-04-30T08:53:03Z,2026-04-30T12:26:16Z,12793,3.553611,14.214444,1,job_info_successful_attempt,Per-step wallclock is linear interpolation from successful-attempt total walltime; failed/preempted fragments are not added unless represented in canonical job_info.
