logical_run_id,family_id,seed,horizon_steps,gpu_count,threshold_fid,first_step,first_fid,wallclock_seconds,wallclock_hours,gpu_hours,reached,walltime_source
current_cifar_paper:cifar10:ddp_P1_terminal:seed1:h300000,ddp_P1_terminal,1,300000,4,100,35000,87.386531877,3523.333333,0.978704,3.914815,yes,linear_interpolation_from_job_info_successful_attempt_total
current_cifar_paper:cifar10:ddp_P1_terminal:seed1:h300000,ddp_P1_terminal,1,300000,4,90,35000,87.386531877,3523.333333,0.978704,3.914815,yes,linear_interpolation_from_job_info_successful_attempt_total
current_cifar_paper:cifar10:ddp_P1_terminal:seed1:h300000,ddp_P1_terminal,1,300000,4,80,45000,78.343319935,4530.000000,1.258333,5.033333,yes,linear_interpolation_from_job_info_successful_attempt_total
current_cifar_paper:cifar10:ddp_P1_terminal:seed1:h300000,ddp_P1_terminal,1,300000,4,70,95000,63.088408106,9563.333333,2.656481,10.625926,yes,linear_interpolation_from_job_info_successful_attempt_total
current_cifar_paper:cifar10:ddp_P1_terminal:seed1:h300000,ddp_P1_terminal,1,300000,4,65,95000,63.088408106,9563.333333,2.656481,10.625926,yes,linear_interpolation_from_job_info_successful_attempt_total
current_cifar_paper:cifar10:ddp_P1_terminal:seed1:h300000,ddp_P1_terminal,1,300000,4,60,170000,58.296697123,17113.333333,4.753704,19.014815,yes,linear_interpolation_from_job_info_successful_attempt_total
current_cifar_paper:cifar10:ddp_P1_terminal:seed1:h300000,ddp_P1_terminal,1,300000,4,55,,,,,,no,linear_interpolation_from_job_info_successful_attempt_total
current_cifar_paper:cifar10:ddp_P1_terminal:seed1:h300000,ddp_P1_terminal,1,300000,4,50,,,,,,no,linear_interpolation_from_job_info_successful_attempt_total
current_cifar_paper:cifar10:ddp_P1_terminal:seed1:h500000,ddp_P1_terminal,1,500000,4,100,35000,85.776266429,3501.680000,0.972689,3.890756,yes,linear_interpolation_from_job_info_successful_attempt_total
current_cifar_paper:cifar10:ddp_P1_terminal:seed1:h500000,ddp_P1_terminal,1,500000,4,90,35000,85.776266429,3501.680000,0.972689,3.890756,yes,linear_interpolation_from_job_info_successful_attempt_total
current_cifar_paper:cifar10:ddp_P1_terminal:seed1:h500000,ddp_P1_terminal,1,500000,4,80,45000,77.989999413,4502.160000,1.250600,5.002400,yes,linear_interpolation_from_job_info_successful_attempt_total
current_cifar_paper:cifar10:ddp_P1_terminal:seed1:h500000,ddp_P1_terminal,1,500000,4,70,95000,64.456787277,9504.560000,2.640156,10.560622,yes,linear_interpolation_from_job_info_successful_attempt_total
current_cifar_paper:cifar10:ddp_P1_terminal:seed1:h500000,ddp_P1_terminal,1,500000,4,65,95000,64.456787277,9504.560000,2.640156,10.560622,yes,linear_interpolation_from_job_info_successful_attempt_total
current_cifar_paper:cifar10:ddp_P1_terminal:seed1:h500000,ddp_P1_terminal,1,500000,4,60,245000,58.519983002,24511.760000,6.808822,27.235289,yes,linear_interpolation_from_job_info_successful_attempt_total
current_cifar_paper:cifar10:ddp_P1_terminal:seed1:h500000,ddp_P1_terminal,1,500000,4,55,280000,54.201634886,28013.440000,7.781511,31.126044,yes,linear_interpolation_from_job_info_successful_attempt_total
current_cifar_paper:cifar10:ddp_P1_terminal:seed1:h500000,ddp_P1_terminal,1,500000,4,50,,,,,,no,linear_interpolation_from_job_info_successful_attempt_total
current_cifar_paper:cifar10:ddp_P1_terminal:seed2:h300000,ddp_P1_terminal,2,300000,4,100,15000,99.083219439,1507.450000,0.418736,1.674944,yes,linear_interpolation_from_job_info_successful_attempt_total
current_cifar_paper:cifar10:ddp_P1_terminal:seed2:h300000,ddp_P1_terminal,2,300000,4,90,20000,88.741081899,2009.933333,0.558315,2.233259,yes,linear_interpolation_from_job_info_successful_attempt_total
current_cifar_paper:cifar10:ddp_P1_terminal:seed2:h300000,ddp_P1_terminal,2,300000,4,80,30000,76.905493131,3014.900000,0.837472,3.349889,yes,linear_interpolation_from_job_info_successful_attempt_total
current_cifar_paper:cifar10:ddp_P1_terminal:seed2:h300000,ddp_P1_terminal,2,300000,4,70,45000,68.849566164,4522.350000,1.256208,5.024833,yes,linear_interpolation_from_job_info_successful_attempt_total
current_cifar_paper:cifar10:ddp_P1_terminal:seed2:h300000,ddp_P1_terminal,2,300000,4,65,140000,64.304997990,14069.533333,3.908204,15.632815,yes,linear_interpolation_from_job_info_successful_attempt_total
current_cifar_paper:cifar10:ddp_P1_terminal:seed2:h300000,ddp_P1_terminal,2,300000,4,60,195000,59.124734245,19596.850000,5.443569,21.774278,yes,linear_interpolation_from_job_info_successful_attempt_total
current_cifar_paper:cifar10:ddp_P1_terminal:seed2:h300000,ddp_P1_terminal,2,300000,4,55,240000,54.551408525,24119.200000,6.699778,26.799111,yes,linear_interpolation_from_job_info_successful_attempt_total
current_cifar_paper:cifar10:ddp_P1_terminal:seed2:h300000,ddp_P1_terminal,2,300000,4,50,,,,,,no,linear_interpolation_from_job_info_successful_attempt_total
current_cifar_paper:cifar10:ddp_P1_terminal:seed2:h500000,ddp_P1_terminal,2,500000,4,100,20000,88.666474652,2007.080000,0.557522,2.230089,yes,linear_interpolation_from_job_info_successful_attempt_total
current_cifar_paper:cifar10:ddp_P1_terminal:seed2:h500000,ddp_P1_terminal,2,500000,4,90,20000,88.666474652,2007.080000,0.557522,2.230089,yes,linear_interpolation_from_job_info_successful_attempt_total
current_cifar_paper:cifar10:ddp_P1_terminal:seed2:h500000,ddp_P1_terminal,2,500000,4,80,30000,75.748995438,3010.620000,0.836283,3.345133,yes,linear_interpolation_from_job_info_successful_attempt_total
current_cifar_paper:cifar10:ddp_P1_terminal:seed2:h500000,ddp_P1_terminal,2,500000,4,70,100000,63.851100092,10035.400000,2.787611,11.150444,yes,linear_interpolation_from_job_info_successful_attempt_total
current_cifar_paper:cifar10:ddp_P1_terminal:seed2:h500000,ddp_P1_terminal,2,500000,4,65,100000,63.851100092,10035.400000,2.787611,11.150444,yes,linear_interpolation_from_job_info_successful_attempt_total
current_cifar_paper:cifar10:ddp_P1_terminal:seed2:h500000,ddp_P1_terminal,2,500000,4,60,195000,55.106592056,19569.030000,5.435842,21.743367,yes,linear_interpolation_from_job_info_successful_attempt_total
current_cifar_paper:cifar10:ddp_P1_terminal:seed2:h500000,ddp_P1_terminal,2,500000,4,55,370000,54.968822446,37130.980000,10.314161,41.256644,yes,linear_interpolation_from_job_info_successful_attempt_total
current_cifar_paper:cifar10:ddp_P1_terminal:seed2:h500000,ddp_P1_terminal,2,500000,4,50,,,,,,no,linear_interpolation_from_job_info_successful_attempt_total
current_cifar_paper:cifar10:ddp_P1_terminal:seed3:h300000,ddp_P1_terminal,3,300000,4,100,30000,92.583435582,3025.800000,0.840500,3.362000,yes,linear_interpolation_from_job_info_successful_attempt_total
current_cifar_paper:cifar10:ddp_P1_terminal:seed3:h300000,ddp_P1_terminal,3,300000,4,90,35000,68.355257789,3530.100000,0.980583,3.922333,yes,linear_interpolation_from_job_info_successful_attempt_total
current_cifar_paper:cifar10:ddp_P1_terminal:seed3:h300000,ddp_P1_terminal,3,300000,4,80,35000,68.355257789,3530.100000,0.980583,3.922333,yes,linear_interpolation_from_job_info_successful_attempt_total
current_cifar_paper:cifar10:ddp_P1_terminal:seed3:h300000,ddp_P1_terminal,3,300000,4,70,35000,68.355257789,3530.100000,0.980583,3.922333,yes,linear_interpolation_from_job_info_successful_attempt_total
current_cifar_paper:cifar10:ddp_P1_terminal:seed3:h300000,ddp_P1_terminal,3,300000,4,65,145000,57.704909031,14624.700000,4.062417,16.249667,yes,linear_interpolation_from_job_info_successful_attempt_total
current_cifar_paper:cifar10:ddp_P1_terminal:seed3:h300000,ddp_P1_terminal,3,300000,4,60,145000,57.704909031,14624.700000,4.062417,16.249667,yes,linear_interpolation_from_job_info_successful_attempt_total
current_cifar_paper:cifar10:ddp_P1_terminal:seed3:h300000,ddp_P1_terminal,3,300000,4,55,,,,,,no,linear_interpolation_from_job_info_successful_attempt_total
current_cifar_paper:cifar10:ddp_P1_terminal:seed3:h300000,ddp_P1_terminal,3,300000,4,50,,,,,,no,linear_interpolation_from_job_info_successful_attempt_total
current_cifar_paper:cifar10:ddp_P1_terminal:seed3:h500000,ddp_P1_terminal,3,500000,4,100,30000,90.880758862,2519.640000,0.699900,2.799600,yes,linear_interpolation_from_job_info_successful_attempt_total
current_cifar_paper:cifar10:ddp_P1_terminal:seed3:h500000,ddp_P1_terminal,3,500000,4,90,35000,66.014357738,2939.580000,0.816550,3.266200,yes,linear_interpolation_from_job_info_successful_attempt_total
current_cifar_paper:cifar10:ddp_P1_terminal:seed3:h500000,ddp_P1_terminal,3,500000,4,80,35000,66.014357738,2939.580000,0.816550,3.266200,yes,linear_interpolation_from_job_info_successful_attempt_total
current_cifar_paper:cifar10:ddp_P1_terminal:seed3:h500000,ddp_P1_terminal,3,500000,4,70,35000,66.014357738,2939.580000,0.816550,3.266200,yes,linear_interpolation_from_job_info_successful_attempt_total
current_cifar_paper:cifar10:ddp_P1_terminal:seed3:h500000,ddp_P1_terminal,3,500000,4,65,115000,63.397118001,9658.620000,2.682950,10.731800,yes,linear_interpolation_from_job_info_successful_attempt_total
current_cifar_paper:cifar10:ddp_P1_terminal:seed3:h500000,ddp_P1_terminal,3,500000,4,60,120000,58.939780180,10078.560000,2.799600,11.198400,yes,linear_interpolation_from_job_info_successful_attempt_total
current_cifar_paper:cifar10:ddp_P1_terminal:seed3:h500000,ddp_P1_terminal,3,500000,4,55,230000,54.305373295,19317.240000,5.365900,21.463600,yes,linear_interpolation_from_job_info_successful_attempt_total
current_cifar_paper:cifar10:ddp_P1_terminal:seed3:h500000,ddp_P1_terminal,3,500000,4,50,,,,,,no,linear_interpolation_from_job_info_successful_attempt_total
current_cifar_paper:cifar10:ddp_P1_terminal:seed4:h300000,ddp_P1_terminal,4,300000,4,100,15000,95.643328634,1504.750000,0.417986,1.671944,yes,linear_interpolation_from_job_info_successful_attempt_total
current_cifar_paper:cifar10:ddp_P1_terminal:seed4:h300000,ddp_P1_terminal,4,300000,4,90,25000,82.926357567,2507.916667,0.696644,2.786574,yes,linear_interpolation_from_job_info_successful_attempt_total
current_cifar_paper:cifar10:ddp_P1_terminal:seed4:h300000,ddp_P1_terminal,4,300000,4,80,35000,68.532296464,3511.083333,0.975301,3.901204,yes,linear_interpolation_from_job_info_successful_attempt_total
current_cifar_paper:cifar10:ddp_P1_terminal:seed4:h300000,ddp_P1_terminal,4,300000,4,70,35000,68.532296464,3511.083333,0.975301,3.901204,yes,linear_interpolation_from_job_info_successful_attempt_total
current_cifar_paper:cifar10:ddp_P1_terminal:seed4:h300000,ddp_P1_terminal,4,300000,4,65,125000,58.029655120,12539.583333,3.483218,13.932870,yes,linear_interpolation_from_job_info_successful_attempt_total
current_cifar_paper:cifar10:ddp_P1_terminal:seed4:h300000,ddp_P1_terminal,4,300000,4,60,125000,58.029655120,12539.583333,3.483218,13.932870,yes,linear_interpolation_from_job_info_successful_attempt_total
current_cifar_paper:cifar10:ddp_P1_terminal:seed4:h300000,ddp_P1_terminal,4,300000,4,55,,,,,,no,linear_interpolation_from_job_info_successful_attempt_total
current_cifar_paper:cifar10:ddp_P1_terminal:seed4:h300000,ddp_P1_terminal,4,300000,4,50,,,,,,no,linear_interpolation_from_job_info_successful_attempt_total
current_cifar_paper:cifar10:ddp_P1_terminal:seed5:h300000,ddp_P1_terminal,5,300000,4,100,20000,89.192510053,2008.733333,0.557981,2.231926,yes,linear_interpolation_from_job_info_successful_attempt_total
current_cifar_paper:cifar10:ddp_P1_terminal:seed5:h300000,ddp_P1_terminal,5,300000,4,90,20000,89.192510053,2008.733333,0.557981,2.231926,yes,linear_interpolation_from_job_info_successful_attempt_total
current_cifar_paper:cifar10:ddp_P1_terminal:seed5:h300000,ddp_P1_terminal,5,300000,4,80,30000,79.102938735,3013.100000,0.836972,3.347889,yes,linear_interpolation_from_job_info_successful_attempt_total
current_cifar_paper:cifar10:ddp_P1_terminal:seed5:h300000,ddp_P1_terminal,5,300000,4,70,95000,69.085636415,9541.483333,2.650412,10.601648,yes,linear_interpolation_from_job_info_successful_attempt_total
current_cifar_paper:cifar10:ddp_P1_terminal:seed5:h300000,ddp_P1_terminal,5,300000,4,65,115000,61.720093152,11550.216667,3.208394,12.833574,yes,linear_interpolation_from_job_info_successful_attempt_total
current_cifar_paper:cifar10:ddp_P1_terminal:seed5:h300000,ddp_P1_terminal,5,300000,4,60,170000,59.532928487,17074.233333,4.742843,18.971370,yes,linear_interpolation_from_job_info_successful_attempt_total
current_cifar_paper:cifar10:ddp_P1_terminal:seed5:h300000,ddp_P1_terminal,5,300000,4,55,175000,53.558815544,17576.416667,4.882338,19.529352,yes,linear_interpolation_from_job_info_successful_attempt_total
current_cifar_paper:cifar10:ddp_P1_terminal:seed5:h300000,ddp_P1_terminal,5,300000,4,50,,,,,,no,linear_interpolation_from_job_info_successful_attempt_total
current_cifar_paper:cifar10:ddp_P1_terminal_K100:seed1:h300000,ddp_P1_terminal_K100,1,300000,4,100,35000,83.771964530,3529.633333,0.980454,3.921815,yes,linear_interpolation_from_job_info_successful_attempt_total
current_cifar_paper:cifar10:ddp_P1_terminal_K100:seed1:h300000,ddp_P1_terminal_K100,1,300000,4,90,35000,83.771964530,3529.633333,0.980454,3.921815,yes,linear_interpolation_from_job_info_successful_attempt_total
current_cifar_paper:cifar10:ddp_P1_terminal_K100:seed1:h300000,ddp_P1_terminal_K100,1,300000,4,80,70000,67.867065615,7059.266667,1.960907,7.843630,yes,linear_interpolation_from_job_info_successful_attempt_total
current_cifar_paper:cifar10:ddp_P1_terminal_K100:seed1:h300000,ddp_P1_terminal_K100,1,300000,4,70,70000,67.867065615,7059.266667,1.960907,7.843630,yes,linear_interpolation_from_job_info_successful_attempt_total
current_cifar_paper:cifar10:ddp_P1_terminal_K100:seed1:h300000,ddp_P1_terminal_K100,1,300000,4,65,95000,61.315632195,9580.433333,2.661231,10.644926,yes,linear_interpolation_from_job_info_successful_attempt_total
current_cifar_paper:cifar10:ddp_P1_terminal_K100:seed1:h300000,ddp_P1_terminal_K100,1,300000,4,60,170000,57.654826758,17143.933333,4.762204,19.048815,yes,linear_interpolation_from_job_info_successful_attempt_total
current_cifar_paper:cifar10:ddp_P1_terminal_K100:seed1:h300000,ddp_P1_terminal_K100,1,300000,4,55,280000,53.470456794,28237.066667,7.843630,31.374519,yes,linear_interpolation_from_job_info_successful_attempt_total
current_cifar_paper:cifar10:ddp_P1_terminal_K100:seed1:h300000,ddp_P1_terminal_K100,1,300000,4,50,,,,,,no,linear_interpolation_from_job_info_successful_attempt_total
current_cifar_paper:cifar10:ddp_P1_terminal_K25:seed1:h300000,ddp_P1_terminal_K25,1,300000,4,100,,,,,,no,linear_interpolation_from_job_info_successful_attempt_total
current_cifar_paper:cifar10:ddp_P1_terminal_K25:seed1:h300000,ddp_P1_terminal_K25,1,300000,4,90,,,,,,no,linear_interpolation_from_job_info_successful_attempt_total
current_cifar_paper:cifar10:ddp_P1_terminal_K25:seed1:h300000,ddp_P1_terminal_K25,1,300000,4,80,,,,,,no,linear_interpolation_from_job_info_successful_attempt_total
current_cifar_paper:cifar10:ddp_P1_terminal_K25:seed1:h300000,ddp_P1_terminal_K25,1,300000,4,70,,,,,,no,linear_interpolation_from_job_info_successful_attempt_total
current_cifar_paper:cifar10:ddp_P1_terminal_K25:seed1:h300000,ddp_P1_terminal_K25,1,300000,4,65,,,,,,no,linear_interpolation_from_job_info_successful_attempt_total
current_cifar_paper:cifar10:ddp_P1_terminal_K25:seed1:h300000,ddp_P1_terminal_K25,1,300000,4,60,,,,,,no,linear_interpolation_from_job_info_successful_attempt_total
current_cifar_paper:cifar10:ddp_P1_terminal_K25:seed1:h300000,ddp_P1_terminal_K25,1,300000,4,55,,,,,,no,linear_interpolation_from_job_info_successful_attempt_total
current_cifar_paper:cifar10:ddp_P1_terminal_K25:seed1:h300000,ddp_P1_terminal_K25,1,300000,4,50,,,,,,no,linear_interpolation_from_job_info_successful_attempt_total
current_cifar_paper:cifar10:ddp_P1_terminal_K50:seed1:h300000,ddp_P1_terminal_K50,1,300000,4,100,,,,,,no,linear_interpolation_from_job_info_successful_attempt_total
current_cifar_paper:cifar10:ddp_P1_terminal_K50:seed1:h300000,ddp_P1_terminal_K50,1,300000,4,90,,,,,,no,linear_interpolation_from_job_info_successful_attempt_total
current_cifar_paper:cifar10:ddp_P1_terminal_K50:seed1:h300000,ddp_P1_terminal_K50,1,300000,4,80,,,,,,no,linear_interpolation_from_job_info_successful_attempt_total
current_cifar_paper:cifar10:ddp_P1_terminal_K50:seed1:h300000,ddp_P1_terminal_K50,1,300000,4,70,,,,,,no,linear_interpolation_from_job_info_successful_attempt_total
current_cifar_paper:cifar10:ddp_P1_terminal_K50:seed1:h300000,ddp_P1_terminal_K50,1,300000,4,65,,,,,,no,linear_interpolation_from_job_info_successful_attempt_total
current_cifar_paper:cifar10:ddp_P1_terminal_K50:seed1:h300000,ddp_P1_terminal_K50,1,300000,4,60,,,,,,no,linear_interpolation_from_job_info_successful_attempt_total
current_cifar_paper:cifar10:ddp_P1_terminal_K50:seed1:h300000,ddp_P1_terminal_K50,1,300000,4,55,,,,,,no,linear_interpolation_from_job_info_successful_attempt_total
current_cifar_paper:cifar10:ddp_P1_terminal_K50:seed1:h300000,ddp_P1_terminal_K50,1,300000,4,50,,,,,,no,linear_interpolation_from_job_info_successful_attempt_total
current_cifar_paper:cifar10:pipe_P16_deepest:seed1:h300000,pipe_P16_deepest,1,300000,16,100,,,,,,no,linear_interpolation_from_job_info_successful_attempt_total
current_cifar_paper:cifar10:pipe_P16_deepest:seed1:h300000,pipe_P16_deepest,1,300000,16,90,,,,,,no,linear_interpolation_from_job_info_successful_attempt_total
current_cifar_paper:cifar10:pipe_P16_deepest:seed1:h300000,pipe_P16_deepest,1,300000,16,80,,,,,,no,linear_interpolation_from_job_info_successful_attempt_total
current_cifar_paper:cifar10:pipe_P16_deepest:seed1:h300000,pipe_P16_deepest,1,300000,16,70,,,,,,no,linear_interpolation_from_job_info_successful_attempt_total
current_cifar_paper:cifar10:pipe_P16_deepest:seed1:h300000,pipe_P16_deepest,1,300000,16,65,,,,,,no,linear_interpolation_from_job_info_successful_attempt_total
current_cifar_paper:cifar10:pipe_P16_deepest:seed1:h300000,pipe_P16_deepest,1,300000,16,60,,,,,,no,linear_interpolation_from_job_info_successful_attempt_total
current_cifar_paper:cifar10:pipe_P16_deepest:seed1:h300000,pipe_P16_deepest,1,300000,16,55,,,,,,no,linear_interpolation_from_job_info_successful_attempt_total
current_cifar_paper:cifar10:pipe_P16_deepest:seed1:h300000,pipe_P16_deepest,1,300000,16,50,,,,,,no,linear_interpolation_from_job_info_successful_attempt_total
current_cifar_paper:cifar10:pipe_P16_equal:seed1:h300000,pipe_P16_equal,1,300000,16,100,,,,,,no,linear_interpolation_from_job_info_successful_attempt_total
current_cifar_paper:cifar10:pipe_P16_equal:seed1:h300000,pipe_P16_equal,1,300000,16,90,,,,,,no,linear_interpolation_from_job_info_successful_attempt_total
current_cifar_paper:cifar10:pipe_P16_equal:seed1:h300000,pipe_P16_equal,1,300000,16,80,,,,,,no,linear_interpolation_from_job_info_successful_attempt_total
current_cifar_paper:cifar10:pipe_P16_equal:seed1:h300000,pipe_P16_equal,1,300000,16,70,,,,,,no,linear_interpolation_from_job_info_successful_attempt_total
current_cifar_paper:cifar10:pipe_P16_equal:seed1:h300000,pipe_P16_equal,1,300000,16,65,,,,,,no,linear_interpolation_from_job_info_successful_attempt_total
current_cifar_paper:cifar10:pipe_P16_equal:seed1:h300000,pipe_P16_equal,1,300000,16,60,,,,,,no,linear_interpolation_from_job_info_successful_attempt_total
current_cifar_paper:cifar10:pipe_P16_equal:seed1:h300000,pipe_P16_equal,1,300000,16,55,,,,,,no,linear_interpolation_from_job_info_successful_attempt_total
current_cifar_paper:cifar10:pipe_P16_equal:seed1:h300000,pipe_P16_equal,1,300000,16,50,,,,,,no,linear_interpolation_from_job_info_successful_attempt_total
current_cifar_paper:cifar10:pipe_P2_deepest:seed1:h300000,pipe_P2_deepest,1,300000,2,100,15000,98.664594145,891.250000,0.247569,0.495139,yes,linear_interpolation_from_job_info_successful_attempt_total
current_cifar_paper:cifar10:pipe_P2_deepest:seed1:h300000,pipe_P2_deepest,1,300000,2,90,30000,87.536180289,1782.500000,0.495139,0.990278,yes,linear_interpolation_from_job_info_successful_attempt_total
current_cifar_paper:cifar10:pipe_P2_deepest:seed1:h300000,pipe_P2_deepest,1,300000,2,80,70000,72.379413962,4159.166667,1.155324,2.310648,yes,linear_interpolation_from_job_info_successful_attempt_total
current_cifar_paper:cifar10:pipe_P2_deepest:seed1:h300000,pipe_P2_deepest,1,300000,2,70,110000,68.530755376,6535.833333,1.815509,3.631019,yes,linear_interpolation_from_job_info_successful_attempt_total
current_cifar_paper:cifar10:pipe_P2_deepest:seed1:h300000,pipe_P2_deepest,1,300000,2,65,130000,62.639303693,7724.166667,2.145602,4.291204,yes,linear_interpolation_from_job_info_successful_attempt_total
current_cifar_paper:cifar10:pipe_P2_deepest:seed1:h300000,pipe_P2_deepest,1,300000,2,60,200000,57.940764575,11883.333333,3.300926,6.601852,yes,linear_interpolation_from_job_info_successful_attempt_total
current_cifar_paper:cifar10:pipe_P2_deepest:seed1:h300000,pipe_P2_deepest,1,300000,2,55,,,,,,no,linear_interpolation_from_job_info_successful_attempt_total
current_cifar_paper:cifar10:pipe_P2_deepest:seed1:h300000,pipe_P2_deepest,1,300000,2,50,,,,,,no,linear_interpolation_from_job_info_successful_attempt_total
current_cifar_paper:cifar10:pipe_P2_equal:seed1:h300000,pipe_P2_equal,1,300000,2,100,15000,91.117105162,885.600000,0.246000,0.492000,yes,linear_interpolation_from_job_info_successful_attempt_total
current_cifar_paper:cifar10:pipe_P2_equal:seed1:h300000,pipe_P2_equal,1,300000,2,90,25000,77.610350326,1476.000000,0.410000,0.820000,yes,linear_interpolation_from_job_info_successful_attempt_total
current_cifar_paper:cifar10:pipe_P2_equal:seed1:h300000,pipe_P2_equal,1,300000,2,80,25000,77.610350326,1476.000000,0.410000,0.820000,yes,linear_interpolation_from_job_info_successful_attempt_total
current_cifar_paper:cifar10:pipe_P2_equal:seed1:h300000,pipe_P2_equal,1,300000,2,70,30000,58.366791887,1771.200000,0.492000,0.984000,yes,linear_interpolation_from_job_info_successful_attempt_total
current_cifar_paper:cifar10:pipe_P2_equal:seed1:h300000,pipe_P2_equal,1,300000,2,65,30000,58.366791887,1771.200000,0.492000,0.984000,yes,linear_interpolation_from_job_info_successful_attempt_total
current_cifar_paper:cifar10:pipe_P2_equal:seed1:h300000,pipe_P2_equal,1,300000,2,60,30000,58.366791887,1771.200000,0.492000,0.984000,yes,linear_interpolation_from_job_info_successful_attempt_total
current_cifar_paper:cifar10:pipe_P2_equal:seed1:h300000,pipe_P2_equal,1,300000,2,55,290000,54.251033095,17121.600000,4.756000,9.512000,yes,linear_interpolation_from_job_info_successful_attempt_total
current_cifar_paper:cifar10:pipe_P2_equal:seed1:h300000,pipe_P2_equal,1,300000,2,50,,,,,,no,linear_interpolation_from_job_info_successful_attempt_total
current_cifar_paper:cifar10:pipe_P2_equal:seed2:h300000,pipe_P2_equal,2,300000,2,100,10000,91.071697846,586.300000,0.162861,0.325722,yes,linear_interpolation_from_job_info_successful_attempt_total
current_cifar_paper:cifar10:pipe_P2_equal:seed2:h300000,pipe_P2_equal,2,300000,2,90,20000,88.021818895,1172.600000,0.325722,0.651444,yes,linear_interpolation_from_job_info_successful_attempt_total
current_cifar_paper:cifar10:pipe_P2_equal:seed2:h300000,pipe_P2_equal,2,300000,2,80,25000,74.893282599,1465.750000,0.407153,0.814306,yes,linear_interpolation_from_job_info_successful_attempt_total
current_cifar_paper:cifar10:pipe_P2_equal:seed2:h300000,pipe_P2_equal,2,300000,2,70,35000,64.561563720,2052.050000,0.570014,1.140028,yes,linear_interpolation_from_job_info_successful_attempt_total
current_cifar_paper:cifar10:pipe_P2_equal:seed2:h300000,pipe_P2_equal,2,300000,2,65,35000,64.561563720,2052.050000,0.570014,1.140028,yes,linear_interpolation_from_job_info_successful_attempt_total
current_cifar_paper:cifar10:pipe_P2_equal:seed2:h300000,pipe_P2_equal,2,300000,2,60,70000,56.009382073,4104.100000,1.140028,2.280056,yes,linear_interpolation_from_job_info_successful_attempt_total
current_cifar_paper:cifar10:pipe_P2_equal:seed2:h300000,pipe_P2_equal,2,300000,2,55,,,,,,no,linear_interpolation_from_job_info_successful_attempt_total
current_cifar_paper:cifar10:pipe_P2_equal:seed2:h300000,pipe_P2_equal,2,300000,2,50,,,,,,no,linear_interpolation_from_job_info_successful_attempt_total
current_cifar_paper:cifar10:pipe_P2_equal:seed3:h300000,pipe_P2_equal,3,300000,2,100,15000,90.441107250,880.000000,0.244444,0.488889,yes,linear_interpolation_from_job_info_successful_attempt_total
current_cifar_paper:cifar10:pipe_P2_equal:seed3:h300000,pipe_P2_equal,3,300000,2,90,25000,82.567989478,1466.666667,0.407407,0.814815,yes,linear_interpolation_from_job_info_successful_attempt_total
current_cifar_paper:cifar10:pipe_P2_equal:seed3:h300000,pipe_P2_equal,3,300000,2,80,40000,79.763239934,2346.666667,0.651852,1.303704,yes,linear_interpolation_from_job_info_successful_attempt_total
current_cifar_paper:cifar10:pipe_P2_equal:seed3:h300000,pipe_P2_equal,3,300000,2,70,50000,65.542428258,2933.333333,0.814815,1.629630,yes,linear_interpolation_from_job_info_successful_attempt_total
current_cifar_paper:cifar10:pipe_P2_equal:seed3:h300000,pipe_P2_equal,3,300000,2,65,70000,63.681290117,4106.666667,1.140741,2.281481,yes,linear_interpolation_from_job_info_successful_attempt_total
current_cifar_paper:cifar10:pipe_P2_equal:seed3:h300000,pipe_P2_equal,3,300000,2,60,100000,56.287861088,5866.666667,1.629630,3.259259,yes,linear_interpolation_from_job_info_successful_attempt_total
current_cifar_paper:cifar10:pipe_P2_equal:seed3:h300000,pipe_P2_equal,3,300000,2,55,280000,53.413821433,16426.666667,4.562963,9.125926,yes,linear_interpolation_from_job_info_successful_attempt_total
current_cifar_paper:cifar10:pipe_P2_equal:seed3:h300000,pipe_P2_equal,3,300000,2,50,,,,,,no,linear_interpolation_from_job_info_successful_attempt_total
current_cifar_paper:cifar10:pipe_P4_deepest:seed1:h300000,pipe_P4_deepest,1,300000,4,100,35000,95.770967031,1509.200000,0.419222,1.676889,yes,linear_interpolation_from_job_info_successful_attempt_total
current_cifar_paper:cifar10:pipe_P4_deepest:seed1:h300000,pipe_P4_deepest,1,300000,4,90,50000,87.031486056,2156.000000,0.598889,2.395556,yes,linear_interpolation_from_job_info_successful_attempt_total
current_cifar_paper:cifar10:pipe_P4_deepest:seed1:h300000,pipe_P4_deepest,1,300000,4,80,70000,79.625081265,3018.400000,0.838444,3.353778,yes,linear_interpolation_from_job_info_successful_attempt_total
current_cifar_paper:cifar10:pipe_P4_deepest:seed1:h300000,pipe_P4_deepest,1,300000,4,70,130000,69.019327247,5605.600000,1.557111,6.228444,yes,linear_interpolation_from_job_info_successful_attempt_total
current_cifar_paper:cifar10:pipe_P4_deepest:seed1:h300000,pipe_P4_deepest,1,300000,4,65,155000,64.916134549,6683.600000,1.856556,7.426222,yes,linear_interpolation_from_job_info_successful_attempt_total
current_cifar_paper:cifar10:pipe_P4_deepest:seed1:h300000,pipe_P4_deepest,1,300000,4,60,190000,58.976839207,8192.800000,2.275778,9.103111,yes,linear_interpolation_from_job_info_successful_attempt_total
current_cifar_paper:cifar10:pipe_P4_deepest:seed1:h300000,pipe_P4_deepest,1,300000,4,55,,,,,,no,linear_interpolation_from_job_info_successful_attempt_total
current_cifar_paper:cifar10:pipe_P4_deepest:seed1:h300000,pipe_P4_deepest,1,300000,4,50,,,,,,no,linear_interpolation_from_job_info_successful_attempt_total
current_cifar_paper:cifar10:pipe_P4_deepest:seed1:h500000,pipe_P4_deepest,1,500000,4,100,30000,92.554675254,1285.380000,0.357050,1.428200,yes,linear_interpolation_from_job_info_successful_attempt_total
current_cifar_paper:cifar10:pipe_P4_deepest:seed1:h500000,pipe_P4_deepest,1,500000,4,90,55000,81.269096045,2356.530000,0.654592,2.618367,yes,linear_interpolation_from_job_info_successful_attempt_total
current_cifar_paper:cifar10:pipe_P4_deepest:seed1:h500000,pipe_P4_deepest,1,500000,4,80,80000,75.829472361,3427.680000,0.952133,3.808533,yes,linear_interpolation_from_job_info_successful_attempt_total
current_cifar_paper:cifar10:pipe_P4_deepest:seed1:h500000,pipe_P4_deepest,1,500000,4,70,130000,66.336568948,5569.980000,1.547217,6.188867,yes,linear_interpolation_from_job_info_successful_attempt_total
current_cifar_paper:cifar10:pipe_P4_deepest:seed1:h500000,pipe_P4_deepest,1,500000,4,65,145000,60.601606593,6212.670000,1.725742,6.902967,yes,linear_interpolation_from_job_info_successful_attempt_total
current_cifar_paper:cifar10:pipe_P4_deepest:seed1:h500000,pipe_P4_deepest,1,500000,4,60,195000,59.542410301,8354.970000,2.320825,9.283300,yes,linear_interpolation_from_job_info_successful_attempt_total
current_cifar_paper:cifar10:pipe_P4_deepest:seed1:h500000,pipe_P4_deepest,1,500000,4,55,445000,54.919946084,19066.470000,5.296242,21.184967,yes,linear_interpolation_from_job_info_successful_attempt_total
current_cifar_paper:cifar10:pipe_P4_deepest:seed1:h500000,pipe_P4_deepest,1,500000,4,50,,,,,,no,linear_interpolation_from_job_info_successful_attempt_total
current_cifar_paper:cifar10:pipe_P4_deepest:seed2:h300000,pipe_P4_deepest,2,300000,4,100,40000,93.688955466,1726.666667,0.479630,1.918519,yes,linear_interpolation_from_job_info_successful_attempt_total
current_cifar_paper:cifar10:pipe_P4_deepest:seed2:h300000,pipe_P4_deepest,2,300000,4,90,45000,76.388812324,1942.500000,0.539583,2.158333,yes,linear_interpolation_from_job_info_successful_attempt_total
current_cifar_paper:cifar10:pipe_P4_deepest:seed2:h300000,pipe_P4_deepest,2,300000,4,80,45000,76.388812324,1942.500000,0.539583,2.158333,yes,linear_interpolation_from_job_info_successful_attempt_total
current_cifar_paper:cifar10:pipe_P4_deepest:seed2:h300000,pipe_P4_deepest,2,300000,4,70,135000,67.506140729,5827.500000,1.618750,6.475000,yes,linear_interpolation_from_job_info_successful_attempt_total
current_cifar_paper:cifar10:pipe_P4_deepest:seed2:h300000,pipe_P4_deepest,2,300000,4,65,240000,63.185889063,10360.000000,2.877778,11.511111,yes,linear_interpolation_from_job_info_successful_attempt_total
current_cifar_paper:cifar10:pipe_P4_deepest:seed2:h300000,pipe_P4_deepest,2,300000,4,60,290000,58.978242945,12518.333333,3.477315,13.909259,yes,linear_interpolation_from_job_info_successful_attempt_total
current_cifar_paper:cifar10:pipe_P4_deepest:seed2:h300000,pipe_P4_deepest,2,300000,4,55,,,,,,no,linear_interpolation_from_job_info_successful_attempt_total
current_cifar_paper:cifar10:pipe_P4_deepest:seed2:h300000,pipe_P4_deepest,2,300000,4,50,,,,,,no,linear_interpolation_from_job_info_successful_attempt_total
current_cifar_paper:cifar10:pipe_P4_deepest:seed2:h500000,pipe_P4_deepest,2,500000,4,100,20000,96.901835067,859.800000,0.238833,0.955333,yes,linear_interpolation_from_job_info_successful_attempt_total
current_cifar_paper:cifar10:pipe_P4_deepest:seed2:h500000,pipe_P4_deepest,2,500000,4,90,45000,81.905947874,1934.550000,0.537375,2.149500,yes,linear_interpolation_from_job_info_successful_attempt_total
current_cifar_paper:cifar10:pipe_P4_deepest:seed2:h500000,pipe_P4_deepest,2,500000,4,80,105000,68.392795602,4513.950000,1.253875,5.015500,yes,linear_interpolation_from_job_info_successful_attempt_total
current_cifar_paper:cifar10:pipe_P4_deepest:seed2:h500000,pipe_P4_deepest,2,500000,4,70,105000,68.392795602,4513.950000,1.253875,5.015500,yes,linear_interpolation_from_job_info_successful_attempt_total
current_cifar_paper:cifar10:pipe_P4_deepest:seed2:h500000,pipe_P4_deepest,2,500000,4,65,145000,60.001690760,6233.550000,1.731542,6.926167,yes,linear_interpolation_from_job_info_successful_attempt_total
current_cifar_paper:cifar10:pipe_P4_deepest:seed2:h500000,pipe_P4_deepest,2,500000,4,60,240000,55.575334787,10317.600000,2.866000,11.464000,yes,linear_interpolation_from_job_info_successful_attempt_total
current_cifar_paper:cifar10:pipe_P4_deepest:seed2:h500000,pipe_P4_deepest,2,500000,4,55,,,,,,no,linear_interpolation_from_job_info_successful_attempt_total
current_cifar_paper:cifar10:pipe_P4_deepest:seed2:h500000,pipe_P4_deepest,2,500000,4,50,,,,,,no,linear_interpolation_from_job_info_successful_attempt_total
current_cifar_paper:cifar10:pipe_P4_deepest:seed3:h300000,pipe_P4_deepest,3,300000,4,100,30000,83.523248060,1289.200000,0.358111,1.432444,yes,linear_interpolation_from_job_info_successful_attempt_total
current_cifar_paper:cifar10:pipe_P4_deepest:seed3:h300000,pipe_P4_deepest,3,300000,4,90,30000,83.523248060,1289.200000,0.358111,1.432444,yes,linear_interpolation_from_job_info_successful_attempt_total
current_cifar_paper:cifar10:pipe_P4_deepest:seed3:h300000,pipe_P4_deepest,3,300000,4,80,70000,76.169104755,3008.133333,0.835593,3.342370,yes,linear_interpolation_from_job_info_successful_attempt_total
current_cifar_paper:cifar10:pipe_P4_deepest:seed3:h300000,pipe_P4_deepest,3,300000,4,70,110000,69.247230404,4727.066667,1.313074,5.252296,yes,linear_interpolation_from_job_info_successful_attempt_total
current_cifar_paper:cifar10:pipe_P4_deepest:seed3:h300000,pipe_P4_deepest,3,300000,4,65,165000,61.094942845,7090.600000,1.969611,7.878444,yes,linear_interpolation_from_job_info_successful_attempt_total
current_cifar_paper:cifar10:pipe_P4_deepest:seed3:h300000,pipe_P4_deepest,3,300000,4,60,,,,,,no,linear_interpolation_from_job_info_successful_attempt_total
current_cifar_paper:cifar10:pipe_P4_deepest:seed3:h300000,pipe_P4_deepest,3,300000,4,55,,,,,,no,linear_interpolation_from_job_info_successful_attempt_total
current_cifar_paper:cifar10:pipe_P4_deepest:seed3:h300000,pipe_P4_deepest,3,300000,4,50,,,,,,no,linear_interpolation_from_job_info_successful_attempt_total
current_cifar_paper:cifar10:pipe_P4_deepest:seed3:h500000,pipe_P4_deepest,3,500000,4,100,25000,88.740058476,1077.450000,0.299292,1.197167,yes,linear_interpolation_from_job_info_successful_attempt_total
current_cifar_paper:cifar10:pipe_P4_deepest:seed3:h500000,pipe_P4_deepest,3,500000,4,90,25000,88.740058476,1077.450000,0.299292,1.197167,yes,linear_interpolation_from_job_info_successful_attempt_total
current_cifar_paper:cifar10:pipe_P4_deepest:seed3:h500000,pipe_P4_deepest,3,500000,4,80,85000,76.987930156,3663.330000,1.017592,4.070367,yes,linear_interpolation_from_job_info_successful_attempt_total
current_cifar_paper:cifar10:pipe_P4_deepest:seed3:h500000,pipe_P4_deepest,3,500000,4,70,135000,63.773791219,5818.230000,1.616175,6.464700,yes,linear_interpolation_from_job_info_successful_attempt_total
current_cifar_paper:cifar10:pipe_P4_deepest:seed3:h500000,pipe_P4_deepest,3,500000,4,65,135000,63.773791219,5818.230000,1.616175,6.464700,yes,linear_interpolation_from_job_info_successful_attempt_total
current_cifar_paper:cifar10:pipe_P4_deepest:seed3:h500000,pipe_P4_deepest,3,500000,4,60,385000,55.103240129,16592.730000,4.609092,18.436367,yes,linear_interpolation_from_job_info_successful_attempt_total
current_cifar_paper:cifar10:pipe_P4_deepest:seed3:h500000,pipe_P4_deepest,3,500000,4,55,465000,54.448799404,20040.570000,5.566825,22.267300,yes,linear_interpolation_from_job_info_successful_attempt_total
current_cifar_paper:cifar10:pipe_P4_deepest:seed3:h500000,pipe_P4_deepest,3,500000,4,50,,,,,,no,linear_interpolation_from_job_info_successful_attempt_total
current_cifar_paper:cifar10:pipe_P4_deepest_K100:seed1:h300000,pipe_P4_deepest_K100,1,300000,4,100,40000,95.947322043,1426.933333,0.396370,1.585481,yes,linear_interpolation_from_job_info_successful_attempt_total
current_cifar_paper:cifar10:pipe_P4_deepest_K100:seed1:h300000,pipe_P4_deepest_K100,1,300000,4,90,60000,83.001996001,2140.400000,0.594556,2.378222,yes,linear_interpolation_from_job_info_successful_attempt_total
current_cifar_paper:cifar10:pipe_P4_deepest_K100:seed1:h300000,pipe_P4_deepest_K100,1,300000,4,80,70000,78.477043489,2497.133333,0.693648,2.774593,yes,linear_interpolation_from_job_info_successful_attempt_total
current_cifar_paper:cifar10:pipe_P4_deepest_K100:seed1:h300000,pipe_P4_deepest_K100,1,300000,4,70,115000,69.604659698,4102.433333,1.139565,4.558259,yes,linear_interpolation_from_job_info_successful_attempt_total
current_cifar_paper:cifar10:pipe_P4_deepest_K100:seed1:h300000,pipe_P4_deepest_K100,1,300000,4,65,200000,63.545857539,7134.666667,1.981852,7.927407,yes,linear_interpolation_from_job_info_successful_attempt_total
current_cifar_paper:cifar10:pipe_P4_deepest_K100:seed1:h300000,pipe_P4_deepest_K100,1,300000,4,60,,,,,,no,linear_interpolation_from_job_info_successful_attempt_total
current_cifar_paper:cifar10:pipe_P4_deepest_K100:seed1:h300000,pipe_P4_deepest_K100,1,300000,4,55,,,,,,no,linear_interpolation_from_job_info_successful_attempt_total
current_cifar_paper:cifar10:pipe_P4_deepest_K100:seed1:h300000,pipe_P4_deepest_K100,1,300000,4,50,,,,,,no,linear_interpolation_from_job_info_successful_attempt_total
current_cifar_paper:cifar10:pipe_P4_equal:seed1:h300000,pipe_P4_equal,1,300000,4,100,25000,81.921359438,1065.416667,0.295949,1.183796,yes,linear_interpolation_from_job_info_successful_attempt_total
current_cifar_paper:cifar10:pipe_P4_equal:seed1:h300000,pipe_P4_equal,1,300000,4,90,25000,81.921359438,1065.416667,0.295949,1.183796,yes,linear_interpolation_from_job_info_successful_attempt_total
current_cifar_paper:cifar10:pipe_P4_equal:seed1:h300000,pipe_P4_equal,1,300000,4,80,50000,64.289998500,2130.833333,0.591898,2.367593,yes,linear_interpolation_from_job_info_successful_attempt_total
current_cifar_paper:cifar10:pipe_P4_equal:seed1:h300000,pipe_P4_equal,1,300000,4,70,50000,64.289998500,2130.833333,0.591898,2.367593,yes,linear_interpolation_from_job_info_successful_attempt_total
current_cifar_paper:cifar10:pipe_P4_equal:seed1:h300000,pipe_P4_equal,1,300000,4,65,50000,64.289998500,2130.833333,0.591898,2.367593,yes,linear_interpolation_from_job_info_successful_attempt_total
current_cifar_paper:cifar10:pipe_P4_equal:seed1:h300000,pipe_P4_equal,1,300000,4,60,95000,58.572449073,4048.583333,1.124606,4.498426,yes,linear_interpolation_from_job_info_successful_attempt_total
current_cifar_paper:cifar10:pipe_P4_equal:seed1:h300000,pipe_P4_equal,1,300000,4,55,240000,51.660096600,10228.000000,2.841111,11.364444,yes,linear_interpolation_from_job_info_successful_attempt_total
current_cifar_paper:cifar10:pipe_P4_equal:seed1:h300000,pipe_P4_equal,1,300000,4,50,,,,,,no,linear_interpolation_from_job_info_successful_attempt_total
current_cifar_paper:cifar10:pipe_P4_equal:seed1:h500000,pipe_P4_equal,1,500000,4,100,25000,79.024365098,1075.700000,0.298806,1.195222,yes,linear_interpolation_from_job_info_successful_attempt_total
current_cifar_paper:cifar10:pipe_P4_equal:seed1:h500000,pipe_P4_equal,1,500000,4,90,25000,79.024365098,1075.700000,0.298806,1.195222,yes,linear_interpolation_from_job_info_successful_attempt_total
current_cifar_paper:cifar10:pipe_P4_equal:seed1:h500000,pipe_P4_equal,1,500000,4,80,25000,79.024365098,1075.700000,0.298806,1.195222,yes,linear_interpolation_from_job_info_successful_attempt_total
current_cifar_paper:cifar10:pipe_P4_equal:seed1:h500000,pipe_P4_equal,1,500000,4,70,80000,61.707219609,3442.240000,0.956178,3.824711,yes,linear_interpolation_from_job_info_successful_attempt_total
current_cifar_paper:cifar10:pipe_P4_equal:seed1:h500000,pipe_P4_equal,1,500000,4,65,80000,61.707219609,3442.240000,0.956178,3.824711,yes,linear_interpolation_from_job_info_successful_attempt_total
current_cifar_paper:cifar10:pipe_P4_equal:seed1:h500000,pipe_P4_equal,1,500000,4,60,195000,48.227092808,8390.460000,2.330683,9.322733,yes,linear_interpolation_from_job_info_successful_attempt_total
current_cifar_paper:cifar10:pipe_P4_equal:seed1:h500000,pipe_P4_equal,1,500000,4,55,195000,48.227092808,8390.460000,2.330683,9.322733,yes,linear_interpolation_from_job_info_successful_attempt_total
current_cifar_paper:cifar10:pipe_P4_equal:seed1:h500000,pipe_P4_equal,1,500000,4,50,195000,48.227092808,8390.460000,2.330683,9.322733,yes,linear_interpolation_from_job_info_successful_attempt_total
current_cifar_paper:cifar10:pipe_P4_equal:seed2:h300000,pipe_P4_equal,2,300000,4,100,20000,86.770187678,867.133333,0.240870,0.963481,yes,linear_interpolation_from_job_info_successful_attempt_total
current_cifar_paper:cifar10:pipe_P4_equal:seed2:h300000,pipe_P4_equal,2,300000,4,90,20000,86.770187678,867.133333,0.240870,0.963481,yes,linear_interpolation_from_job_info_successful_attempt_total
current_cifar_paper:cifar10:pipe_P4_equal:seed2:h300000,pipe_P4_equal,2,300000,4,80,30000,75.481051325,1300.700000,0.361306,1.445222,yes,linear_interpolation_from_job_info_successful_attempt_total
current_cifar_paper:cifar10:pipe_P4_equal:seed2:h300000,pipe_P4_equal,2,300000,4,70,45000,65.925020276,1951.050000,0.541958,2.167833,yes,linear_interpolation_from_job_info_successful_attempt_total
current_cifar_paper:cifar10:pipe_P4_equal:seed2:h300000,pipe_P4_equal,2,300000,4,65,80000,64.659731379,3468.533333,0.963481,3.853926,yes,linear_interpolation_from_job_info_successful_attempt_total
current_cifar_paper:cifar10:pipe_P4_equal:seed2:h300000,pipe_P4_equal,2,300000,4,60,160000,54.266051481,6937.066667,1.926963,7.707852,yes,linear_interpolation_from_job_info_successful_attempt_total
current_cifar_paper:cifar10:pipe_P4_equal:seed2:h300000,pipe_P4_equal,2,300000,4,55,160000,54.266051481,6937.066667,1.926963,7.707852,yes,linear_interpolation_from_job_info_successful_attempt_total
current_cifar_paper:cifar10:pipe_P4_equal:seed2:h300000,pipe_P4_equal,2,300000,4,50,,,,,,no,linear_interpolation_from_job_info_successful_attempt_total
current_cifar_paper:cifar10:pipe_P4_equal:seed2:h500000,pipe_P4_equal,2,500000,4,100,25000,79.788588031,1074.650000,0.298514,1.194056,yes,linear_interpolation_from_job_info_successful_attempt_total
current_cifar_paper:cifar10:pipe_P4_equal:seed2:h500000,pipe_P4_equal,2,500000,4,90,25000,79.788588031,1074.650000,0.298514,1.194056,yes,linear_interpolation_from_job_info_successful_attempt_total
current_cifar_paper:cifar10:pipe_P4_equal:seed2:h500000,pipe_P4_equal,2,500000,4,80,25000,79.788588031,1074.650000,0.298514,1.194056,yes,linear_interpolation_from_job_info_successful_attempt_total
current_cifar_paper:cifar10:pipe_P4_equal:seed2:h500000,pipe_P4_equal,2,500000,4,70,60000,63.262558641,2579.160000,0.716433,2.865733,yes,linear_interpolation_from_job_info_successful_attempt_total
current_cifar_paper:cifar10:pipe_P4_equal:seed2:h500000,pipe_P4_equal,2,500000,4,65,60000,63.262558641,2579.160000,0.716433,2.865733,yes,linear_interpolation_from_job_info_successful_attempt_total
current_cifar_paper:cifar10:pipe_P4_equal:seed2:h500000,pipe_P4_equal,2,500000,4,60,90000,52.357965592,3868.740000,1.074650,4.298600,yes,linear_interpolation_from_job_info_successful_attempt_total
current_cifar_paper:cifar10:pipe_P4_equal:seed2:h500000,pipe_P4_equal,2,500000,4,55,90000,52.357965592,3868.740000,1.074650,4.298600,yes,linear_interpolation_from_job_info_successful_attempt_total
current_cifar_paper:cifar10:pipe_P4_equal:seed2:h500000,pipe_P4_equal,2,500000,4,50,240000,46.988887862,10316.640000,2.865733,11.462933,yes,linear_interpolation_from_job_info_successful_attempt_total
current_cifar_paper:cifar10:pipe_P4_equal:seed3:h300000,pipe_P4_equal,3,300000,4,100,20000,83.588757758,865.400000,0.240389,0.961556,yes,linear_interpolation_from_job_info_successful_attempt_total
current_cifar_paper:cifar10:pipe_P4_equal:seed3:h300000,pipe_P4_equal,3,300000,4,90,20000,83.588757758,865.400000,0.240389,0.961556,yes,linear_interpolation_from_job_info_successful_attempt_total
current_cifar_paper:cifar10:pipe_P4_equal:seed3:h300000,pipe_P4_equal,3,300000,4,80,35000,70.418189593,1514.450000,0.420681,1.682722,yes,linear_interpolation_from_job_info_successful_attempt_total
current_cifar_paper:cifar10:pipe_P4_equal:seed3:h300000,pipe_P4_equal,3,300000,4,70,95000,56.077349882,4110.650000,1.141847,4.567389,yes,linear_interpolation_from_job_info_successful_attempt_total
current_cifar_paper:cifar10:pipe_P4_equal:seed3:h300000,pipe_P4_equal,3,300000,4,65,95000,56.077349882,4110.650000,1.141847,4.567389,yes,linear_interpolation_from_job_info_successful_attempt_total
current_cifar_paper:cifar10:pipe_P4_equal:seed3:h300000,pipe_P4_equal,3,300000,4,60,95000,56.077349882,4110.650000,1.141847,4.567389,yes,linear_interpolation_from_job_info_successful_attempt_total
current_cifar_paper:cifar10:pipe_P4_equal:seed3:h300000,pipe_P4_equal,3,300000,4,55,235000,52.852785398,10168.450000,2.824569,11.298278,yes,linear_interpolation_from_job_info_successful_attempt_total
current_cifar_paper:cifar10:pipe_P4_equal:seed3:h300000,pipe_P4_equal,3,300000,4,50,,,,,,no,linear_interpolation_from_job_info_successful_attempt_total
current_cifar_paper:cifar10:pipe_P4_equal:seed3:h500000,pipe_P4_equal,3,500000,4,100,20000,79.752722703,863.240000,0.239789,0.959156,yes,linear_interpolation_from_job_info_successful_attempt_total
current_cifar_paper:cifar10:pipe_P4_equal:seed3:h500000,pipe_P4_equal,3,500000,4,90,20000,79.752722703,863.240000,0.239789,0.959156,yes,linear_interpolation_from_job_info_successful_attempt_total
current_cifar_paper:cifar10:pipe_P4_equal:seed3:h500000,pipe_P4_equal,3,500000,4,80,20000,79.752722703,863.240000,0.239789,0.959156,yes,linear_interpolation_from_job_info_successful_attempt_total
current_cifar_paper:cifar10:pipe_P4_equal:seed3:h500000,pipe_P4_equal,3,500000,4,70,60000,60.160214751,2589.720000,0.719367,2.877467,yes,linear_interpolation_from_job_info_successful_attempt_total
current_cifar_paper:cifar10:pipe_P4_equal:seed3:h500000,pipe_P4_equal,3,500000,4,65,60000,60.160214751,2589.720000,0.719367,2.877467,yes,linear_interpolation_from_job_info_successful_attempt_total
current_cifar_paper:cifar10:pipe_P4_equal:seed3:h500000,pipe_P4_equal,3,500000,4,60,95000,56.511706744,4100.390000,1.138997,4.555989,yes,linear_interpolation_from_job_info_successful_attempt_total
current_cifar_paper:cifar10:pipe_P4_equal:seed3:h500000,pipe_P4_equal,3,500000,4,55,125000,52.919739076,5395.250000,1.498681,5.994722,yes,linear_interpolation_from_job_info_successful_attempt_total
current_cifar_paper:cifar10:pipe_P4_equal:seed3:h500000,pipe_P4_equal,3,500000,4,50,450000,49.917567981,19422.900000,5.395250,21.581000,yes,linear_interpolation_from_job_info_successful_attempt_total
current_cifar_paper:cifar10:pipe_P4_equal:seed4:h300000,pipe_P4_equal,4,300000,4,100,20000,90.781131332,594.200000,0.165056,0.660222,yes,linear_interpolation_from_job_info_successful_attempt_total
current_cifar_paper:cifar10:pipe_P4_equal:seed4:h300000,pipe_P4_equal,4,300000,4,90,25000,70.768947223,742.750000,0.206319,0.825278,yes,linear_interpolation_from_job_info_successful_attempt_total
current_cifar_paper:cifar10:pipe_P4_equal:seed4:h300000,pipe_P4_equal,4,300000,4,80,25000,70.768947223,742.750000,0.206319,0.825278,yes,linear_interpolation_from_job_info_successful_attempt_total
current_cifar_paper:cifar10:pipe_P4_equal:seed4:h300000,pipe_P4_equal,4,300000,4,70,50000,68.235064193,1485.500000,0.412639,1.650556,yes,linear_interpolation_from_job_info_successful_attempt_total
current_cifar_paper:cifar10:pipe_P4_equal:seed4:h300000,pipe_P4_equal,4,300000,4,65,70000,61.411588340,2079.700000,0.577694,2.310778,yes,linear_interpolation_from_job_info_successful_attempt_total
current_cifar_paper:cifar10:pipe_P4_equal:seed4:h300000,pipe_P4_equal,4,300000,4,60,165000,55.810073687,4902.150000,1.361708,5.446833,yes,linear_interpolation_from_job_info_successful_attempt_total
current_cifar_paper:cifar10:pipe_P4_equal:seed4:h300000,pipe_P4_equal,4,300000,4,55,,,,,,no,linear_interpolation_from_job_info_successful_attempt_total
current_cifar_paper:cifar10:pipe_P4_equal:seed4:h300000,pipe_P4_equal,4,300000,4,50,,,,,,no,linear_interpolation_from_job_info_successful_attempt_total
current_cifar_paper:cifar10:pipe_P4_equal:seed4:h500000,pipe_P4_equal,4,500000,4,100,25000,93.044018190,1064.150000,0.295597,1.182389,yes,linear_interpolation_from_job_info_successful_attempt_total
current_cifar_paper:cifar10:pipe_P4_equal:seed4:h500000,pipe_P4_equal,4,500000,4,90,40000,84.176917549,1702.640000,0.472956,1.891822,yes,linear_interpolation_from_job_info_successful_attempt_total
current_cifar_paper:cifar10:pipe_P4_equal:seed4:h500000,pipe_P4_equal,4,500000,4,80,45000,79.368831423,1915.470000,0.532075,2.128300,yes,linear_interpolation_from_job_info_successful_attempt_total
current_cifar_paper:cifar10:pipe_P4_equal:seed4:h500000,pipe_P4_equal,4,500000,4,70,55000,65.657088167,2341.130000,0.650314,2.601256,yes,linear_interpolation_from_job_info_successful_attempt_total
current_cifar_paper:cifar10:pipe_P4_equal:seed4:h500000,pipe_P4_equal,4,500000,4,65,70000,58.776456198,2979.620000,0.827672,3.310689,yes,linear_interpolation_from_job_info_successful_attempt_total
current_cifar_paper:cifar10:pipe_P4_equal:seed4:h500000,pipe_P4_equal,4,500000,4,60,70000,58.776456198,2979.620000,0.827672,3.310689,yes,linear_interpolation_from_job_info_successful_attempt_total
current_cifar_paper:cifar10:pipe_P4_equal:seed4:h500000,pipe_P4_equal,4,500000,4,55,455000,51.828570843,19367.530000,5.379869,21.519478,yes,linear_interpolation_from_job_info_successful_attempt_total
current_cifar_paper:cifar10:pipe_P4_equal:seed4:h500000,pipe_P4_equal,4,500000,4,50,,,,,,no,linear_interpolation_from_job_info_successful_attempt_total
current_cifar_paper:cifar10:pipe_P4_equal:seed5:h300000,pipe_P4_equal,5,300000,4,100,15000,98.289747535,653.050000,0.181403,0.725611,yes,linear_interpolation_from_job_info_successful_attempt_total
current_cifar_paper:cifar10:pipe_P4_equal:seed5:h300000,pipe_P4_equal,5,300000,4,90,20000,84.181532451,870.733333,0.241870,0.967481,yes,linear_interpolation_from_job_info_successful_attempt_total
current_cifar_paper:cifar10:pipe_P4_equal:seed5:h300000,pipe_P4_equal,5,300000,4,80,45000,73.529142078,1959.150000,0.544208,2.176833,yes,linear_interpolation_from_job_info_successful_attempt_total
current_cifar_paper:cifar10:pipe_P4_equal:seed5:h300000,pipe_P4_equal,5,300000,4,70,70000,69.554372963,3047.566667,0.846546,3.386185,yes,linear_interpolation_from_job_info_successful_attempt_total
current_cifar_paper:cifar10:pipe_P4_equal:seed5:h300000,pipe_P4_equal,5,300000,4,65,95000,62.444220315,4135.983333,1.148884,4.595537,yes,linear_interpolation_from_job_info_successful_attempt_total
current_cifar_paper:cifar10:pipe_P4_equal:seed5:h300000,pipe_P4_equal,5,300000,4,60,145000,49.934893114,6312.816667,1.753560,7.014241,yes,linear_interpolation_from_job_info_successful_attempt_total
current_cifar_paper:cifar10:pipe_P4_equal:seed5:h300000,pipe_P4_equal,5,300000,4,55,145000,49.934893114,6312.816667,1.753560,7.014241,yes,linear_interpolation_from_job_info_successful_attempt_total
current_cifar_paper:cifar10:pipe_P4_equal:seed5:h300000,pipe_P4_equal,5,300000,4,50,145000,49.934893114,6312.816667,1.753560,7.014241,yes,linear_interpolation_from_job_info_successful_attempt_total
current_cifar_paper:cifar10:pipe_P4_equal:seed5:h500000,pipe_P4_equal,5,500000,4,100,15000,99.955646406,644.910000,0.179142,0.716567,yes,linear_interpolation_from_job_info_successful_attempt_total
current_cifar_paper:cifar10:pipe_P4_equal:seed5:h500000,pipe_P4_equal,5,500000,4,90,35000,81.867558420,1504.790000,0.417997,1.671989,yes,linear_interpolation_from_job_info_successful_attempt_total
current_cifar_paper:cifar10:pipe_P4_equal:seed5:h500000,pipe_P4_equal,5,500000,4,80,45000,64.400743410,1934.730000,0.537425,2.149700,yes,linear_interpolation_from_job_info_successful_attempt_total
current_cifar_paper:cifar10:pipe_P4_equal:seed5:h500000,pipe_P4_equal,5,500000,4,70,45000,64.400743410,1934.730000,0.537425,2.149700,yes,linear_interpolation_from_job_info_successful_attempt_total
current_cifar_paper:cifar10:pipe_P4_equal:seed5:h500000,pipe_P4_equal,5,500000,4,65,45000,64.400743410,1934.730000,0.537425,2.149700,yes,linear_interpolation_from_job_info_successful_attempt_total
current_cifar_paper:cifar10:pipe_P4_equal:seed5:h500000,pipe_P4_equal,5,500000,4,60,130000,59.153754334,5589.220000,1.552561,6.210244,yes,linear_interpolation_from_job_info_successful_attempt_total
current_cifar_paper:cifar10:pipe_P4_equal:seed5:h500000,pipe_P4_equal,5,500000,4,55,190000,54.088223051,8168.860000,2.269128,9.076511,yes,linear_interpolation_from_job_info_successful_attempt_total
current_cifar_paper:cifar10:pipe_P4_equal:seed5:h500000,pipe_P4_equal,5,500000,4,50,440000,48.388650934,18917.360000,5.254822,21.019289,yes,linear_interpolation_from_job_info_successful_attempt_total
current_cifar_paper:cifar10:pipe_P4_equal_K100:seed1:h300000,pipe_P4_equal_K100,1,300000,4,100,25000,83.948625431,1080.500000,0.300139,1.200556,yes,linear_interpolation_from_job_info_successful_attempt_total
current_cifar_paper:cifar10:pipe_P4_equal_K100:seed1:h300000,pipe_P4_equal_K100,1,300000,4,90,25000,83.948625431,1080.500000,0.300139,1.200556,yes,linear_interpolation_from_job_info_successful_attempt_total
current_cifar_paper:cifar10:pipe_P4_equal_K100:seed1:h300000,pipe_P4_equal_K100,1,300000,4,80,45000,74.039494020,1944.900000,0.540250,2.161000,yes,linear_interpolation_from_job_info_successful_attempt_total
current_cifar_paper:cifar10:pipe_P4_equal_K100:seed1:h300000,pipe_P4_equal_K100,1,300000,4,70,120000,68.125724182,5186.400000,1.440667,5.762667,yes,linear_interpolation_from_job_info_successful_attempt_total
current_cifar_paper:cifar10:pipe_P4_equal_K100:seed1:h300000,pipe_P4_equal_K100,1,300000,4,65,155000,48.921257730,6699.100000,1.860861,7.443444,yes,linear_interpolation_from_job_info_successful_attempt_total
current_cifar_paper:cifar10:pipe_P4_equal_K100:seed1:h300000,pipe_P4_equal_K100,1,300000,4,60,155000,48.921257730,6699.100000,1.860861,7.443444,yes,linear_interpolation_from_job_info_successful_attempt_total
current_cifar_paper:cifar10:pipe_P4_equal_K100:seed1:h300000,pipe_P4_equal_K100,1,300000,4,55,155000,48.921257730,6699.100000,1.860861,7.443444,yes,linear_interpolation_from_job_info_successful_attempt_total
current_cifar_paper:cifar10:pipe_P4_equal_K100:seed1:h300000,pipe_P4_equal_K100,1,300000,4,50,155000,48.921257730,6699.100000,1.860861,7.443444,yes,linear_interpolation_from_job_info_successful_attempt_total
current_cifar_paper:cifar10:pipe_P4_equal_K100:seed2:h300000,pipe_P4_equal_K100,2,300000,4,100,20000,88.093411098,852.866667,0.236907,0.947630,yes,linear_interpolation_from_job_info_successful_attempt_total
current_cifar_paper:cifar10:pipe_P4_equal_K100:seed2:h300000,pipe_P4_equal_K100,2,300000,4,90,20000,88.093411098,852.866667,0.236907,0.947630,yes,linear_interpolation_from_job_info_successful_attempt_total
current_cifar_paper:cifar10:pipe_P4_equal_K100:seed2:h300000,pipe_P4_equal_K100,2,300000,4,80,45000,70.865900352,1918.950000,0.533042,2.132167,yes,linear_interpolation_from_job_info_successful_attempt_total
current_cifar_paper:cifar10:pipe_P4_equal_K100:seed2:h300000,pipe_P4_equal_K100,2,300000,4,70,60000,58.874212229,2558.600000,0.710722,2.842889,yes,linear_interpolation_from_job_info_successful_attempt_total
current_cifar_paper:cifar10:pipe_P4_equal_K100:seed2:h300000,pipe_P4_equal_K100,2,300000,4,65,60000,58.874212229,2558.600000,0.710722,2.842889,yes,linear_interpolation_from_job_info_successful_attempt_total
current_cifar_paper:cifar10:pipe_P4_equal_K100:seed2:h300000,pipe_P4_equal_K100,2,300000,4,60,60000,58.874212229,2558.600000,0.710722,2.842889,yes,linear_interpolation_from_job_info_successful_attempt_total
current_cifar_paper:cifar10:pipe_P4_equal_K100:seed2:h300000,pipe_P4_equal_K100,2,300000,4,55,90000,54.842464532,3837.900000,1.066083,4.264333,yes,linear_interpolation_from_job_info_successful_attempt_total
current_cifar_paper:cifar10:pipe_P4_equal_K100:seed2:h300000,pipe_P4_equal_K100,2,300000,4,50,240000,48.935852815,10234.400000,2.842889,11.371556,yes,linear_interpolation_from_job_info_successful_attempt_total
current_cifar_paper:cifar10:pipe_P8_deepest:seed1:h300000,pipe_P8_deepest,1,300000,8,100,60000,93.292825576,14175.000000,3.937500,31.500000,yes,linear_interpolation_from_job_info_successful_attempt_total
current_cifar_paper:cifar10:pipe_P8_deepest:seed1:h300000,pipe_P8_deepest,1,300000,8,90,105000,86.745316453,24806.250000,6.890625,55.125000,yes,linear_interpolation_from_job_info_successful_attempt_total
current_cifar_paper:cifar10:pipe_P8_deepest:seed1:h300000,pipe_P8_deepest,1,300000,8,80,115000,78.507822082,27168.750000,7.546875,60.375000,yes,linear_interpolation_from_job_info_successful_attempt_total
current_cifar_paper:cifar10:pipe_P8_deepest:seed1:h300000,pipe_P8_deepest,1,300000,8,70,295000,68.593758968,69693.750000,19.359375,154.875000,yes,linear_interpolation_from_job_info_successful_attempt_total
current_cifar_paper:cifar10:pipe_P8_deepest:seed1:h300000,pipe_P8_deepest,1,300000,8,65,,,,,,no,linear_interpolation_from_job_info_successful_attempt_total
current_cifar_paper:cifar10:pipe_P8_deepest:seed1:h300000,pipe_P8_deepest,1,300000,8,60,,,,,,no,linear_interpolation_from_job_info_successful_attempt_total
current_cifar_paper:cifar10:pipe_P8_deepest:seed1:h300000,pipe_P8_deepest,1,300000,8,55,,,,,,no,linear_interpolation_from_job_info_successful_attempt_total
current_cifar_paper:cifar10:pipe_P8_deepest:seed1:h300000,pipe_P8_deepest,1,300000,8,50,,,,,,no,linear_interpolation_from_job_info_successful_attempt_total
current_cifar_paper:cifar10:pipe_P8_equal:seed1:h300000,pipe_P8_equal,1,300000,8,100,,,,,,no,linear_interpolation_from_job_info_successful_attempt_total
current_cifar_paper:cifar10:pipe_P8_equal:seed1:h300000,pipe_P8_equal,1,300000,8,90,,,,,,no,linear_interpolation_from_job_info_successful_attempt_total
current_cifar_paper:cifar10:pipe_P8_equal:seed1:h300000,pipe_P8_equal,1,300000,8,80,,,,,,no,linear_interpolation_from_job_info_successful_attempt_total
current_cifar_paper:cifar10:pipe_P8_equal:seed1:h300000,pipe_P8_equal,1,300000,8,70,,,,,,no,linear_interpolation_from_job_info_successful_attempt_total
current_cifar_paper:cifar10:pipe_P8_equal:seed1:h300000,pipe_P8_equal,1,300000,8,65,,,,,,no,linear_interpolation_from_job_info_successful_attempt_total
current_cifar_paper:cifar10:pipe_P8_equal:seed1:h300000,pipe_P8_equal,1,300000,8,60,,,,,,no,linear_interpolation_from_job_info_successful_attempt_total
current_cifar_paper:cifar10:pipe_P8_equal:seed1:h300000,pipe_P8_equal,1,300000,8,55,,,,,,no,linear_interpolation_from_job_info_successful_attempt_total
current_cifar_paper:cifar10:pipe_P8_equal:seed1:h300000,pipe_P8_equal,1,300000,8,50,,,,,,no,linear_interpolation_from_job_info_successful_attempt_total
current_cifar_paper:cifar10:single_P16_deepest:seed1:h300000,single_P16_deepest,1,300000,1,100,,,,,,no,linear_interpolation_from_job_info_successful_attempt_total
current_cifar_paper:cifar10:single_P16_deepest:seed1:h300000,single_P16_deepest,1,300000,1,90,,,,,,no,linear_interpolation_from_job_info_successful_attempt_total
current_cifar_paper:cifar10:single_P16_deepest:seed1:h300000,single_P16_deepest,1,300000,1,80,,,,,,no,linear_interpolation_from_job_info_successful_attempt_total
current_cifar_paper:cifar10:single_P16_deepest:seed1:h300000,single_P16_deepest,1,300000,1,70,,,,,,no,linear_interpolation_from_job_info_successful_attempt_total
current_cifar_paper:cifar10:single_P16_deepest:seed1:h300000,single_P16_deepest,1,300000,1,65,,,,,,no,linear_interpolation_from_job_info_successful_attempt_total
current_cifar_paper:cifar10:single_P16_deepest:seed1:h300000,single_P16_deepest,1,300000,1,60,,,,,,no,linear_interpolation_from_job_info_successful_attempt_total
current_cifar_paper:cifar10:single_P16_deepest:seed1:h300000,single_P16_deepest,1,300000,1,55,,,,,,no,linear_interpolation_from_job_info_successful_attempt_total
current_cifar_paper:cifar10:single_P16_deepest:seed1:h300000,single_P16_deepest,1,300000,1,50,,,,,,no,linear_interpolation_from_job_info_successful_attempt_total
current_cifar_paper:cifar10:single_P16_equal:seed1:h300000,single_P16_equal,1,300000,1,100,,,,,,no,linear_interpolation_from_job_info_successful_attempt_total
current_cifar_paper:cifar10:single_P16_equal:seed1:h300000,single_P16_equal,1,300000,1,90,,,,,,no,linear_interpolation_from_job_info_successful_attempt_total
current_cifar_paper:cifar10:single_P16_equal:seed1:h300000,single_P16_equal,1,300000,1,80,,,,,,no,linear_interpolation_from_job_info_successful_attempt_total
current_cifar_paper:cifar10:single_P16_equal:seed1:h300000,single_P16_equal,1,300000,1,70,,,,,,no,linear_interpolation_from_job_info_successful_attempt_total
current_cifar_paper:cifar10:single_P16_equal:seed1:h300000,single_P16_equal,1,300000,1,65,,,,,,no,linear_interpolation_from_job_info_successful_attempt_total
current_cifar_paper:cifar10:single_P16_equal:seed1:h300000,single_P16_equal,1,300000,1,60,,,,,,no,linear_interpolation_from_job_info_successful_attempt_total
current_cifar_paper:cifar10:single_P16_equal:seed1:h300000,single_P16_equal,1,300000,1,55,,,,,,no,linear_interpolation_from_job_info_successful_attempt_total
current_cifar_paper:cifar10:single_P16_equal:seed1:h300000,single_P16_equal,1,300000,1,50,,,,,,no,linear_interpolation_from_job_info_successful_attempt_total
current_cifar_paper:cifar10:single_P1_terminal:seed1:h300000,single_P1_terminal,1,300000,1,100,15000,98.967843830,1495.050000,0.415292,0.415292,yes,linear_interpolation_from_job_info_successful_attempt_total
current_cifar_paper:cifar10:single_P1_terminal:seed1:h300000,single_P1_terminal,1,300000,1,90,25000,87.530372742,2491.750000,0.692153,0.692153,yes,linear_interpolation_from_job_info_successful_attempt_total
current_cifar_paper:cifar10:single_P1_terminal:seed1:h300000,single_P1_terminal,1,300000,1,80,60000,78.757773930,5980.200000,1.661167,1.661167,yes,linear_interpolation_from_job_info_successful_attempt_total
current_cifar_paper:cifar10:single_P1_terminal:seed1:h300000,single_P1_terminal,1,300000,1,70,85000,61.630460049,8471.950000,2.353319,2.353319,yes,linear_interpolation_from_job_info_successful_attempt_total
current_cifar_paper:cifar10:single_P1_terminal:seed1:h300000,single_P1_terminal,1,300000,1,65,85000,61.630460049,8471.950000,2.353319,2.353319,yes,linear_interpolation_from_job_info_successful_attempt_total
current_cifar_paper:cifar10:single_P1_terminal:seed1:h300000,single_P1_terminal,1,300000,1,60,220000,56.311685305,21927.400000,6.090944,6.090944,yes,linear_interpolation_from_job_info_successful_attempt_total
current_cifar_paper:cifar10:single_P1_terminal:seed1:h300000,single_P1_terminal,1,300000,1,55,280000,52.758104238,27907.600000,7.752111,7.752111,yes,linear_interpolation_from_job_info_successful_attempt_total
current_cifar_paper:cifar10:single_P1_terminal:seed1:h300000,single_P1_terminal,1,300000,1,50,,,,,,no,linear_interpolation_from_job_info_successful_attempt_total
current_cifar_paper:cifar10:single_P1_terminal:seed1:h500000,single_P1_terminal,1,500000,1,100,15000,98.498825030,1499.910000,0.416642,0.416642,yes,linear_interpolation_from_job_info_successful_attempt_total
current_cifar_paper:cifar10:single_P1_terminal:seed1:h500000,single_P1_terminal,1,500000,1,90,25000,89.918959882,2499.850000,0.694403,0.694403,yes,linear_interpolation_from_job_info_successful_attempt_total
current_cifar_paper:cifar10:single_P1_terminal:seed1:h500000,single_P1_terminal,1,500000,1,80,75000,67.246416155,7499.550000,2.083208,2.083208,yes,linear_interpolation_from_job_info_successful_attempt_total
current_cifar_paper:cifar10:single_P1_terminal:seed1:h500000,single_P1_terminal,1,500000,1,70,75000,67.246416155,7499.550000,2.083208,2.083208,yes,linear_interpolation_from_job_info_successful_attempt_total
current_cifar_paper:cifar10:single_P1_terminal:seed1:h500000,single_P1_terminal,1,500000,1,65,105000,64.368093942,10499.370000,2.916492,2.916492,yes,linear_interpolation_from_job_info_successful_attempt_total
current_cifar_paper:cifar10:single_P1_terminal:seed1:h500000,single_P1_terminal,1,500000,1,60,215000,57.292519603,21498.710000,5.971864,5.971864,yes,linear_interpolation_from_job_info_successful_attempt_total
current_cifar_paper:cifar10:single_P1_terminal:seed1:h500000,single_P1_terminal,1,500000,1,55,,,,,,no,linear_interpolation_from_job_info_successful_attempt_total
current_cifar_paper:cifar10:single_P1_terminal:seed1:h500000,single_P1_terminal,1,500000,1,50,,,,,,no,linear_interpolation_from_job_info_successful_attempt_total
current_cifar_paper:cifar10:single_P1_terminal:seed2:h300000,single_P1_terminal,2,300000,1,100,15000,97.504774779,1501.100000,0.416972,0.416972,yes,linear_interpolation_from_job_info_successful_attempt_total
current_cifar_paper:cifar10:single_P1_terminal:seed2:h300000,single_P1_terminal,2,300000,1,90,30000,89.333409903,3002.200000,0.833944,0.833944,yes,linear_interpolation_from_job_info_successful_attempt_total
current_cifar_paper:cifar10:single_P1_terminal:seed2:h300000,single_P1_terminal,2,300000,1,80,35000,77.586570023,3502.566667,0.972935,0.972935,yes,linear_interpolation_from_job_info_successful_attempt_total
current_cifar_paper:cifar10:single_P1_terminal:seed2:h300000,single_P1_terminal,2,300000,1,70,55000,69.868858826,5504.033333,1.528898,1.528898,yes,linear_interpolation_from_job_info_successful_attempt_total
current_cifar_paper:cifar10:single_P1_terminal:seed2:h300000,single_P1_terminal,2,300000,1,65,120000,61.910502802,12008.800000,3.335778,3.335778,yes,linear_interpolation_from_job_info_successful_attempt_total
current_cifar_paper:cifar10:single_P1_terminal:seed2:h300000,single_P1_terminal,2,300000,1,60,,,,,,no,linear_interpolation_from_job_info_successful_attempt_total
current_cifar_paper:cifar10:single_P1_terminal:seed2:h300000,single_P1_terminal,2,300000,1,55,,,,,,no,linear_interpolation_from_job_info_successful_attempt_total
current_cifar_paper:cifar10:single_P1_terminal:seed2:h300000,single_P1_terminal,2,300000,1,50,,,,,,no,linear_interpolation_from_job_info_successful_attempt_total
current_cifar_paper:cifar10:single_P1_terminal:seed2:h500000,single_P1_terminal,2,500000,1,100,15000,99.680262297,1500.300000,0.416750,0.416750,yes,linear_interpolation_from_job_info_successful_attempt_total
current_cifar_paper:cifar10:single_P1_terminal:seed2:h500000,single_P1_terminal,2,500000,1,90,35000,74.539723848,3500.700000,0.972417,0.972417,yes,linear_interpolation_from_job_info_successful_attempt_total
current_cifar_paper:cifar10:single_P1_terminal:seed2:h500000,single_P1_terminal,2,500000,1,80,35000,74.539723848,3500.700000,0.972417,0.972417,yes,linear_interpolation_from_job_info_successful_attempt_total
current_cifar_paper:cifar10:single_P1_terminal:seed2:h500000,single_P1_terminal,2,500000,1,70,65000,66.588546872,6501.300000,1.805917,1.805917,yes,linear_interpolation_from_job_info_successful_attempt_total
current_cifar_paper:cifar10:single_P1_terminal:seed2:h500000,single_P1_terminal,2,500000,1,65,120000,58.633832945,12002.400000,3.334000,3.334000,yes,linear_interpolation_from_job_info_successful_attempt_total
current_cifar_paper:cifar10:single_P1_terminal:seed2:h500000,single_P1_terminal,2,500000,1,60,120000,58.633832945,12002.400000,3.334000,3.334000,yes,linear_interpolation_from_job_info_successful_attempt_total
current_cifar_paper:cifar10:single_P1_terminal:seed2:h500000,single_P1_terminal,2,500000,1,55,,,,,,no,linear_interpolation_from_job_info_successful_attempt_total
current_cifar_paper:cifar10:single_P1_terminal:seed2:h500000,single_P1_terminal,2,500000,1,50,,,,,,no,linear_interpolation_from_job_info_successful_attempt_total
current_cifar_paper:cifar10:single_P1_terminal:seed3:h300000,single_P1_terminal,3,300000,1,100,20000,85.794642318,1304.333333,0.362315,0.362315,yes,linear_interpolation_from_job_info_successful_attempt_total
current_cifar_paper:cifar10:single_P1_terminal:seed3:h300000,single_P1_terminal,3,300000,1,90,20000,85.794642318,1304.333333,0.362315,0.362315,yes,linear_interpolation_from_job_info_successful_attempt_total
current_cifar_paper:cifar10:single_P1_terminal:seed3:h300000,single_P1_terminal,3,300000,1,80,35000,78.052387699,2282.583333,0.634051,0.634051,yes,linear_interpolation_from_job_info_successful_attempt_total
current_cifar_paper:cifar10:single_P1_terminal:seed3:h300000,single_P1_terminal,3,300000,1,70,50000,69.362968496,3260.833333,0.905787,0.905787,yes,linear_interpolation_from_job_info_successful_attempt_total
current_cifar_paper:cifar10:single_P1_terminal:seed3:h300000,single_P1_terminal,3,300000,1,65,75000,60.971011029,4891.250000,1.358681,1.358681,yes,linear_interpolation_from_job_info_successful_attempt_total
current_cifar_paper:cifar10:single_P1_terminal:seed3:h300000,single_P1_terminal,3,300000,1,60,95000,56.390830040,6195.583333,1.720995,1.720995,yes,linear_interpolation_from_job_info_successful_attempt_total
current_cifar_paper:cifar10:single_P1_terminal:seed3:h300000,single_P1_terminal,3,300000,1,55,,,,,,no,linear_interpolation_from_job_info_successful_attempt_total
current_cifar_paper:cifar10:single_P1_terminal:seed3:h300000,single_P1_terminal,3,300000,1,50,,,,,,no,linear_interpolation_from_job_info_successful_attempt_total
current_cifar_paper:cifar10:single_P1_terminal:seed3:h500000,single_P1_terminal,3,500000,1,100,20000,82.644269958,1991.400000,0.553167,0.553167,yes,linear_interpolation_from_job_info_successful_attempt_total
current_cifar_paper:cifar10:single_P1_terminal:seed3:h500000,single_P1_terminal,3,500000,1,90,20000,82.644269958,1991.400000,0.553167,0.553167,yes,linear_interpolation_from_job_info_successful_attempt_total
current_cifar_paper:cifar10:single_P1_terminal:seed3:h500000,single_P1_terminal,3,500000,1,80,30000,78.667576746,2987.100000,0.829750,0.829750,yes,linear_interpolation_from_job_info_successful_attempt_total
current_cifar_paper:cifar10:single_P1_terminal:seed3:h500000,single_P1_terminal,3,500000,1,70,55000,67.057826906,5476.350000,1.521208,1.521208,yes,linear_interpolation_from_job_info_successful_attempt_total
current_cifar_paper:cifar10:single_P1_terminal:seed3:h500000,single_P1_terminal,3,500000,1,65,75000,60.204425010,7467.750000,2.074375,2.074375,yes,linear_interpolation_from_job_info_successful_attempt_total
current_cifar_paper:cifar10:single_P1_terminal:seed3:h500000,single_P1_terminal,3,500000,1,60,95000,58.404484510,9459.150000,2.627542,2.627542,yes,linear_interpolation_from_job_info_successful_attempt_total
current_cifar_paper:cifar10:single_P1_terminal:seed3:h500000,single_P1_terminal,3,500000,1,55,,,,,,no,linear_interpolation_from_job_info_successful_attempt_total
current_cifar_paper:cifar10:single_P1_terminal:seed3:h500000,single_P1_terminal,3,500000,1,50,,,,,,no,linear_interpolation_from_job_info_successful_attempt_total
current_cifar_paper:cifar10:single_P2_deepest:seed1:h300000,single_P2_deepest,1,300000,1,100,25000,97.349504051,2537.583333,0.704884,0.704884,yes,linear_interpolation_from_job_info_successful_attempt_total
current_cifar_paper:cifar10:single_P2_deepest:seed1:h300000,single_P2_deepest,1,300000,1,90,35000,73.675179374,3552.616667,0.986838,0.986838,yes,linear_interpolation_from_job_info_successful_attempt_total
current_cifar_paper:cifar10:single_P2_deepest:seed1:h300000,single_P2_deepest,1,300000,1,80,35000,73.675179374,3552.616667,0.986838,0.986838,yes,linear_interpolation_from_job_info_successful_attempt_total
current_cifar_paper:cifar10:single_P2_deepest:seed1:h300000,single_P2_deepest,1,300000,1,70,115000,65.239393514,11672.883333,3.242468,3.242468,yes,linear_interpolation_from_job_info_successful_attempt_total
current_cifar_paper:cifar10:single_P2_deepest:seed1:h300000,single_P2_deepest,1,300000,1,65,145000,60.005678159,14717.983333,4.088329,4.088329,yes,linear_interpolation_from_job_info_successful_attempt_total
current_cifar_paper:cifar10:single_P2_deepest:seed1:h300000,single_P2_deepest,1,300000,1,60,,,,,,no,linear_interpolation_from_job_info_successful_attempt_total
current_cifar_paper:cifar10:single_P2_deepest:seed1:h300000,single_P2_deepest,1,300000,1,55,,,,,,no,linear_interpolation_from_job_info_successful_attempt_total
current_cifar_paper:cifar10:single_P2_deepest:seed1:h300000,single_P2_deepest,1,300000,1,50,,,,,,no,linear_interpolation_from_job_info_successful_attempt_total
current_cifar_paper:cifar10:single_P2_deepest:seed1:h500000,single_P2_deepest,1,500000,1,100,20000,93.183600625,2027.600000,0.563222,0.563222,yes,linear_interpolation_from_job_info_successful_attempt_total
current_cifar_paper:cifar10:single_P2_deepest:seed1:h500000,single_P2_deepest,1,500000,1,90,35000,74.898034970,3548.300000,0.985639,0.985639,yes,linear_interpolation_from_job_info_successful_attempt_total
current_cifar_paper:cifar10:single_P2_deepest:seed1:h500000,single_P2_deepest,1,500000,1,80,35000,74.898034970,3548.300000,0.985639,0.985639,yes,linear_interpolation_from_job_info_successful_attempt_total
current_cifar_paper:cifar10:single_P2_deepest:seed1:h500000,single_P2_deepest,1,500000,1,70,45000,65.539478803,4562.100000,1.267250,1.267250,yes,linear_interpolation_from_job_info_successful_attempt_total
current_cifar_paper:cifar10:single_P2_deepest:seed1:h500000,single_P2_deepest,1,500000,1,65,115000,61.604385157,11658.700000,3.238528,3.238528,yes,linear_interpolation_from_job_info_successful_attempt_total
current_cifar_paper:cifar10:single_P2_deepest:seed1:h500000,single_P2_deepest,1,500000,1,60,150000,59.512926940,15207.000000,4.224167,4.224167,yes,linear_interpolation_from_job_info_successful_attempt_total
current_cifar_paper:cifar10:single_P2_deepest:seed1:h500000,single_P2_deepest,1,500000,1,55,425000,54.573617640,43086.500000,11.968472,11.968472,yes,linear_interpolation_from_job_info_successful_attempt_total
current_cifar_paper:cifar10:single_P2_deepest:seed1:h500000,single_P2_deepest,1,500000,1,50,,,,,,no,linear_interpolation_from_job_info_successful_attempt_total
current_cifar_paper:cifar10:single_P2_deepest:seed2:h300000,single_P2_deepest,2,300000,1,100,15000,96.560510463,1519.800000,0.422167,0.422167,yes,linear_interpolation_from_job_info_successful_attempt_total
current_cifar_paper:cifar10:single_P2_deepest:seed2:h300000,single_P2_deepest,2,300000,1,90,20000,81.278023883,2026.400000,0.562889,0.562889,yes,linear_interpolation_from_job_info_successful_attempt_total
current_cifar_paper:cifar10:single_P2_deepest:seed2:h300000,single_P2_deepest,2,300000,1,80,30000,76.488903497,3039.600000,0.844333,0.844333,yes,linear_interpolation_from_job_info_successful_attempt_total
current_cifar_paper:cifar10:single_P2_deepest:seed2:h300000,single_P2_deepest,2,300000,1,70,55000,66.800214466,5572.600000,1.547944,1.547944,yes,linear_interpolation_from_job_info_successful_attempt_total
current_cifar_paper:cifar10:single_P2_deepest:seed2:h300000,single_P2_deepest,2,300000,1,65,105000,59.412397081,10638.600000,2.955167,2.955167,yes,linear_interpolation_from_job_info_successful_attempt_total
current_cifar_paper:cifar10:single_P2_deepest:seed2:h300000,single_P2_deepest,2,300000,1,60,105000,59.412397081,10638.600000,2.955167,2.955167,yes,linear_interpolation_from_job_info_successful_attempt_total
current_cifar_paper:cifar10:single_P2_deepest:seed2:h300000,single_P2_deepest,2,300000,1,55,285000,54.598097909,28876.200000,8.021167,8.021167,yes,linear_interpolation_from_job_info_successful_attempt_total
current_cifar_paper:cifar10:single_P2_deepest:seed2:h300000,single_P2_deepest,2,300000,1,50,,,,,,no,linear_interpolation_from_job_info_successful_attempt_total
current_cifar_paper:cifar10:single_P2_deepest:seed2:h500000,single_P2_deepest,2,500000,1,100,15000,83.489388119,1466.700000,0.407417,0.407417,yes,linear_interpolation_from_job_info_successful_attempt_total
current_cifar_paper:cifar10:single_P2_deepest:seed2:h500000,single_P2_deepest,2,500000,1,90,15000,83.489388119,1466.700000,0.407417,0.407417,yes,linear_interpolation_from_job_info_successful_attempt_total
current_cifar_paper:cifar10:single_P2_deepest:seed2:h500000,single_P2_deepest,2,500000,1,80,40000,75.225594712,3911.200000,1.086444,1.086444,yes,linear_interpolation_from_job_info_successful_attempt_total
current_cifar_paper:cifar10:single_P2_deepest:seed2:h500000,single_P2_deepest,2,500000,1,70,60000,67.633551302,5866.800000,1.629667,1.629667,yes,linear_interpolation_from_job_info_successful_attempt_total
current_cifar_paper:cifar10:single_P2_deepest:seed2:h500000,single_P2_deepest,2,500000,1,65,80000,60.507500325,7822.400000,2.172889,2.172889,yes,linear_interpolation_from_job_info_successful_attempt_total
current_cifar_paper:cifar10:single_P2_deepest:seed2:h500000,single_P2_deepest,2,500000,1,60,300000,59.993091181,29334.000000,8.148333,8.148333,yes,linear_interpolation_from_job_info_successful_attempt_total
current_cifar_paper:cifar10:single_P2_deepest:seed2:h500000,single_P2_deepest,2,500000,1,55,,,,,,no,linear_interpolation_from_job_info_successful_attempt_total
current_cifar_paper:cifar10:single_P2_deepest:seed2:h500000,single_P2_deepest,2,500000,1,50,,,,,,no,linear_interpolation_from_job_info_successful_attempt_total
current_cifar_paper:cifar10:single_P2_deepest:seed3:h300000,single_P2_deepest,3,300000,1,100,20000,95.136604372,2043.733333,0.567704,0.567704,yes,linear_interpolation_from_job_info_successful_attempt_total
current_cifar_paper:cifar10:single_P2_deepest:seed3:h300000,single_P2_deepest,3,300000,1,90,25000,81.769913796,2554.666667,0.709630,0.709630,yes,linear_interpolation_from_job_info_successful_attempt_total
current_cifar_paper:cifar10:single_P2_deepest:seed3:h300000,single_P2_deepest,3,300000,1,80,30000,72.779564214,3065.600000,0.851556,0.851556,yes,linear_interpolation_from_job_info_successful_attempt_total
current_cifar_paper:cifar10:single_P2_deepest:seed3:h300000,single_P2_deepest,3,300000,1,70,45000,68.496402923,4598.400000,1.277333,1.277333,yes,linear_interpolation_from_job_info_successful_attempt_total
current_cifar_paper:cifar10:single_P2_deepest:seed3:h300000,single_P2_deepest,3,300000,1,65,65000,59.918148826,6642.133333,1.845037,1.845037,yes,linear_interpolation_from_job_info_successful_attempt_total
current_cifar_paper:cifar10:single_P2_deepest:seed3:h300000,single_P2_deepest,3,300000,1,60,65000,59.918148826,6642.133333,1.845037,1.845037,yes,linear_interpolation_from_job_info_successful_attempt_total
current_cifar_paper:cifar10:single_P2_deepest:seed3:h300000,single_P2_deepest,3,300000,1,55,,,,,,no,linear_interpolation_from_job_info_successful_attempt_total
current_cifar_paper:cifar10:single_P2_deepest:seed3:h300000,single_P2_deepest,3,300000,1,50,,,,,,no,linear_interpolation_from_job_info_successful_attempt_total
current_cifar_paper:cifar10:single_P2_deepest:seed3:h500000,single_P2_deepest,3,500000,1,100,25000,85.826635263,2533.150000,0.703653,0.703653,yes,linear_interpolation_from_job_info_successful_attempt_total
current_cifar_paper:cifar10:single_P2_deepest:seed3:h500000,single_P2_deepest,3,500000,1,90,25000,85.826635263,2533.150000,0.703653,0.703653,yes,linear_interpolation_from_job_info_successful_attempt_total
current_cifar_paper:cifar10:single_P2_deepest:seed3:h500000,single_P2_deepest,3,500000,1,80,30000,77.587810371,3039.780000,0.844383,0.844383,yes,linear_interpolation_from_job_info_successful_attempt_total
current_cifar_paper:cifar10:single_P2_deepest:seed3:h500000,single_P2_deepest,3,500000,1,70,60000,68.410775988,6079.560000,1.688767,1.688767,yes,linear_interpolation_from_job_info_successful_attempt_total
current_cifar_paper:cifar10:single_P2_deepest:seed3:h500000,single_P2_deepest,3,500000,1,65,135000,64.613644296,13679.010000,3.799725,3.799725,yes,linear_interpolation_from_job_info_successful_attempt_total
current_cifar_paper:cifar10:single_P2_deepest:seed3:h500000,single_P2_deepest,3,500000,1,60,335000,57.903694996,33944.210000,9.428947,9.428947,yes,linear_interpolation_from_job_info_successful_attempt_total
current_cifar_paper:cifar10:single_P2_deepest:seed3:h500000,single_P2_deepest,3,500000,1,55,,,,,,no,linear_interpolation_from_job_info_successful_attempt_total
current_cifar_paper:cifar10:single_P2_deepest:seed3:h500000,single_P2_deepest,3,500000,1,50,,,,,,no,linear_interpolation_from_job_info_successful_attempt_total
current_cifar_paper:cifar10:single_P2_equal:seed1:h300000,single_P2_equal,1,300000,1,100,15000,97.185732523,1528.950000,0.424708,0.424708,yes,linear_interpolation_from_job_info_successful_attempt_total
current_cifar_paper:cifar10:single_P2_equal:seed1:h300000,single_P2_equal,1,300000,1,90,25000,65.621896736,2548.250000,0.707847,0.707847,yes,linear_interpolation_from_job_info_successful_attempt_total
current_cifar_paper:cifar10:single_P2_equal:seed1:h300000,single_P2_equal,1,300000,1,80,25000,65.621896736,2548.250000,0.707847,0.707847,yes,linear_interpolation_from_job_info_successful_attempt_total
current_cifar_paper:cifar10:single_P2_equal:seed1:h300000,single_P2_equal,1,300000,1,70,25000,65.621896736,2548.250000,0.707847,0.707847,yes,linear_interpolation_from_job_info_successful_attempt_total
current_cifar_paper:cifar10:single_P2_equal:seed1:h300000,single_P2_equal,1,300000,1,65,65000,61.183268978,6625.450000,1.840403,1.840403,yes,linear_interpolation_from_job_info_successful_attempt_total
current_cifar_paper:cifar10:single_P2_equal:seed1:h300000,single_P2_equal,1,300000,1,60,150000,57.043916737,15289.500000,4.247083,4.247083,yes,linear_interpolation_from_job_info_successful_attempt_total
current_cifar_paper:cifar10:single_P2_equal:seed1:h300000,single_P2_equal,1,300000,1,55,280000,53.748629274,28540.400000,7.927889,7.927889,yes,linear_interpolation_from_job_info_successful_attempt_total
current_cifar_paper:cifar10:single_P2_equal:seed1:h300000,single_P2_equal,1,300000,1,50,,,,,,no,linear_interpolation_from_job_info_successful_attempt_total
current_cifar_paper:cifar10:single_P2_equal:seed1:h500000,single_P2_equal,1,500000,1,100,15000,96.756223515,1531.110000,0.425308,0.425308,yes,linear_interpolation_from_job_info_successful_attempt_total
current_cifar_paper:cifar10:single_P2_equal:seed1:h500000,single_P2_equal,1,500000,1,90,20000,79.371080229,2041.480000,0.567078,0.567078,yes,linear_interpolation_from_job_info_successful_attempt_total
current_cifar_paper:cifar10:single_P2_equal:seed1:h500000,single_P2_equal,1,500000,1,80,20000,79.371080229,2041.480000,0.567078,0.567078,yes,linear_interpolation_from_job_info_successful_attempt_total
current_cifar_paper:cifar10:single_P2_equal:seed1:h500000,single_P2_equal,1,500000,1,70,25000,62.883290493,2551.850000,0.708847,0.708847,yes,linear_interpolation_from_job_info_successful_attempt_total
current_cifar_paper:cifar10:single_P2_equal:seed1:h500000,single_P2_equal,1,500000,1,65,25000,62.883290493,2551.850000,0.708847,0.708847,yes,linear_interpolation_from_job_info_successful_attempt_total
current_cifar_paper:cifar10:single_P2_equal:seed1:h500000,single_P2_equal,1,500000,1,60,115000,52.384653532,11738.510000,3.260697,3.260697,yes,linear_interpolation_from_job_info_successful_attempt_total
current_cifar_paper:cifar10:single_P2_equal:seed1:h500000,single_P2_equal,1,500000,1,55,115000,52.384653532,11738.510000,3.260697,3.260697,yes,linear_interpolation_from_job_info_successful_attempt_total
current_cifar_paper:cifar10:single_P2_equal:seed1:h500000,single_P2_equal,1,500000,1,50,,,,,,no,linear_interpolation_from_job_info_successful_attempt_total
current_cifar_paper:cifar10:single_P2_equal:seed2:h300000,single_P2_equal,2,300000,1,100,10000,82.357694214,1022.766667,0.284102,0.284102,yes,linear_interpolation_from_job_info_successful_attempt_total
current_cifar_paper:cifar10:single_P2_equal:seed2:h300000,single_P2_equal,2,300000,1,90,10000,82.357694214,1022.766667,0.284102,0.284102,yes,linear_interpolation_from_job_info_successful_attempt_total
current_cifar_paper:cifar10:single_P2_equal:seed2:h300000,single_P2_equal,2,300000,1,80,30000,78.168278005,3068.300000,0.852306,0.852306,yes,linear_interpolation_from_job_info_successful_attempt_total
current_cifar_paper:cifar10:single_P2_equal:seed2:h300000,single_P2_equal,2,300000,1,70,55000,62.985359172,5625.216667,1.562560,1.562560,yes,linear_interpolation_from_job_info_successful_attempt_total
current_cifar_paper:cifar10:single_P2_equal:seed2:h300000,single_P2_equal,2,300000,1,65,55000,62.985359172,5625.216667,1.562560,1.562560,yes,linear_interpolation_from_job_info_successful_attempt_total
current_cifar_paper:cifar10:single_P2_equal:seed2:h300000,single_P2_equal,2,300000,1,60,220000,55.278470872,22500.866667,6.250241,6.250241,yes,linear_interpolation_from_job_info_successful_attempt_total
current_cifar_paper:cifar10:single_P2_equal:seed2:h300000,single_P2_equal,2,300000,1,55,,,,,,no,linear_interpolation_from_job_info_successful_attempt_total
current_cifar_paper:cifar10:single_P2_equal:seed2:h300000,single_P2_equal,2,300000,1,50,,,,,,no,linear_interpolation_from_job_info_successful_attempt_total
current_cifar_paper:cifar10:single_P2_equal:seed2:h500000,single_P2_equal,2,500000,1,100,10000,84.087477898,1016.680000,0.282411,0.282411,yes,linear_interpolation_from_job_info_successful_attempt_total
current_cifar_paper:cifar10:single_P2_equal:seed2:h500000,single_P2_equal,2,500000,1,90,10000,84.087477898,1016.680000,0.282411,0.282411,yes,linear_interpolation_from_job_info_successful_attempt_total
current_cifar_paper:cifar10:single_P2_equal:seed2:h500000,single_P2_equal,2,500000,1,80,20000,78.891876645,2033.360000,0.564822,0.564822,yes,linear_interpolation_from_job_info_successful_attempt_total
current_cifar_paper:cifar10:single_P2_equal:seed2:h500000,single_P2_equal,2,500000,1,70,35000,69.732502479,3558.380000,0.988439,0.988439,yes,linear_interpolation_from_job_info_successful_attempt_total
current_cifar_paper:cifar10:single_P2_equal:seed2:h500000,single_P2_equal,2,500000,1,65,65000,60.677484307,6608.420000,1.835672,1.835672,yes,linear_interpolation_from_job_info_successful_attempt_total
current_cifar_paper:cifar10:single_P2_equal:seed2:h500000,single_P2_equal,2,500000,1,60,215000,56.917659036,21858.620000,6.071839,6.071839,yes,linear_interpolation_from_job_info_successful_attempt_total
current_cifar_paper:cifar10:single_P2_equal:seed2:h500000,single_P2_equal,2,500000,1,55,,,,,,no,linear_interpolation_from_job_info_successful_attempt_total
current_cifar_paper:cifar10:single_P2_equal:seed2:h500000,single_P2_equal,2,500000,1,50,,,,,,no,linear_interpolation_from_job_info_successful_attempt_total
current_cifar_paper:cifar10:single_P2_equal:seed3:h300000,single_P2_equal,3,300000,1,100,20000,98.139762818,2045.933333,0.568315,0.568315,yes,linear_interpolation_from_job_info_successful_attempt_total
current_cifar_paper:cifar10:single_P2_equal:seed3:h300000,single_P2_equal,3,300000,1,90,30000,82.303734044,3068.900000,0.852472,0.852472,yes,linear_interpolation_from_job_info_successful_attempt_total
current_cifar_paper:cifar10:single_P2_equal:seed3:h300000,single_P2_equal,3,300000,1,80,40000,71.974888168,4091.866667,1.136630,1.136630,yes,linear_interpolation_from_job_info_successful_attempt_total
current_cifar_paper:cifar10:single_P2_equal:seed3:h300000,single_P2_equal,3,300000,1,70,50000,69.690330922,5114.833333,1.420787,1.420787,yes,linear_interpolation_from_job_info_successful_attempt_total
current_cifar_paper:cifar10:single_P2_equal:seed3:h300000,single_P2_equal,3,300000,1,65,55000,61.982498507,5626.316667,1.562866,1.562866,yes,linear_interpolation_from_job_info_successful_attempt_total
current_cifar_paper:cifar10:single_P2_equal:seed3:h300000,single_P2_equal,3,300000,1,60,125000,57.911601431,12787.083333,3.551968,3.551968,yes,linear_interpolation_from_job_info_successful_attempt_total
current_cifar_paper:cifar10:single_P2_equal:seed3:h300000,single_P2_equal,3,300000,1,55,,,,,,no,linear_interpolation_from_job_info_successful_attempt_total
current_cifar_paper:cifar10:single_P2_equal:seed3:h300000,single_P2_equal,3,300000,1,50,,,,,,no,linear_interpolation_from_job_info_successful_attempt_total
current_cifar_paper:cifar10:single_P2_equal:seed3:h500000,single_P2_equal,3,500000,1,100,10000,92.950334199,1014.260000,0.281739,0.281739,yes,linear_interpolation_from_job_info_successful_attempt_total
current_cifar_paper:cifar10:single_P2_equal:seed3:h500000,single_P2_equal,3,500000,1,90,30000,74.953818565,3042.780000,0.845217,0.845217,yes,linear_interpolation_from_job_info_successful_attempt_total
current_cifar_paper:cifar10:single_P2_equal:seed3:h500000,single_P2_equal,3,500000,1,80,30000,74.953818565,3042.780000,0.845217,0.845217,yes,linear_interpolation_from_job_info_successful_attempt_total
current_cifar_paper:cifar10:single_P2_equal:seed3:h500000,single_P2_equal,3,500000,1,70,50000,67.790278002,5071.300000,1.408694,1.408694,yes,linear_interpolation_from_job_info_successful_attempt_total
current_cifar_paper:cifar10:single_P2_equal:seed3:h500000,single_P2_equal,3,500000,1,65,55000,58.578694411,5578.430000,1.549564,1.549564,yes,linear_interpolation_from_job_info_successful_attempt_total
current_cifar_paper:cifar10:single_P2_equal:seed3:h500000,single_P2_equal,3,500000,1,60,55000,58.578694411,5578.430000,1.549564,1.549564,yes,linear_interpolation_from_job_info_successful_attempt_total
current_cifar_paper:cifar10:single_P2_equal:seed3:h500000,single_P2_equal,3,500000,1,55,450000,54.304840222,45641.700000,12.678250,12.678250,yes,linear_interpolation_from_job_info_successful_attempt_total
current_cifar_paper:cifar10:single_P2_equal:seed3:h500000,single_P2_equal,3,500000,1,50,,,,,,no,linear_interpolation_from_job_info_successful_attempt_total
current_cifar_paper:cifar10:single_P4_deepest:seed1:h300000,single_P4_deepest,1,300000,1,100,20000,92.776196582,2099.066667,0.583074,0.583074,yes,linear_interpolation_from_job_info_successful_attempt_total
current_cifar_paper:cifar10:single_P4_deepest:seed1:h300000,single_P4_deepest,1,300000,1,90,35000,80.112148791,3673.366667,1.020380,1.020380,yes,linear_interpolation_from_job_info_successful_attempt_total
current_cifar_paper:cifar10:single_P4_deepest:seed1:h300000,single_P4_deepest,1,300000,1,80,60000,70.135847543,6297.200000,1.749222,1.749222,yes,linear_interpolation_from_job_info_successful_attempt_total
current_cifar_paper:cifar10:single_P4_deepest:seed1:h300000,single_P4_deepest,1,300000,1,70,80000,65.603176644,8396.266667,2.332296,2.332296,yes,linear_interpolation_from_job_info_successful_attempt_total
current_cifar_paper:cifar10:single_P4_deepest:seed1:h300000,single_P4_deepest,1,300000,1,65,,,,,,no,linear_interpolation_from_job_info_successful_attempt_total
current_cifar_paper:cifar10:single_P4_deepest:seed1:h300000,single_P4_deepest,1,300000,1,60,,,,,,no,linear_interpolation_from_job_info_successful_attempt_total
current_cifar_paper:cifar10:single_P4_deepest:seed1:h300000,single_P4_deepest,1,300000,1,55,,,,,,no,linear_interpolation_from_job_info_successful_attempt_total
current_cifar_paper:cifar10:single_P4_deepest:seed1:h300000,single_P4_deepest,1,300000,1,50,,,,,,no,linear_interpolation_from_job_info_successful_attempt_total
current_cifar_paper:cifar10:single_P4_equal:seed1:h300000,single_P4_equal,1,300000,1,100,15000,95.270760001,1576.600000,0.437944,0.437944,yes,linear_interpolation_from_job_info_successful_attempt_total
current_cifar_paper:cifar10:single_P4_equal:seed1:h300000,single_P4_equal,1,300000,1,90,25000,81.169861957,2627.666667,0.729907,0.729907,yes,linear_interpolation_from_job_info_successful_attempt_total
current_cifar_paper:cifar10:single_P4_equal:seed1:h300000,single_P4_equal,1,300000,1,80,35000,70.013276899,3678.733333,1.021870,1.021870,yes,linear_interpolation_from_job_info_successful_attempt_total
current_cifar_paper:cifar10:single_P4_equal:seed1:h300000,single_P4_equal,1,300000,1,70,50000,64.884401963,5255.333333,1.459815,1.459815,yes,linear_interpolation_from_job_info_successful_attempt_total
current_cifar_paper:cifar10:single_P4_equal:seed1:h300000,single_P4_equal,1,300000,1,65,50000,64.884401963,5255.333333,1.459815,1.459815,yes,linear_interpolation_from_job_info_successful_attempt_total
current_cifar_paper:cifar10:single_P4_equal:seed1:h300000,single_P4_equal,1,300000,1,60,90000,59.735345179,9459.600000,2.627667,2.627667,yes,linear_interpolation_from_job_info_successful_attempt_total
current_cifar_paper:cifar10:single_P4_equal:seed1:h300000,single_P4_equal,1,300000,1,55,,,,,,no,linear_interpolation_from_job_info_successful_attempt_total
current_cifar_paper:cifar10:single_P4_equal:seed1:h300000,single_P4_equal,1,300000,1,50,,,,,,no,linear_interpolation_from_job_info_successful_attempt_total
current_cifar_paper:cifar10:single_P8_deepest:seed1:h300000,single_P8_deepest,1,300000,1,100,,,,,,no,linear_interpolation_from_job_info_successful_attempt_total
current_cifar_paper:cifar10:single_P8_deepest:seed1:h300000,single_P8_deepest,1,300000,1,90,,,,,,no,linear_interpolation_from_job_info_successful_attempt_total
current_cifar_paper:cifar10:single_P8_deepest:seed1:h300000,single_P8_deepest,1,300000,1,80,,,,,,no,linear_interpolation_from_job_info_successful_attempt_total
current_cifar_paper:cifar10:single_P8_deepest:seed1:h300000,single_P8_deepest,1,300000,1,70,,,,,,no,linear_interpolation_from_job_info_successful_attempt_total
current_cifar_paper:cifar10:single_P8_deepest:seed1:h300000,single_P8_deepest,1,300000,1,65,,,,,,no,linear_interpolation_from_job_info_successful_attempt_total
current_cifar_paper:cifar10:single_P8_deepest:seed1:h300000,single_P8_deepest,1,300000,1,60,,,,,,no,linear_interpolation_from_job_info_successful_attempt_total
current_cifar_paper:cifar10:single_P8_deepest:seed1:h300000,single_P8_deepest,1,300000,1,55,,,,,,no,linear_interpolation_from_job_info_successful_attempt_total
current_cifar_paper:cifar10:single_P8_deepest:seed1:h300000,single_P8_deepest,1,300000,1,50,,,,,,no,linear_interpolation_from_job_info_successful_attempt_total
current_cifar_paper:cifar10:single_P8_equal:seed1:h300000,single_P8_equal,1,300000,1,100,35000,93.801164619,3825.266667,1.062574,1.062574,yes,linear_interpolation_from_job_info_successful_attempt_total
current_cifar_paper:cifar10:single_P8_equal:seed1:h300000,single_P8_equal,1,300000,1,90,,,,,,no,linear_interpolation_from_job_info_successful_attempt_total
current_cifar_paper:cifar10:single_P8_equal:seed1:h300000,single_P8_equal,1,300000,1,80,,,,,,no,linear_interpolation_from_job_info_successful_attempt_total
current_cifar_paper:cifar10:single_P8_equal:seed1:h300000,single_P8_equal,1,300000,1,70,,,,,,no,linear_interpolation_from_job_info_successful_attempt_total
current_cifar_paper:cifar10:single_P8_equal:seed1:h300000,single_P8_equal,1,300000,1,65,,,,,,no,linear_interpolation_from_job_info_successful_attempt_total
current_cifar_paper:cifar10:single_P8_equal:seed1:h300000,single_P8_equal,1,300000,1,60,,,,,,no,linear_interpolation_from_job_info_successful_attempt_total
current_cifar_paper:cifar10:single_P8_equal:seed1:h300000,single_P8_equal,1,300000,1,55,,,,,,no,linear_interpolation_from_job_info_successful_attempt_total
current_cifar_paper:cifar10:single_P8_equal:seed1:h300000,single_P8_equal,1,300000,1,50,,,,,,no,linear_interpolation_from_job_info_successful_attempt_total
