ledger,phase_group,family_id,logical_run_id,scheduler_attempt_count,benchmark,regime,stage_count,weighting,K,horizon_steps,seed,status,paper_role,canonical_run_dir,latest_checkpoint,latest_eval_step,notes
current_cifar_paper,O1,single_P1_terminal,current_cifar_paper:cifar10:single_P1_terminal:seed1:h300000,1,cifar10,single_strict,1,terminal,100,300000,1,completed,control,/eagle/lc-mpi/Zhiqing/polaris_ebm/runs_objective_first_followup/O1/O1_single_fullk_K100_seed1_300k_20260406_214845,/eagle/lc-mpi/Zhiqing/polaris_ebm/runs_objective_first_followup/O1/O1_single_fullk_K100_seed1_300k_20260406_214845/checkpoints/ckpt_step99999.pt,300000,Objective-first baseline for single-side comparisons
current_cifar_paper,O1,single_P2_equal,current_cifar_paper:cifar10:single_P2_equal:seed1:h300000,1,cifar10,single_emulation,2,equal,100,300000,1,completed,control,/eagle/lc-mpi/Zhiqing/polaris_ebm/runs_objective_first_followup/O1/O1_single_pipe_emul_P2_uniform_K100_seed1_300k_20260406_214845,/eagle/lc-mpi/Zhiqing/polaris_ebm/runs_objective_first_followup/O1/O1_single_pipe_emul_P2_uniform_K100_seed1_300k_20260406_214845/checkpoints/ckpt_step99999.pt,300000,Single-side P sweep candidate
current_cifar_paper,O1,single_P2_deepest,current_cifar_paper:cifar10:single_P2_deepest:seed1:h300000,1,cifar10,single_emulation,2,deepest,100,300000,1,completed,control,/eagle/lc-mpi/Zhiqing/polaris_ebm/runs_objective_first_followup/O1/O1_single_pipe_emul_P2_deep_K100_seed1_300k_20260406_214845,/eagle/lc-mpi/Zhiqing/polaris_ebm/runs_objective_first_followup/O1/O1_single_pipe_emul_P2_deep_K100_seed1_300k_20260406_214845/checkpoints/ckpt_step99999.pt,300000,Single-side P sweep candidate
current_cifar_paper,O1,single_P4_equal,current_cifar_paper:cifar10:single_P4_equal:seed1:h300000,1,cifar10,single_emulation,4,equal,100,300000,1,completed,control,/eagle/lc-mpi/Zhiqing/polaris_ebm/runs_objective_first_followup/O1/O1_single_pipe_emul_P4_uniform_K100_seed1_300k_20260406_214845,/eagle/lc-mpi/Zhiqing/polaris_ebm/runs_objective_first_followup/O1/O1_single_pipe_emul_P4_uniform_K100_seed1_300k_20260406_214845/checkpoints/ckpt_step99999.pt,300000,Single-side P sweep candidate
current_cifar_paper,O1,single_P4_deepest,current_cifar_paper:cifar10:single_P4_deepest:seed1:h300000,1,cifar10,single_emulation,4,deepest,100,300000,1,completed,control,/eagle/lc-mpi/Zhiqing/polaris_ebm/runs_objective_first_followup/O1/O1_single_pipe_emul_P4_deep_K100_seed1_300k_20260406_214845,/eagle/lc-mpi/Zhiqing/polaris_ebm/runs_objective_first_followup/O1/O1_single_pipe_emul_P4_deep_K100_seed1_300k_20260406_214845/checkpoints/ckpt_step99999.pt,300000,Single-side P sweep candidate
current_cifar_paper,O1,single_P8_equal,current_cifar_paper:cifar10:single_P8_equal:seed1:h300000,2,cifar10,single_emulation,8,equal,100,300000,1,completed,appendix,/eagle/lc-mpi/Zhiqing/polaris_ebm/runs_objective_first_followup/O1/O1_single_pipe_emul_P8_uniform_K100_seed1_300k_resume_20260421_223303,/eagle/lc-mpi/Zhiqing/polaris_ebm/runs_objective_first_followup/O1/O1_single_pipe_emul_P8_uniform_K100_seed1_300k_resume_20260421_223303/checkpoints/ckpt_step99999.pt,300000,Single-side P sweep candidate; deduped 2 execution attempts; 1 earlier failed/resume fragments excluded from logical count
current_cifar_paper,O1,single_P8_deepest,current_cifar_paper:cifar10:single_P8_deepest:seed1:h300000,1,cifar10,single_emulation,8,deepest,100,300000,1,completed,appendix,/eagle/lc-mpi/Zhiqing/polaris_ebm/runs_objective_first_followup/O1/O1_single_pipe_emul_P8_deep_K100_seed1_300k_20260415_152655,/eagle/lc-mpi/Zhiqing/polaris_ebm/runs_objective_first_followup/O1/O1_single_pipe_emul_P8_deep_K100_seed1_300k_20260415_152655/checkpoints/ckpt_step99999.pt,300000,Single-side P sweep candidate
current_cifar_paper,O1,single_P16_equal,current_cifar_paper:cifar10:single_P16_equal:seed1:h300000,1,cifar10,single_emulation,16,equal,100,300000,1,completed,appendix,/eagle/lc-mpi/Zhiqing/polaris_ebm/runs_objective_first_followup/O1/O1_single_pipe_emul_P16_uniform_K100_seed1_300k_20260415_152655,/eagle/lc-mpi/Zhiqing/polaris_ebm/runs_objective_first_followup/O1/O1_single_pipe_emul_P16_uniform_K100_seed1_300k_20260415_152655/checkpoints/ckpt_step99999.pt,300000,Single-side P sweep candidate
current_cifar_paper,O1,single_P16_deepest,current_cifar_paper:cifar10:single_P16_deepest:seed1:h300000,1,cifar10,single_emulation,16,deepest,100,300000,1,completed,appendix,/eagle/lc-mpi/Zhiqing/polaris_ebm/runs_objective_first_followup/O1/O1_single_pipe_emul_P16_deep_K100_seed1_300k_20260415_152655,/eagle/lc-mpi/Zhiqing/polaris_ebm/runs_objective_first_followup/O1/O1_single_pipe_emul_P16_deep_K100_seed1_300k_20260415_152655/checkpoints/ckpt_step99999.pt,300000,Single-side P sweep candidate
current_cifar_paper,O2,ddp_P1_terminal,current_cifar_paper:cifar10:ddp_P1_terminal:seed1:h300000,1,cifar10,ddp_strict,1,terminal,100,300000,1,completed,control,/eagle/lc-mpi/Zhiqing/polaris_ebm/runs_objective_first_followup/O2/O2_ddp_fullk_K100_seed1_300k_20260406_214845,/eagle/lc-mpi/Zhiqing/polaris_ebm/runs_objective_first_followup/O2/O2_ddp_fullk_K100_seed1_300k_20260406_214845/checkpoints/ckpt_step99999.pt,300000,Strict DDP baseline for paired comparisons
current_cifar_paper,O2,pipe_P2_equal,current_cifar_paper:cifar10:pipe_P2_equal:seed1:h300000,1,cifar10,strict_pipeline,2,equal,100,300000,1,completed,control,/eagle/lc-mpi/Zhiqing/polaris_ebm/runs_objective_first_followup/O2/O2_pipe_strict_P2_uniform_K100_seed1_300k_20260406_214845,/eagle/lc-mpi/Zhiqing/polaris_ebm/runs_objective_first_followup/O2/O2_pipe_strict_P2_uniform_K100_seed1_300k_20260406_214845/checkpoints/ckpt_step99999.pt,300000,Paired with O1 single emulation
current_cifar_paper,O2,pipe_P2_deepest,current_cifar_paper:cifar10:pipe_P2_deepest:seed1:h300000,1,cifar10,strict_pipeline,2,deepest,100,300000,1,completed,control,/eagle/lc-mpi/Zhiqing/polaris_ebm/runs_objective_first_followup/O2/O2_pipe_strict_P2_deep_K100_seed1_300k_20260406_214845,/eagle/lc-mpi/Zhiqing/polaris_ebm/runs_objective_first_followup/O2/O2_pipe_strict_P2_deep_K100_seed1_300k_20260406_214845/checkpoints/ckpt_step99999.pt,300000,Paired with O1 single emulation
current_cifar_paper,O2,pipe_P4_equal,current_cifar_paper:cifar10:pipe_P4_equal:seed1:h300000,1,cifar10,strict_pipeline,4,equal,100,300000,1,completed,control,/eagle/lc-mpi/Zhiqing/polaris_ebm/runs_objective_first_followup/O2/O2_pipe_strict_P4_uniform_K100_seed1_300k_20260406_214845,/eagle/lc-mpi/Zhiqing/polaris_ebm/runs_objective_first_followup/O2/O2_pipe_strict_P4_uniform_K100_seed1_300k_20260406_214845/checkpoints/ckpt_step99999.pt,300000,Paired with O1 single emulation
current_cifar_paper,O2,pipe_P4_deepest,current_cifar_paper:cifar10:pipe_P4_deepest:seed1:h300000,1,cifar10,strict_pipeline,4,deepest,100,300000,1,completed,control,/eagle/lc-mpi/Zhiqing/polaris_ebm/runs_objective_first_followup/O2/O2_pipe_strict_P4_deep_K100_seed1_300k_20260406_214845,/eagle/lc-mpi/Zhiqing/polaris_ebm/runs_objective_first_followup/O2/O2_pipe_strict_P4_deep_K100_seed1_300k_20260406_214845/checkpoints/ckpt_step99999.pt,300000,Paired with O1 single emulation
current_cifar_paper,O2,pipe_P8_equal,current_cifar_paper:cifar10:pipe_P8_equal:seed1:h300000,3,cifar10,strict_pipeline,8,equal,100,300000,1,completed,appendix,/eagle/lc-mpi/Zhiqing/polaris_ebm/runs_objective_first_followup/O2/O2_pipe_strict_P8_uniform_K100_seed1_300k_resume_20260424_033325,/eagle/lc-mpi/Zhiqing/polaris_ebm/runs_objective_first_followup/O2/O2_pipe_strict_P8_uniform_K100_seed1_300k_resume_20260424_033325/checkpoints/ckpt_step299999.pt,300000,Paired with O1 single emulation; deduped 3 execution attempts; 2 earlier failed/resume fragments excluded from logical count
current_cifar_paper,O2,pipe_P8_deepest,current_cifar_paper:cifar10:pipe_P8_deepest:seed1:h300000,1,cifar10,strict_pipeline,8,deepest,100,300000,1,completed,appendix,/eagle/lc-mpi/Zhiqing/polaris_ebm/runs_objective_first_followup/O2/O2_pipe_strict_P8_deep_K100_seed1_300k_20260415_152655,/eagle/lc-mpi/Zhiqing/polaris_ebm/runs_objective_first_followup/O2/O2_pipe_strict_P8_deep_K100_seed1_300k_20260415_152655/checkpoints/ckpt_step99999.pt,300000,Paired with O1 single emulation
current_cifar_paper,O2,pipe_P16_equal,current_cifar_paper:cifar10:pipe_P16_equal:seed1:h300000,1,cifar10,strict_pipeline,16,equal,100,300000,1,completed,appendix,/eagle/lc-mpi/Zhiqing/polaris_ebm/runs_objective_first_followup/O2/O2_pipe_strict_P16_uniform_K100_seed1_300k_20260415_152655,/eagle/lc-mpi/Zhiqing/polaris_ebm/runs_objective_first_followup/O2/O2_pipe_strict_P16_uniform_K100_seed1_300k_20260415_152655/checkpoints/ckpt_step99999.pt,300000,Paired with O1 single emulation
current_cifar_paper,O2,pipe_P16_deepest,current_cifar_paper:cifar10:pipe_P16_deepest:seed1:h300000,1,cifar10,strict_pipeline,16,deepest,100,300000,1,completed,appendix,/eagle/lc-mpi/Zhiqing/polaris_ebm/runs_objective_first_followup/O2/O2_pipe_strict_P16_deep_K100_seed1_300k_20260415_152655,/eagle/lc-mpi/Zhiqing/polaris_ebm/runs_objective_first_followup/O2/O2_pipe_strict_P16_deep_K100_seed1_300k_20260415_152655/checkpoints/ckpt_step99999.pt,300000,Paired with O1 single emulation
current_cifar_paper,O3,ddp_P1_terminal,current_cifar_paper:cifar10:ddp_P1_terminal:seed2:h300000,1,cifar10,ddp_strict,1,terminal,100,300000,2,completed,headline,/eagle/lc-mpi/Zhiqing/polaris_ebm/runs_objective_first_followup/O3/O3_ddp_fullk_K100_seed2_300k_20260407_172101,/eagle/lc-mpi/Zhiqing/polaris_ebm/runs_objective_first_followup/O3/O3_ddp_fullk_K100_seed2_300k_20260407_172101/checkpoints/ckpt_step99999.pt,300000,Expand robustness for new mainline
current_cifar_paper,O3,ddp_P1_terminal,current_cifar_paper:cifar10:ddp_P1_terminal:seed3:h300000,1,cifar10,ddp_strict,1,terminal,100,300000,3,completed,headline,/eagle/lc-mpi/Zhiqing/polaris_ebm/runs_objective_first_followup/O3/O3_ddp_fullk_K100_seed3_300k_20260407_172101,/eagle/lc-mpi/Zhiqing/polaris_ebm/runs_objective_first_followup/O3/O3_ddp_fullk_K100_seed3_300k_20260407_172101/checkpoints/ckpt_step99999.pt,300000,Expand robustness for new mainline
current_cifar_paper,O3,ddp_P1_terminal,current_cifar_paper:cifar10:ddp_P1_terminal:seed4:h300000,1,cifar10,ddp_strict,1,terminal,100,300000,4,completed,headline,/eagle/lc-mpi/Zhiqing/polaris_ebm/runs_objective_first_followup/O3/O3_ddp_fullk_K100_seed4_300k_20260407_172101,/eagle/lc-mpi/Zhiqing/polaris_ebm/runs_objective_first_followup/O3/O3_ddp_fullk_K100_seed4_300k_20260407_172101/checkpoints/ckpt_step99999.pt,300000,Expand robustness for new mainline
current_cifar_paper,O3,ddp_P1_terminal,current_cifar_paper:cifar10:ddp_P1_terminal:seed5:h300000,1,cifar10,ddp_strict,1,terminal,100,300000,5,completed,headline,/eagle/lc-mpi/Zhiqing/polaris_ebm/runs_objective_first_followup/O3/O3_ddp_fullk_K100_seed5_300k_20260407_172101,/eagle/lc-mpi/Zhiqing/polaris_ebm/runs_objective_first_followup/O3/O3_ddp_fullk_K100_seed5_300k_20260407_172101/checkpoints/ckpt_step99999.pt,300000,Expand robustness for new mainline
current_cifar_paper,O3,pipe_P4_equal,current_cifar_paper:cifar10:pipe_P4_equal:seed2:h300000,1,cifar10,strict_pipeline,4,equal,100,300000,2,completed,headline,/eagle/lc-mpi/Zhiqing/polaris_ebm/runs_objective_first_followup/O3/O3_pipe_strict_P4_uniform_K100_seed2_300k_20260407_172101,/eagle/lc-mpi/Zhiqing/polaris_ebm/runs_objective_first_followup/O3/O3_pipe_strict_P4_uniform_K100_seed2_300k_20260407_172101/checkpoints/ckpt_step99999.pt,300000,Seed expansion for current pipeline trajectory candidate
current_cifar_paper,O3,pipe_P4_equal,current_cifar_paper:cifar10:pipe_P4_equal:seed3:h300000,1,cifar10,strict_pipeline,4,equal,100,300000,3,completed,headline,/eagle/lc-mpi/Zhiqing/polaris_ebm/runs_objective_first_followup/O3/O3_pipe_strict_P4_uniform_K100_seed3_300k_20260407_172101,/eagle/lc-mpi/Zhiqing/polaris_ebm/runs_objective_first_followup/O3/O3_pipe_strict_P4_uniform_K100_seed3_300k_20260407_172101/checkpoints/ckpt_step99999.pt,300000,Seed expansion for current pipeline trajectory candidate
current_cifar_paper,O3,pipe_P4_equal,current_cifar_paper:cifar10:pipe_P4_equal:seed4:h300000,2,cifar10,strict_pipeline,4,equal,100,300000,4,completed,headline,/eagle/lc-mpi/Zhiqing/polaris_ebm/runs_objective_first_followup/O3/O3_pipe_strict_P4_uniform_K100_seed4_300k_resume_20260412_143159,/eagle/lc-mpi/Zhiqing/polaris_ebm/runs_objective_first_followup/O3/O3_pipe_strict_P4_uniform_K100_seed4_300k_resume_20260412_143159/checkpoints/ckpt_step99999.pt,300000,Seed expansion for current pipeline trajectory candidate; deduped 2 execution attempts
current_cifar_paper,O3,pipe_P4_equal,current_cifar_paper:cifar10:pipe_P4_equal:seed5:h300000,1,cifar10,strict_pipeline,4,equal,100,300000,5,completed,headline,/eagle/lc-mpi/Zhiqing/polaris_ebm/runs_objective_first_followup/O3/O3_pipe_strict_P4_uniform_K100_seed5_300k_20260409_132633,/eagle/lc-mpi/Zhiqing/polaris_ebm/runs_objective_first_followup/O3/O3_pipe_strict_P4_uniform_K100_seed5_300k_20260409_132633/checkpoints/ckpt_step99999.pt,300000,Seed expansion for current pipeline trajectory candidate
current_cifar_paper,O3,single_P2_equal,current_cifar_paper:cifar10:single_P2_equal:seed2:h300000,1,cifar10,single_emulation,2,equal,100,300000,2,completed,headline,/eagle/lc-mpi/Zhiqing/polaris_ebm/runs_objective_first_followup/O3/O3_single_pipe_emul_P2_uniform_K100_seed2_300k_20260409_132633,/eagle/lc-mpi/Zhiqing/polaris_ebm/runs_objective_first_followup/O3/O3_single_pipe_emul_P2_uniform_K100_seed2_300k_20260409_132633/checkpoints/ckpt_step99999.pt,300000,Seed expansion for current single-side trajectory candidate
current_cifar_paper,O3,single_P2_equal,current_cifar_paper:cifar10:single_P2_equal:seed3:h300000,1,cifar10,single_emulation,2,equal,100,300000,3,completed,headline,/eagle/lc-mpi/Zhiqing/polaris_ebm/runs_objective_first_followup/O3/O3_single_pipe_emul_P2_uniform_K100_seed3_300k_20260409_132633,/eagle/lc-mpi/Zhiqing/polaris_ebm/runs_objective_first_followup/O3/O3_single_pipe_emul_P2_uniform_K100_seed3_300k_20260409_132633/checkpoints/ckpt_step99999.pt,300000,Seed expansion for current single-side trajectory candidate
current_cifar_paper,O3,single_P2_deepest,current_cifar_paper:cifar10:single_P2_deepest:seed2:h300000,1,cifar10,single_emulation,2,deepest,100,300000,2,completed,headline,/eagle/lc-mpi/Zhiqing/polaris_ebm/runs_objective_first_followup/O3/O3_single_pipe_emul_P2_deep_K100_seed2_300k_20260409_132633,/eagle/lc-mpi/Zhiqing/polaris_ebm/runs_objective_first_followup/O3/O3_single_pipe_emul_P2_deep_K100_seed2_300k_20260409_132633/checkpoints/ckpt_step99999.pt,300000,Seed expansion for current single-side endpoint candidate
current_cifar_paper,O3,single_P2_deepest,current_cifar_paper:cifar10:single_P2_deepest:seed3:h300000,1,cifar10,single_emulation,2,deepest,100,300000,3,completed,headline,/eagle/lc-mpi/Zhiqing/polaris_ebm/runs_objective_first_followup/O3/O3_single_pipe_emul_P2_deep_K100_seed3_300k_20260409_132633,/eagle/lc-mpi/Zhiqing/polaris_ebm/runs_objective_first_followup/O3/O3_single_pipe_emul_P2_deep_K100_seed3_300k_20260409_132633/checkpoints/ckpt_step99999.pt,300000,Seed expansion for current single-side endpoint candidate
current_cifar_paper,O3,single_P1_terminal,current_cifar_paper:cifar10:single_P1_terminal:seed2:h300000,1,cifar10,single_strict,1,terminal,100,300000,2,completed,headline,/eagle/lc-mpi/Zhiqing/polaris_ebm/runs_objective_first_followup/O3/O3_single_fullk_K100_seed2_300k_20260409_132633,/eagle/lc-mpi/Zhiqing/polaris_ebm/runs_objective_first_followup/O3/O3_single_fullk_K100_seed2_300k_20260409_132633/checkpoints/ckpt_step99999.pt,300000,Seed expansion for single-side baseline reference
current_cifar_paper,O3,single_P1_terminal,current_cifar_paper:cifar10:single_P1_terminal:seed3:h300000,4,cifar10,single_strict,1,terminal,100,300000,3,completed,headline,/eagle/lc-mpi/Zhiqing/polaris_ebm/runs_objective_first_followup/O3/O3_single_fullk_K100_seed3_300k_resume_20260421_223303,/eagle/lc-mpi/Zhiqing/polaris_ebm/runs_objective_first_followup/O3/O3_single_fullk_K100_seed3_300k_resume_20260421_223303/checkpoints/ckpt_step299999.pt,300000,Seed expansion for single-side baseline reference; deduped 4 execution attempts; 2 earlier failed/resume fragments excluded from logical count
current_cifar_paper,O3,pipe_P2_equal,current_cifar_paper:cifar10:pipe_P2_equal:seed2:h300000,1,cifar10,strict_pipeline,2,equal,100,300000,2,completed,control,/eagle/lc-mpi/Zhiqing/polaris_ebm/runs_objective_first_followup/O3/O3_pipe_strict_P2_uniform_K100_seed2_300k_20260409_132633,/eagle/lc-mpi/Zhiqing/polaris_ebm/runs_objective_first_followup/O3/O3_pipe_strict_P2_uniform_K100_seed2_300k_20260409_132633/checkpoints/ckpt_step99999.pt,300000,Lower-priority control expansion
current_cifar_paper,O3,pipe_P2_equal,current_cifar_paper:cifar10:pipe_P2_equal:seed3:h300000,1,cifar10,strict_pipeline,2,equal,100,300000,3,completed,control,/eagle/lc-mpi/Zhiqing/polaris_ebm/runs_objective_first_followup/O3/O3_pipe_strict_P2_uniform_K100_seed3_300k_20260409_132633,/eagle/lc-mpi/Zhiqing/polaris_ebm/runs_objective_first_followup/O3/O3_pipe_strict_P2_uniform_K100_seed3_300k_20260409_132633/checkpoints/ckpt_step99999.pt,300000,Lower-priority control expansion
current_cifar_paper,O4,single_P1_terminal,current_cifar_paper:cifar10:single_P1_terminal:seed1:h500000,1,cifar10,single_strict,1,terminal,100,500000,1,completed,headline,/eagle/lc-mpi/Zhiqing/polaris_ebm/runs_objective_first_followup/O4/O4_single_fullk_K100_seed1_500k_20260412_143208,/eagle/lc-mpi/Zhiqing/polaris_ebm/runs_objective_first_followup/O4/O4_single_fullk_K100_seed1_500k_20260412_143208/checkpoints/ckpt_step99999.pt,500000,Long-horizon baseline
current_cifar_paper,O4,single_P1_terminal,current_cifar_paper:cifar10:single_P1_terminal:seed2:h500000,2,cifar10,single_strict,1,terminal,100,500000,2,completed,headline,/eagle/lc-mpi/Zhiqing/polaris_ebm/runs_objective_first_followup/O4/O4_single_fullk_K100_seed2_500k_retry_20260421_223303,/eagle/lc-mpi/Zhiqing/polaris_ebm/runs_objective_first_followup/O4/O4_single_fullk_K100_seed2_500k_retry_20260421_223303/checkpoints/ckpt_step99999.pt,500000,Long-horizon baseline; deduped 2 execution attempts; 1 earlier failed/resume fragments excluded from logical count
current_cifar_paper,O4,single_P1_terminal,current_cifar_paper:cifar10:single_P1_terminal:seed3:h500000,1,cifar10,single_strict,1,terminal,100,500000,3,completed,headline,/eagle/lc-mpi/Zhiqing/polaris_ebm/runs_objective_first_followup/O4/O4_single_fullk_K100_seed3_500k_20260415_152655,/eagle/lc-mpi/Zhiqing/polaris_ebm/runs_objective_first_followup/O4/O4_single_fullk_K100_seed3_500k_20260415_152655/checkpoints/ckpt_step99999.pt,500000,Long-horizon baseline
current_cifar_paper,O4,ddp_P1_terminal,current_cifar_paper:cifar10:ddp_P1_terminal:seed1:h500000,1,cifar10,ddp_strict,1,terminal,100,500000,1,completed,headline,/eagle/lc-mpi/Zhiqing/polaris_ebm/runs_objective_first_followup/O4/O4_ddp_fullk_K100_seed1_500k_20260409_132633,/eagle/lc-mpi/Zhiqing/polaris_ebm/runs_objective_first_followup/O4/O4_ddp_fullk_K100_seed1_500k_20260409_132633/checkpoints/ckpt_step99999.pt,500000,Long-horizon DDP baseline
current_cifar_paper,O4,ddp_P1_terminal,current_cifar_paper:cifar10:ddp_P1_terminal:seed2:h500000,1,cifar10,ddp_strict,1,terminal,100,500000,2,completed,headline,/eagle/lc-mpi/Zhiqing/polaris_ebm/runs_objective_first_followup/O4/O4_ddp_fullk_K100_seed2_500k_20260412_143208,/eagle/lc-mpi/Zhiqing/polaris_ebm/runs_objective_first_followup/O4/O4_ddp_fullk_K100_seed2_500k_20260412_143208/checkpoints/ckpt_step99999.pt,500000,Long-horizon DDP baseline
current_cifar_paper,O4,ddp_P1_terminal,current_cifar_paper:cifar10:ddp_P1_terminal:seed3:h500000,2,cifar10,ddp_strict,1,terminal,100,500000,3,completed,headline,/eagle/lc-mpi/Zhiqing/polaris_ebm/runs_objective_first_followup/O4/O4_ddp_fullk_K100_seed3_500k_resume_20260415_152638,/eagle/lc-mpi/Zhiqing/polaris_ebm/runs_objective_first_followup/O4/O4_ddp_fullk_K100_seed3_500k_resume_20260415_152638/checkpoints/ckpt_step99999.pt,500000,Long-horizon DDP baseline; deduped 2 execution attempts; 1 earlier failed/resume fragments excluded from logical count
current_cifar_paper,O4,single_P2_deepest,current_cifar_paper:cifar10:single_P2_deepest:seed1:h500000,1,cifar10,single_emulation,2,deepest,100,500000,1,completed,headline,/eagle/lc-mpi/Zhiqing/polaris_ebm/runs_objective_first_followup/O4/O4_single_pipe_emul_P2_deep_K100_seed1_500k_20260409_132633,/eagle/lc-mpi/Zhiqing/polaris_ebm/runs_objective_first_followup/O4/O4_single_pipe_emul_P2_deep_K100_seed1_500k_20260409_132633/checkpoints/ckpt_step99999.pt,500000,Long-horizon single-side endpoint candidate
current_cifar_paper,O4,single_P2_deepest,current_cifar_paper:cifar10:single_P2_deepest:seed2:h500000,2,cifar10,single_emulation,2,deepest,100,500000,2,completed,headline,/eagle/lc-mpi/Zhiqing/polaris_ebm/runs_objective_first_followup/O4/O4_single_pipe_emul_P2_deep_K100_seed2_500k_resume_20260415_152638,/eagle/lc-mpi/Zhiqing/polaris_ebm/runs_objective_first_followup/O4/O4_single_pipe_emul_P2_deep_K100_seed2_500k_resume_20260415_152638/checkpoints/ckpt_step99999.pt,500000,Long-horizon single-side endpoint candidate; deduped 2 execution attempts; 1 earlier failed/resume fragments excluded from logical count
current_cifar_paper,O4,single_P2_deepest,current_cifar_paper:cifar10:single_P2_deepest:seed3:h500000,1,cifar10,single_emulation,2,deepest,100,500000,3,completed,headline,/eagle/lc-mpi/Zhiqing/polaris_ebm/runs_objective_first_followup/O4/O4_single_pipe_emul_P2_deep_K100_seed3_500k_20260412_143208,/eagle/lc-mpi/Zhiqing/polaris_ebm/runs_objective_first_followup/O4/O4_single_pipe_emul_P2_deep_K100_seed3_500k_20260412_143208/checkpoints/ckpt_step99999.pt,500000,Long-horizon single-side endpoint candidate
current_cifar_paper,O4,single_P2_equal,current_cifar_paper:cifar10:single_P2_equal:seed1:h500000,1,cifar10,single_emulation,2,equal,100,500000,1,completed,headline,/eagle/lc-mpi/Zhiqing/polaris_ebm/runs_objective_first_followup/O4/O4_single_pipe_emul_P2_uniform_K100_seed1_500k_20260409_132633,/eagle/lc-mpi/Zhiqing/polaris_ebm/runs_objective_first_followup/O4/O4_single_pipe_emul_P2_uniform_K100_seed1_500k_20260409_132633/checkpoints/ckpt_step99999.pt,500000,Long-horizon single-side trajectory candidate
current_cifar_paper,O4,single_P2_equal,current_cifar_paper:cifar10:single_P2_equal:seed2:h500000,1,cifar10,single_emulation,2,equal,100,500000,2,completed,headline,/eagle/lc-mpi/Zhiqing/polaris_ebm/runs_objective_first_followup/O4/O4_single_pipe_emul_P2_uniform_K100_seed2_500k_20260412_143208,/eagle/lc-mpi/Zhiqing/polaris_ebm/runs_objective_first_followup/O4/O4_single_pipe_emul_P2_uniform_K100_seed2_500k_20260412_143208/checkpoints/ckpt_step99999.pt,500000,Long-horizon single-side trajectory candidate
current_cifar_paper,O4,single_P2_equal,current_cifar_paper:cifar10:single_P2_equal:seed3:h500000,1,cifar10,single_emulation,2,equal,100,500000,3,completed,headline,/eagle/lc-mpi/Zhiqing/polaris_ebm/runs_objective_first_followup/O4/O4_single_pipe_emul_P2_uniform_K100_seed3_500k_20260412_143208,/eagle/lc-mpi/Zhiqing/polaris_ebm/runs_objective_first_followup/O4/O4_single_pipe_emul_P2_uniform_K100_seed3_500k_20260412_143208/checkpoints/ckpt_step99999.pt,500000,Long-horizon single-side trajectory candidate
current_cifar_paper,O4,pipe_P4_equal,current_cifar_paper:cifar10:pipe_P4_equal:seed1:h500000,1,cifar10,strict_pipeline,4,equal,100,500000,1,completed,headline,/eagle/lc-mpi/Zhiqing/polaris_ebm/runs_objective_first_followup/O4/O4_pipe_strict_P4_uniform_K100_seed1_500k_20260409_132633,/eagle/lc-mpi/Zhiqing/polaris_ebm/runs_objective_first_followup/O4/O4_pipe_strict_P4_uniform_K100_seed1_500k_20260409_132633/checkpoints/ckpt_step99999.pt,500000,Long-horizon pipeline trajectory candidate
current_cifar_paper,O4,pipe_P4_equal,current_cifar_paper:cifar10:pipe_P4_equal:seed2:h500000,2,cifar10,strict_pipeline,4,equal,100,500000,2,completed,headline,/eagle/lc-mpi/Zhiqing/polaris_ebm/runs_objective_first_followup/O4/O4_pipe_strict_P4_uniform_K100_seed2_500k_retry_20260415_152638,/eagle/lc-mpi/Zhiqing/polaris_ebm/runs_objective_first_followup/O4/O4_pipe_strict_P4_uniform_K100_seed2_500k_retry_20260415_152638/checkpoints/ckpt_step99999.pt,500000,Long-horizon pipeline trajectory candidate; deduped 2 execution attempts; 1 earlier failed/resume fragments excluded from logical count
current_cifar_paper,O4,pipe_P4_equal,current_cifar_paper:cifar10:pipe_P4_equal:seed3:h500000,1,cifar10,strict_pipeline,4,equal,100,500000,3,completed,headline,/eagle/lc-mpi/Zhiqing/polaris_ebm/runs_objective_first_followup/O4/O4_pipe_strict_P4_uniform_K100_seed3_500k_20260412_143208,/eagle/lc-mpi/Zhiqing/polaris_ebm/runs_objective_first_followup/O4/O4_pipe_strict_P4_uniform_K100_seed3_500k_20260412_143208/checkpoints/ckpt_step99999.pt,500000,Long-horizon pipeline trajectory candidate
current_cifar_paper,O4,pipe_P4_deepest,current_cifar_paper:cifar10:pipe_P4_deepest:seed1:h500000,2,cifar10,strict_pipeline,4,deepest,100,500000,1,completed,control,/eagle/lc-mpi/Zhiqing/polaris_ebm/runs_objective_first_followup/O4/O4_pipe_strict_P4_deep_K100_seed1_500k_20260416_184021,/eagle/lc-mpi/Zhiqing/polaris_ebm/runs_objective_first_followup/O4/O4_pipe_strict_P4_deep_K100_seed1_500k_20260416_184021/checkpoints/ckpt_step99999.pt,500000,Long-horizon pipeline endpoint candidate; deduped 2 execution attempts
current_cifar_paper,O4,pipe_P4_deepest,current_cifar_paper:cifar10:pipe_P4_deepest:seed2:h500000,2,cifar10,strict_pipeline,4,deepest,100,500000,2,completed,control,/eagle/lc-mpi/Zhiqing/polaris_ebm/runs_objective_first_followup/O4/O4_pipe_strict_P4_deep_K100_seed2_500k_20260416_184021,/eagle/lc-mpi/Zhiqing/polaris_ebm/runs_objective_first_followup/O4/O4_pipe_strict_P4_deep_K100_seed2_500k_20260416_184021/checkpoints/ckpt_step99999.pt,500000,Long-horizon pipeline endpoint candidate; deduped 2 execution attempts; 1 earlier failed/resume fragments excluded from logical count
current_cifar_paper,O4,pipe_P4_deepest,current_cifar_paper:cifar10:pipe_P4_deepest:seed3:h500000,2,cifar10,strict_pipeline,4,deepest,100,500000,3,completed,control,/eagle/lc-mpi/Zhiqing/polaris_ebm/runs_objective_first_followup/O4/O4_pipe_strict_P4_deep_K100_seed3_500k_20260416_184021,/eagle/lc-mpi/Zhiqing/polaris_ebm/runs_objective_first_followup/O4/O4_pipe_strict_P4_deep_K100_seed3_500k_20260416_184021/checkpoints/ckpt_step99999.pt,500000,Long-horizon pipeline endpoint candidate; deduped 2 execution attempts; 1 earlier failed/resume fragments excluded from logical count
current_cifar_paper,O5,ddp_P1_terminal_K25,current_cifar_paper:cifar10:ddp_P1_terminal_K25:seed1:h300000,2,cifar10,ddp_strict,1,terminal,25,300000,1,completed,control,/eagle/lc-mpi/Zhiqing/polaris_ebm/runs_objective_first_followup/O5/O5_ddp_fullk_K25_seed1_300k_20260416_184021,/eagle/lc-mpi/Zhiqing/polaris_ebm/runs_objective_first_followup/O5/O5_ddp_fullk_K25_seed1_300k_20260416_184021/checkpoints/ckpt_step99999.pt,300000,Compare at equal wall-clock / GPU-hours / model-evals; deduped 2 execution attempts; 1 earlier failed/resume fragments excluded from logical count
current_cifar_paper,O5,ddp_P1_terminal_K50,current_cifar_paper:cifar10:ddp_P1_terminal_K50:seed1:h300000,2,cifar10,ddp_strict,1,terminal,50,300000,1,completed,control,/eagle/lc-mpi/Zhiqing/polaris_ebm/runs_objective_first_followup/O5/O5_ddp_fullk_K50_seed1_300k_20260416_184021,/eagle/lc-mpi/Zhiqing/polaris_ebm/runs_objective_first_followup/O5/O5_ddp_fullk_K50_seed1_300k_20260416_184021/checkpoints/ckpt_step99999.pt,300000,Compare at equal wall-clock / GPU-hours / model-evals; deduped 2 execution attempts
current_cifar_paper,O5,ddp_P1_terminal_K100,current_cifar_paper:cifar10:ddp_P1_terminal_K100:seed1:h300000,2,cifar10,ddp_strict,1,terminal,100,300000,1,completed,control,/eagle/lc-mpi/Zhiqing/polaris_ebm/runs_objective_first_followup/O5/O5_ddp_fullk_K100_seed1_300k_20260416_184021,/eagle/lc-mpi/Zhiqing/polaris_ebm/runs_objective_first_followup/O5/O5_ddp_fullk_K100_seed1_300k_20260416_184021/checkpoints/ckpt_step99999.pt,300000,Compare at equal wall-clock / GPU-hours / model-evals; deduped 2 execution attempts
current_cifar_paper,O5,pipe_P4_equal_K100,current_cifar_paper:cifar10:pipe_P4_equal_K100:seed1:h300000,1,cifar10,strict_pipeline,4,equal,100,300000,1,completed,control,/eagle/lc-mpi/Zhiqing/polaris_ebm/runs_objective_first_followup/O5/O5_pipe_strict_P4_uniform_K100_seed1_300k_20260416_184021,/eagle/lc-mpi/Zhiqing/polaris_ebm/runs_objective_first_followup/O5/O5_pipe_strict_P4_uniform_K100_seed1_300k_20260416_184021/checkpoints/ckpt_step99999.pt,300000,Compute-matched pipeline trajectory candidate
current_cifar_paper,O5,pipe_P4_deepest_K100,current_cifar_paper:cifar10:pipe_P4_deepest_K100:seed1:h300000,2,cifar10,strict_pipeline,4,deepest,100,300000,1,completed,control,/eagle/lc-mpi/Zhiqing/polaris_ebm/runs_objective_first_followup/O5/O5_pipe_strict_P4_deep_K100_seed1_300k_resume_20260421_223303,/eagle/lc-mpi/Zhiqing/polaris_ebm/runs_objective_first_followup/O5/O5_pipe_strict_P4_deep_K100_seed1_300k_resume_20260421_223303/checkpoints/ckpt_step99999.pt,300000,Compute-matched pipeline endpoint candidate; deduped 2 execution attempts; 1 earlier failed/resume fragments excluded from logical count
external_benchmark,PhaseA,single_P1_terminal,external_benchmark:imagenet32:single_P1_terminal:seed1:h1000,1,imagenet32,single_strict,1,terminal,100,1000,1,completed,external,/eagle/lc-mpi/Zhiqing/polaris_ebm/runs_imagenet32_phasea/PhaseA/imagenet32_single_strict_k100_s1k_20260403_021545,/eagle/lc-mpi/Zhiqing/polaris_ebm/runs_imagenet32_phasea/PhaseA/imagenet32_single_strict_k100_s1k_20260403_021545/checkpoints/ckpt_step999.pt,,External conditional benchmark infrastructure validation.
external_benchmark,PhaseA,ddp_P1_terminal,external_benchmark:imagenet32:ddp_P1_terminal:seed1:h1000,1,imagenet32,ddp_strict,1,terminal,100,1000,1,completed,external,/eagle/lc-mpi/Zhiqing/polaris_ebm/runs_imagenet32_phasea/PhaseA/imagenet32_ddp_strict_k100_s1k_20260403_021545,/eagle/lc-mpi/Zhiqing/polaris_ebm/runs_imagenet32_phasea/PhaseA/imagenet32_ddp_strict_k100_s1k_20260403_021545/checkpoints/ckpt_step999.pt,,External conditional benchmark infrastructure validation.
external_benchmark,PhaseA,pipe_P4_late_stage_beta_0.01,external_benchmark:imagenet32:pipe_P4_late_stage_beta_0.01:seed1:h1000,1,imagenet32,strict_pipeline,4,late_stage_beta_0.01,100,1000,1,completed,external,/eagle/lc-mpi/Zhiqing/polaris_ebm/runs_imagenet32_phasea/PhaseA/imagenet32_pipeline_strict_p4_k100_s1k_20260403_021545,/eagle/lc-mpi/Zhiqing/polaris_ebm/runs_imagenet32_phasea/PhaseA/imagenet32_pipeline_strict_p4_k100_s1k_20260403_021545/checkpoints/ckpt_step999.pt,,External conditional benchmark infrastructure validation.
external_benchmark,PhaseA,single_P1_terminal,external_benchmark:imagenet32:single_P1_terminal:seed1:h5000,1,imagenet32,single_strict,1,terminal,100,5000,1,completed,external,/eagle/lc-mpi/Zhiqing/polaris_ebm/runs_imagenet32_phasea/PhaseA/imagenet32_single_strict_k100_s5k_20260403_021545,/eagle/lc-mpi/Zhiqing/polaris_ebm/runs_imagenet32_phasea/PhaseA/imagenet32_single_strict_k100_s5k_20260403_021545/checkpoints/ckpt_step999.pt,,External conditional benchmark infrastructure validation.
external_benchmark,PhaseA,ddp_P1_terminal,external_benchmark:imagenet32:ddp_P1_terminal:seed1:h5000,1,imagenet32,ddp_strict,1,terminal,100,5000,1,completed,external,/eagle/lc-mpi/Zhiqing/polaris_ebm/runs_imagenet32_phasea/PhaseA/imagenet32_ddp_strict_k100_s5k_20260403_021545,/eagle/lc-mpi/Zhiqing/polaris_ebm/runs_imagenet32_phasea/PhaseA/imagenet32_ddp_strict_k100_s5k_20260403_021545/checkpoints/ckpt_step999.pt,,External conditional benchmark infrastructure validation.
external_benchmark,PhaseA,pipe_P4_late_stage_beta_0.01,external_benchmark:imagenet32:pipe_P4_late_stage_beta_0.01:seed1:h5000,1,imagenet32,strict_pipeline,4,late_stage_beta_0.01,100,5000,1,completed,external,/eagle/lc-mpi/Zhiqing/polaris_ebm/runs_imagenet32_phasea/PhaseA/imagenet32_pipeline_strict_p4_k100_s5k_20260403_021545,/eagle/lc-mpi/Zhiqing/polaris_ebm/runs_imagenet32_phasea/PhaseA/imagenet32_pipeline_strict_p4_k100_s5k_20260403_021545/checkpoints/ckpt_step999.pt,,External conditional benchmark infrastructure validation.
external_benchmark,PhaseA,single_P1_terminal,external_benchmark:imagenet32:single_P1_terminal:seed1:h20000,1,imagenet32,single_strict,1,terminal,100,20000,1,completed,external,/eagle/lc-mpi/Zhiqing/polaris_ebm/runs_imagenet32_phasea/PhaseA/imagenet32_single_strict_k100_s20k_20260403_021545,/eagle/lc-mpi/Zhiqing/polaris_ebm/runs_imagenet32_phasea/PhaseA/imagenet32_single_strict_k100_s20k_20260403_021545/checkpoints/ckpt_step9999.pt,,External conditional benchmark infrastructure validation.
external_benchmark,PhaseA,ddp_P1_terminal,external_benchmark:imagenet32:ddp_P1_terminal:seed1:h20000,1,imagenet32,ddp_strict,1,terminal,100,20000,1,completed,external,/eagle/lc-mpi/Zhiqing/polaris_ebm/runs_imagenet32_phasea/PhaseA/imagenet32_ddp_strict_k100_s20k_20260403_021545,/eagle/lc-mpi/Zhiqing/polaris_ebm/runs_imagenet32_phasea/PhaseA/imagenet32_ddp_strict_k100_s20k_20260403_021545/checkpoints/ckpt_step9999.pt,,External conditional benchmark infrastructure validation.
external_benchmark,PhaseA,pipe_P4_late_stage_beta_0.01,external_benchmark:imagenet32:pipe_P4_late_stage_beta_0.01:seed1:h20000,1,imagenet32,strict_pipeline,4,late_stage_beta_0.01,100,20000,1,completed,external,/eagle/lc-mpi/Zhiqing/polaris_ebm/runs_imagenet32_phasea/PhaseA/imagenet32_pipeline_strict_p4_k100_s20k_20260403_021545,/eagle/lc-mpi/Zhiqing/polaris_ebm/runs_imagenet32_phasea/PhaseA/imagenet32_pipeline_strict_p4_k100_s20k_20260403_021545/checkpoints/ckpt_step9999.pt,,External conditional benchmark infrastructure validation.
historical_exploratory,A0,single_P1_terminal,historical_exploratory:phase1_screening:A0_single_strict_300k_ref:single_P1_terminal:seed1:h300000,0,cifar10,single_strict,1,terminal,100,300000,1,missing,deprecated,/eagle/lc-mpi/Zhiqing/polaris_ebm/runs_baseline/orig_single_semantics_fid_s300000_K100_20260324_001055,,,Historical exploratory package phase1_screening; exclude from current paper counts.
historical_exploratory,A0,ddp_P1_terminal,historical_exploratory:phase1_screening:A0_ddp_strict_300k_ref:ddp_P1_terminal:seed1:h300000,0,cifar10,ddp_strict,0,terminal,100,300000,1,missing,deprecated,/eagle/lc-mpi/Zhiqing/polaris_ebm/runs_dual/modea_fullk_align128/ddp_fullk_s300k_seed1_syncinit_20260324_165322,,,Historical exploratory package phase1_screening; exclude from current paper counts.
historical_exploratory,A0,pipe_P4_late_stage_beta_0.01,historical_exploratory:phase1_screening:A0_pipeline_strict_300k_ref:pipe_P4_late_stage_beta_0.01:seed1:h300000,0,cifar10,strict_pipeline,4,late_stage_beta_0.01,100,300000,1,missing,deprecated,/eagle/lc-mpi/Zhiqing/polaris_ebm/runs_pipeline_strict/pipeline_strict_s300k_b001_lr1e-4_seed1_syncinit_20260324_165322,,,Historical exploratory package phase1_screening; exclude from current paper counts.
historical_exploratory,A1,single_P1_terminal,historical_exploratory:phase1_screening:A1_single_fullk_k100_s20k:single_P1_terminal:seed1:h20000,2,cifar10,single_strict,1,terminal,100,20000,1,completed,deprecated,/eagle/lc-mpi/Zhiqing/polaris_ebm/runs_ablation/A1/A1_single_fullk_k100_s20k_20260329_040631,/eagle/lc-mpi/Zhiqing/polaris_ebm/runs_ablation/A1/A1_single_fullk_k100_s20k_20260329_040631/checkpoints/ckpt_step9999.pt,10000,Historical exploratory package phase1_screening; exclude from current paper counts.; deduped 2 execution attempts
historical_exploratory,A1,single_P4_equal,historical_exploratory:phase1_screening:A1_single_pipe_uniform_p4_k100_s20k:single_P4_equal:seed1:h20000,2,cifar10,single_emulation,4,equal,100,20000,1,completed,deprecated,/eagle/lc-mpi/Zhiqing/polaris_ebm/runs_ablation/A1/A1_single_pipe_uniform_p4_k100_s20k_20260329_040631,/eagle/lc-mpi/Zhiqing/polaris_ebm/runs_ablation/A1/A1_single_pipe_uniform_p4_k100_s20k_20260329_040631/checkpoints/ckpt_step9999.pt,10000,Historical exploratory package phase1_screening; exclude from current paper counts.; deduped 2 execution attempts
historical_exploratory,A1,single_P4_deepest,historical_exploratory:phase1_screening:A1_single_pipe_deep_p4_k100_s20k:single_P4_deepest:seed1:h20000,2,cifar10,single_emulation,4,deepest,100,20000,1,completed,deprecated,/eagle/lc-mpi/Zhiqing/polaris_ebm/runs_ablation/A1/A1_single_pipe_deep_p4_k100_s20k_20260329_040631,/eagle/lc-mpi/Zhiqing/polaris_ebm/runs_ablation/A1/A1_single_pipe_deep_p4_k100_s20k_20260329_040631/checkpoints/ckpt_step9999.pt,10000,Historical exploratory package phase1_screening; exclude from current paper counts.; deduped 2 execution attempts
historical_exploratory,A1,single_P4_late_stage_beta_0.01,historical_exploratory:phase1_screening:A1_single_pipe_last2b001_p4_k100_s20k:single_P4_late_stage_beta_0.01:seed1:h20000,2,cifar10,single_emulation,4,late_stage_beta_0.01,100,20000,1,completed,deprecated,/eagle/lc-mpi/Zhiqing/polaris_ebm/runs_ablation/A1/A1_single_pipe_last2b001_p4_k100_s20k_20260329_040631,/eagle/lc-mpi/Zhiqing/polaris_ebm/runs_ablation/A1/A1_single_pipe_last2b001_p4_k100_s20k_20260329_040631/checkpoints/ckpt_step9999.pt,10000,Historical exploratory package phase1_screening; exclude from current paper counts.; deduped 2 execution attempts
historical_exploratory,A2,pipe_P2_equal,historical_exploratory:phase1_screening:A2_pipe_uniform_p2_k100_s20k:pipe_P2_equal:seed1:h20000,1,cifar10,strict_pipeline,2,equal,100,20000,1,completed,deprecated,/eagle/lc-mpi/Zhiqing/polaris_ebm/runs_ablation/A2/A2_pipe_uniform_p2_k100_s20k_20260329_145053,/eagle/lc-mpi/Zhiqing/polaris_ebm/runs_ablation/A2/A2_pipe_uniform_p2_k100_s20k_20260329_145053/checkpoints/ckpt_step9999.pt,10000,Historical exploratory package phase1_screening; exclude from current paper counts.
historical_exploratory,A2,pipe_P4_equal,historical_exploratory:phase1_screening:A2_pipe_uniform_p4_k100_s20k:pipe_P4_equal:seed1:h20000,1,cifar10,strict_pipeline,4,equal,100,20000,1,completed,deprecated,/eagle/lc-mpi/Zhiqing/polaris_ebm/runs_ablation/A2/A2_pipe_uniform_p4_k100_s20k_20260329_145053,/eagle/lc-mpi/Zhiqing/polaris_ebm/runs_ablation/A2/A2_pipe_uniform_p4_k100_s20k_20260329_145053/checkpoints/ckpt_step9999.pt,10000,Historical exploratory package phase1_screening; exclude from current paper counts.
historical_exploratory,A2,pipe_P8_equal,historical_exploratory:phase1_screening:A2_pipe_uniform_p8_k100_s20k:pipe_P8_equal:seed1:h20000,1,cifar10,strict_pipeline,8,equal,100,20000,1,completed,deprecated,/eagle/lc-mpi/Zhiqing/polaris_ebm/runs_ablation/A2/A2_pipe_uniform_p8_k100_s20k_20260329_145326,/eagle/lc-mpi/Zhiqing/polaris_ebm/runs_ablation/A2/A2_pipe_uniform_p8_k100_s20k_20260329_145326/checkpoints/ckpt_step9999.pt,10000,Historical exploratory package phase1_screening; exclude from current paper counts.
historical_exploratory,A2,pipe_P2_late_stage_beta_0.01,historical_exploratory:phase1_screening:A2_pipe_last2b001_p2_k100_s20k:pipe_P2_late_stage_beta_0.01:seed1:h20000,1,cifar10,strict_pipeline,2,late_stage_beta_0.01,100,20000,1,completed,deprecated,/eagle/lc-mpi/Zhiqing/polaris_ebm/runs_ablation/A2/A2_pipe_last2b001_p2_k100_s20k_20260329_145053,/eagle/lc-mpi/Zhiqing/polaris_ebm/runs_ablation/A2/A2_pipe_last2b001_p2_k100_s20k_20260329_145053/checkpoints/ckpt_step9999.pt,10000,Historical exploratory package phase1_screening; exclude from current paper counts.
historical_exploratory,A2,pipe_P4_late_stage_beta_0.01,historical_exploratory:phase1_screening:A2_pipe_last2b001_p4_k100_s20k:pipe_P4_late_stage_beta_0.01:seed1:h20000,1,cifar10,strict_pipeline,4,late_stage_beta_0.01,100,20000,1,completed,deprecated,/eagle/lc-mpi/Zhiqing/polaris_ebm/runs_ablation/A2/A2_pipe_last2b001_p4_k100_s20k_20260329_145053,/eagle/lc-mpi/Zhiqing/polaris_ebm/runs_ablation/A2/A2_pipe_last2b001_p4_k100_s20k_20260329_145053/checkpoints/ckpt_step9999.pt,10000,Historical exploratory package phase1_screening; exclude from current paper counts.
historical_exploratory,A2,pipe_P8_late_stage_beta_0.01,historical_exploratory:phase1_screening:A2_pipe_last2b001_p8_k100_s20k:pipe_P8_late_stage_beta_0.01:seed1:h20000,1,cifar10,strict_pipeline,8,late_stage_beta_0.01,100,20000,1,completed,deprecated,/eagle/lc-mpi/Zhiqing/polaris_ebm/runs_ablation/A2/A2_pipe_last2b001_p8_k100_s20k_20260329_145326,/eagle/lc-mpi/Zhiqing/polaris_ebm/runs_ablation/A2/A2_pipe_last2b001_p8_k100_s20k_20260329_145326/checkpoints/ckpt_step9999.pt,10000,Historical exploratory package phase1_screening; exclude from current paper counts.
historical_exploratory,A3,ddp_P1_terminal_K30,historical_exploratory:phase1_screening:A3_ddp_fullk_k30_s20k:ddp_P1_terminal_K30:seed1:h20000,1,cifar10,ddp_strict,0,terminal,30,20000,1,completed,deprecated,/eagle/lc-mpi/Zhiqing/polaris_ebm/runs_ablation/A3/A3_ddp_fullk_k30_s20k_20260329_145447,/eagle/lc-mpi/Zhiqing/polaris_ebm/runs_ablation/A3/A3_ddp_fullk_k30_s20k_20260329_145447/checkpoints/ckpt_step9999.pt,10000,Historical exploratory package phase1_screening; exclude from current paper counts.
historical_exploratory,A3,pipe_P4_late_stage_beta_0.01_K30,historical_exploratory:phase1_screening:A3_pipe_last2b001_p4_k30_s20k:pipe_P4_late_stage_beta_0.01_K30:seed1:h20000,1,cifar10,strict_pipeline,4,late_stage_beta_0.01,30,20000,1,completed,deprecated,/eagle/lc-mpi/Zhiqing/polaris_ebm/runs_ablation/A3/A3_pipe_last2b001_p4_k30_s20k_20260329_145447,/eagle/lc-mpi/Zhiqing/polaris_ebm/runs_ablation/A3/A3_pipe_last2b001_p4_k30_s20k_20260329_145447/checkpoints/ckpt_step9999.pt,10000,Historical exploratory package phase1_screening; exclude from current paper counts.
historical_exploratory,A3,ddp_P1_terminal_K60,historical_exploratory:phase1_screening:A3_ddp_fullk_k60_s20k:ddp_P1_terminal_K60:seed1:h20000,1,cifar10,ddp_strict,0,terminal,60,20000,1,completed,deprecated,/eagle/lc-mpi/Zhiqing/polaris_ebm/runs_ablation/A3/A3_ddp_fullk_k60_s20k_20260329_145447,/eagle/lc-mpi/Zhiqing/polaris_ebm/runs_ablation/A3/A3_ddp_fullk_k60_s20k_20260329_145447/checkpoints/ckpt_step9999.pt,10000,Historical exploratory package phase1_screening; exclude from current paper counts.
historical_exploratory,A3,pipe_P4_late_stage_beta_0.01_K60,historical_exploratory:phase1_screening:A3_pipe_last2b001_p4_k60_s20k:pipe_P4_late_stage_beta_0.01_K60:seed1:h20000,1,cifar10,strict_pipeline,4,late_stage_beta_0.01,60,20000,1,completed,deprecated,/eagle/lc-mpi/Zhiqing/polaris_ebm/runs_ablation/A3/A3_pipe_last2b001_p4_k60_s20k_20260329_145447,/eagle/lc-mpi/Zhiqing/polaris_ebm/runs_ablation/A3/A3_pipe_last2b001_p4_k60_s20k_20260329_145447/checkpoints/ckpt_step9999.pt,10000,Historical exploratory package phase1_screening; exclude from current paper counts.
historical_exploratory,A3,ddp_P1_terminal,historical_exploratory:phase1_screening:A3_ddp_fullk_k100_s20k:ddp_P1_terminal:seed1:h20000,1,cifar10,ddp_strict,0,terminal,100,20000,1,completed,deprecated,/eagle/lc-mpi/Zhiqing/polaris_ebm/runs_ablation/A3/A3_ddp_fullk_k100_s20k_20260329_152523,/eagle/lc-mpi/Zhiqing/polaris_ebm/runs_ablation/A3/A3_ddp_fullk_k100_s20k_20260329_152523/checkpoints/ckpt_step9999.pt,10000,Historical exploratory package phase1_screening; exclude from current paper counts.
historical_exploratory,A3,pipe_P4_late_stage_beta_0.01,historical_exploratory:phase1_screening:A3_pipe_last2b001_p4_k100_s20k:pipe_P4_late_stage_beta_0.01:seed1:h20000,1,cifar10,strict_pipeline,4,late_stage_beta_0.01,100,20000,1,completed,deprecated,/eagle/lc-mpi/Zhiqing/polaris_ebm/runs_ablation/A3/A3_pipe_last2b001_p4_k100_s20k_20260329_152523,/eagle/lc-mpi/Zhiqing/polaris_ebm/runs_ablation/A3/A3_pipe_last2b001_p4_k100_s20k_20260329_152523/checkpoints/ckpt_step9999.pt,10000,Historical exploratory package phase1_screening; exclude from current paper counts.
historical_exploratory,A3,ddp_P1_terminal_K150,historical_exploratory:phase1_screening:A3_ddp_fullk_k150_s20k:ddp_P1_terminal_K150:seed1:h20000,1,cifar10,ddp_strict,0,terminal,150,20000,1,completed,deprecated,/eagle/lc-mpi/Zhiqing/polaris_ebm/runs_ablation/A3/A3_ddp_fullk_k150_s20k_20260329_152523,/eagle/lc-mpi/Zhiqing/polaris_ebm/runs_ablation/A3/A3_ddp_fullk_k150_s20k_20260329_152523/checkpoints/ckpt_step9999.pt,10000,Historical exploratory package phase1_screening; exclude from current paper counts.
historical_exploratory,A3,pipe_P4_late_stage_beta_0.01_K150,historical_exploratory:phase1_screening:A3_pipe_last2b001_p4_k150_s20k:pipe_P4_late_stage_beta_0.01_K150:seed1:h20000,1,cifar10,strict_pipeline,4,late_stage_beta_0.01,150,20000,1,completed,deprecated,/eagle/lc-mpi/Zhiqing/polaris_ebm/runs_ablation/A3/A3_pipe_last2b001_p4_k150_s20k_20260329_152523,/eagle/lc-mpi/Zhiqing/polaris_ebm/runs_ablation/A3/A3_pipe_last2b001_p4_k150_s20k_20260329_152523/checkpoints/ckpt_step9999.pt,10000,Historical exploratory package phase1_screening; exclude from current paper counts.
historical_exploratory,A3,ddp_P1_terminal_K200,historical_exploratory:phase1_screening:A3_ddp_fullk_k200_s20k:ddp_P1_terminal_K200:seed1:h20000,1,cifar10,ddp_strict,0,terminal,200,20000,1,completed,deprecated,/eagle/lc-mpi/Zhiqing/polaris_ebm/runs_ablation/A3/A3_ddp_fullk_k200_s20k_20260329_152523,/eagle/lc-mpi/Zhiqing/polaris_ebm/runs_ablation/A3/A3_ddp_fullk_k200_s20k_20260329_152523/checkpoints/ckpt_step9999.pt,10000,Historical exploratory package phase1_screening; exclude from current paper counts.
historical_exploratory,A3,pipe_P4_late_stage_beta_0.01_K200,historical_exploratory:phase1_screening:A3_pipe_last2b001_p4_k200_s20k:pipe_P4_late_stage_beta_0.01_K200:seed1:h20000,1,cifar10,strict_pipeline,4,late_stage_beta_0.01,200,20000,1,completed,deprecated,/eagle/lc-mpi/Zhiqing/polaris_ebm/runs_ablation/A3/A3_pipe_last2b001_p4_k200_s20k_20260329_152523,/eagle/lc-mpi/Zhiqing/polaris_ebm/runs_ablation/A3/A3_pipe_last2b001_p4_k200_s20k_20260329_152523/checkpoints/ckpt_step9999.pt,10000,Historical exploratory package phase1_screening; exclude from current paper counts.
historical_exploratory,A3,ddp_P1_terminal_K400,historical_exploratory:phase1_screening:A3_ddp_fullk_k400_s20k:ddp_P1_terminal_K400:seed1:h20000,1,cifar10,ddp_strict,0,terminal,400,20000,1,completed,deprecated,/eagle/lc-mpi/Zhiqing/polaris_ebm/runs_ablation/A3/A3_ddp_fullk_k400_s20k_20260329_152523,/eagle/lc-mpi/Zhiqing/polaris_ebm/runs_ablation/A3/A3_ddp_fullk_k400_s20k_20260329_152523/checkpoints/ckpt_step9999.pt,10000,Historical exploratory package phase1_screening; exclude from current paper counts.
historical_exploratory,A3,pipe_P4_late_stage_beta_0.01_K400,historical_exploratory:phase1_screening:A3_pipe_last2b001_p4_k400_s20k:pipe_P4_late_stage_beta_0.01_K400:seed1:h20000,1,cifar10,strict_pipeline,4,late_stage_beta_0.01,400,20000,1,completed,deprecated,/eagle/lc-mpi/Zhiqing/polaris_ebm/runs_ablation/A3/A3_pipe_last2b001_p4_k400_s20k_20260329_160221,/eagle/lc-mpi/Zhiqing/polaris_ebm/runs_ablation/A3/A3_pipe_last2b001_p4_k400_s20k_20260329_160221/checkpoints/ckpt_step9999.pt,10000,Historical exploratory package phase1_screening; exclude from current paper counts.
historical_exploratory,A4,ddp_P1_terminal,historical_exploratory:phase1_screening:A4_ddp_fullk_eps001_k100_s20k:ddp_P1_terminal:seed1:h20000,1,cifar10,ddp_strict,0,terminal,100,20000,1,completed,deprecated,/eagle/lc-mpi/Zhiqing/polaris_ebm/runs_ablation/A4/A4_ddp_fullk_eps001_k100_s20k_20260329_161307,/eagle/lc-mpi/Zhiqing/polaris_ebm/runs_ablation/A4/A4_ddp_fullk_eps001_k100_s20k_20260329_161307/checkpoints/ckpt_step9999.pt,10000,Historical exploratory package phase1_screening; exclude from current paper counts.
historical_exploratory,A4,pipe_P4_late_stage_beta_0.01,historical_exploratory:phase1_screening:A4_pipe_last2b001_p4_eps001_k100_s20k:pipe_P4_late_stage_beta_0.01:seed1:h20000,1,cifar10,strict_pipeline,4,late_stage_beta_0.01,100,20000,1,completed,deprecated,/eagle/lc-mpi/Zhiqing/polaris_ebm/runs_ablation/A4/A4_pipe_last2b001_p4_eps001_k100_s20k_20260329_161307,/eagle/lc-mpi/Zhiqing/polaris_ebm/runs_ablation/A4/A4_pipe_last2b001_p4_eps001_k100_s20k_20260329_161307/checkpoints/ckpt_step9999.pt,10000,Historical exploratory package phase1_screening; exclude from current paper counts.
historical_exploratory,A4,ddp_P1_terminal,historical_exploratory:phase1_screening:A4_ddp_fullk_eps002_k100_s20k:ddp_P1_terminal:seed1:h20000,1,cifar10,ddp_strict,0,terminal,100,20000,1,completed,deprecated,/eagle/lc-mpi/Zhiqing/polaris_ebm/runs_ablation/A4/A4_ddp_fullk_eps002_k100_s20k_20260329_161307,/eagle/lc-mpi/Zhiqing/polaris_ebm/runs_ablation/A4/A4_ddp_fullk_eps002_k100_s20k_20260329_161307/checkpoints/ckpt_step9999.pt,10000,Historical exploratory package phase1_screening; exclude from current paper counts.
historical_exploratory,A4,pipe_P4_late_stage_beta_0.01,historical_exploratory:phase1_screening:A4_pipe_last2b001_p4_eps002_k100_s20k:pipe_P4_late_stage_beta_0.01:seed1:h20000,1,cifar10,strict_pipeline,4,late_stage_beta_0.01,100,20000,1,completed,deprecated,/eagle/lc-mpi/Zhiqing/polaris_ebm/runs_ablation/A4/A4_pipe_last2b001_p4_eps002_k100_s20k_20260329_161307,/eagle/lc-mpi/Zhiqing/polaris_ebm/runs_ablation/A4/A4_pipe_last2b001_p4_eps002_k100_s20k_20260329_161307/checkpoints/ckpt_step9999.pt,10000,Historical exploratory package phase1_screening; exclude from current paper counts.
historical_exploratory,A4,ddp_P1_terminal,historical_exploratory:phase1_screening:A4_ddp_fullk_eps005_k100_s20k:ddp_P1_terminal:seed1:h20000,2,cifar10,ddp_strict,0,terminal,100,20000,1,completed,deprecated,/eagle/lc-mpi/Zhiqing/polaris_ebm/runs_ablation/A4/A4_ddp_fullk_eps005_k100_s20k_20260330_031604,/eagle/lc-mpi/Zhiqing/polaris_ebm/runs_ablation/A4/A4_ddp_fullk_eps005_k100_s20k_20260330_031604/checkpoints/ckpt_step9999.pt,10000,Historical exploratory package phase1_screening; exclude from current paper counts.; deduped 2 execution attempts
historical_exploratory,A4,pipe_P4_late_stage_beta_0.01,historical_exploratory:phase1_screening:A4_pipe_last2b001_p4_eps005_k100_s20k:pipe_P4_late_stage_beta_0.01:seed1:h20000,1,cifar10,strict_pipeline,4,late_stage_beta_0.01,100,20000,1,completed,deprecated,/eagle/lc-mpi/Zhiqing/polaris_ebm/runs_ablation/A4/A4_pipe_last2b001_p4_eps005_k100_s20k_20260329_162236,/eagle/lc-mpi/Zhiqing/polaris_ebm/runs_ablation/A4/A4_pipe_last2b001_p4_eps005_k100_s20k_20260329_162236/checkpoints/ckpt_step9999.pt,10000,Historical exploratory package phase1_screening; exclude from current paper counts.
historical_exploratory,A4,ddp_P1_terminal,historical_exploratory:phase1_screening:A4_ddp_fullk_eps010_k100_s20k:ddp_P1_terminal:seed1:h20000,1,cifar10,ddp_strict,0,terminal,100,20000,1,completed,deprecated,/eagle/lc-mpi/Zhiqing/polaris_ebm/runs_ablation/A4/A4_ddp_fullk_eps010_k100_s20k_20260329_162236,/eagle/lc-mpi/Zhiqing/polaris_ebm/runs_ablation/A4/A4_ddp_fullk_eps010_k100_s20k_20260329_162236/checkpoints/ckpt_step9999.pt,10000,Historical exploratory package phase1_screening; exclude from current paper counts.
historical_exploratory,A4,pipe_P4_late_stage_beta_0.01,historical_exploratory:phase1_screening:A4_pipe_last2b001_p4_eps010_k100_s20k:pipe_P4_late_stage_beta_0.01:seed1:h20000,1,cifar10,strict_pipeline,4,late_stage_beta_0.01,100,20000,1,completed,deprecated,/eagle/lc-mpi/Zhiqing/polaris_ebm/runs_ablation/A4/A4_pipe_last2b001_p4_eps010_k100_s20k_20260329_164242,/eagle/lc-mpi/Zhiqing/polaris_ebm/runs_ablation/A4/A4_pipe_last2b001_p4_eps010_k100_s20k_20260329_164242/checkpoints/ckpt_step9999.pt,10000,Historical exploratory package phase1_screening; exclude from current paper counts.
historical_exploratory,A4,ddp_P1_terminal,historical_exploratory:phase1_screening:A4_ddp_fullk_eps020_k100_s20k:ddp_P1_terminal:seed1:h20000,1,cifar10,ddp_strict,0,terminal,100,20000,1,completed,deprecated,/eagle/lc-mpi/Zhiqing/polaris_ebm/runs_ablation/A4/A4_ddp_fullk_eps020_k100_s20k_20260329_164242,/eagle/lc-mpi/Zhiqing/polaris_ebm/runs_ablation/A4/A4_ddp_fullk_eps020_k100_s20k_20260329_164242/checkpoints/ckpt_step9999.pt,10000,Historical exploratory package phase1_screening; exclude from current paper counts.
historical_exploratory,A4,pipe_P4_late_stage_beta_0.01,historical_exploratory:phase1_screening:A4_pipe_last2b001_p4_eps020_k100_s20k:pipe_P4_late_stage_beta_0.01:seed1:h20000,1,cifar10,strict_pipeline,4,late_stage_beta_0.01,100,20000,1,completed,deprecated,/eagle/lc-mpi/Zhiqing/polaris_ebm/runs_ablation/A4/A4_pipe_last2b001_p4_eps020_k100_s20k_20260329_164242,/eagle/lc-mpi/Zhiqing/polaris_ebm/runs_ablation/A4/A4_pipe_last2b001_p4_eps020_k100_s20k_20260329_164242/checkpoints/ckpt_step9999.pt,10000,Historical exploratory package phase1_screening; exclude from current paper counts.
historical_exploratory,P2A0,single_P1_terminal,historical_exploratory:phase2_screening:single_fullk_K100_seed1_300k:single_P1_terminal:seed1:h300000,0,cifar10,single_strict,1,terminal,100,300000,1,missing,deprecated,/eagle/lc-mpi/Zhiqing/polaris_ebm/runs_baseline/orig_single_semantics_fid_s300000_K100_20260324_001055,,,Historical exploratory package phase2_screening; exclude from current paper counts.
historical_exploratory,P2A0,ddp_P1_terminal,historical_exploratory:phase2_screening:ddp_fullk_K100_seed1_300k:ddp_P1_terminal:seed1:h300000,0,cifar10,ddp_strict,0,terminal,100,300000,1,missing,deprecated,/eagle/lc-mpi/Zhiqing/polaris_ebm/runs_dual/modea_fullk_align128/ddp_fullk_s300k_seed1_syncinit_20260324_165322,,,Historical exploratory package phase2_screening; exclude from current paper counts.
historical_exploratory,P2A0,pipe_P4_late_stage_beta_0.01,historical_exploratory:phase2_screening:pipe_strict_P4_K100_beta001_lr1e4_seed1_300k:pipe_P4_late_stage_beta_0.01:seed1:h300000,0,cifar10,strict_pipeline,4,late_stage_beta_0.01,100,300000,1,missing,deprecated,/eagle/lc-mpi/Zhiqing/polaris_ebm/runs_pipeline_strict/pipeline_strict_s300k_b001_lr1e-4_seed1_syncinit_20260324_165322,,,Historical exploratory package phase2_screening; exclude from current paper counts.
historical_exploratory,M1,ddp_P1_terminal,historical_exploratory:phase2_screening:ddp_fullk_K100_seed2_300k:ddp_P1_terminal:seed2:h300000,1,cifar10,ddp_strict,0,terminal,100,300000,2,completed,deprecated,/eagle/lc-mpi/Zhiqing/polaris_ebm/runs_ablation_phase2/M1/ddp_fullk_K100_seed2_300k_20260329_170437,/eagle/lc-mpi/Zhiqing/polaris_ebm/runs_ablation_phase2/M1/ddp_fullk_K100_seed2_300k_20260329_170437/checkpoints/ckpt_step99999.pt,100000,Historical exploratory package phase2_screening; exclude from current paper counts.
historical_exploratory,M1,pipe_P4_late_stage_beta_0.01,historical_exploratory:phase2_screening:pipe_strict_P4_K100_beta001_lr1e4_seed2_300k:pipe_P4_late_stage_beta_0.01:seed2:h300000,1,cifar10,strict_pipeline,4,late_stage_beta_0.01,100,300000,2,completed,deprecated,/eagle/lc-mpi/Zhiqing/polaris_ebm/runs_ablation_phase2/M1/pipe_strict_P4_K100_beta001_lr1e4_seed2_300k_20260329_170437,/eagle/lc-mpi/Zhiqing/polaris_ebm/runs_ablation_phase2/M1/pipe_strict_P4_K100_beta001_lr1e4_seed2_300k_20260329_170437/checkpoints/ckpt_step99999.pt,100000,Historical exploratory package phase2_screening; exclude from current paper counts.
historical_exploratory,M1,ddp_P1_terminal,historical_exploratory:phase2_screening:ddp_fullk_K100_seed3_300k:ddp_P1_terminal:seed3:h300000,1,cifar10,ddp_strict,0,terminal,100,300000,3,completed,deprecated,/eagle/lc-mpi/Zhiqing/polaris_ebm/runs_ablation_phase2/M1/ddp_fullk_K100_seed3_300k_20260331_024324,/eagle/lc-mpi/Zhiqing/polaris_ebm/runs_ablation_phase2/M1/ddp_fullk_K100_seed3_300k_20260331_024324/checkpoints/ckpt_step99999.pt,100000,Historical exploratory package phase2_screening; exclude from current paper counts.
historical_exploratory,M1,pipe_P4_late_stage_beta_0.01,historical_exploratory:phase2_screening:pipe_strict_P4_K100_beta001_lr1e4_seed3_300k:pipe_P4_late_stage_beta_0.01:seed3:h300000,1,cifar10,strict_pipeline,4,late_stage_beta_0.01,100,300000,3,completed,deprecated,/eagle/lc-mpi/Zhiqing/polaris_ebm/runs_ablation_phase2/M1/pipe_strict_P4_K100_beta001_lr1e4_seed3_300k_20260331_024324,/eagle/lc-mpi/Zhiqing/polaris_ebm/runs_ablation_phase2/M1/pipe_strict_P4_K100_beta001_lr1e4_seed3_300k_20260331_024324/checkpoints/ckpt_step99999.pt,100000,Historical exploratory package phase2_screening; exclude from current paper counts.
historical_exploratory,M2,ddp_P1_terminal_K400,historical_exploratory:phase2_screening:ddp_fullk_K400_seed1_300k:ddp_P1_terminal_K400:seed1:h300000,1,cifar10,ddp_strict,0,terminal,400,300000,1,completed,deprecated,/eagle/lc-mpi/Zhiqing/polaris_ebm/runs_ablation_phase2/M2/ddp_fullk_K400_seed1_300k_20260329_170437,/eagle/lc-mpi/Zhiqing/polaris_ebm/runs_ablation_phase2/M2/ddp_fullk_K400_seed1_300k_20260329_170437/checkpoints/ckpt_step99999.pt,100000,Historical exploratory package phase2_screening; exclude from current paper counts.
historical_exploratory,M2,pipe_P4_late_stage_beta_0.01_K400,historical_exploratory:phase2_screening:pipe_strict_P4_K400_beta001_lr1e4_seed1_300k:pipe_P4_late_stage_beta_0.01_K400:seed1:h300000,1,cifar10,strict_pipeline,4,late_stage_beta_0.01,400,300000,1,completed,deprecated,/eagle/lc-mpi/Zhiqing/polaris_ebm/runs_ablation_phase2/M2/pipe_strict_P4_K400_beta001_lr1e4_seed1_300k_20260329_170437,/eagle/lc-mpi/Zhiqing/polaris_ebm/runs_ablation_phase2/M2/pipe_strict_P4_K400_beta001_lr1e4_seed1_300k_20260329_170437/checkpoints/ckpt_step99999.pt,100000,Historical exploratory package phase2_screening; exclude from current paper counts.
historical_exploratory,S1,single_P4_deepest,historical_exploratory:phase2_screening:single_pipe_emul_P4_K100_deep_seed1_300k:single_P4_deepest:seed1:h300000,1,cifar10,single_emulation,4,deepest,100,300000,1,completed,deprecated,/eagle/lc-mpi/Zhiqing/polaris_ebm/runs_ablation_phase2/S1/single_pipe_emul_P4_K100_deep_seed1_300k_20260329_170437,/eagle/lc-mpi/Zhiqing/polaris_ebm/runs_ablation_phase2/S1/single_pipe_emul_P4_K100_deep_seed1_300k_20260329_170437/checkpoints/ckpt_step99999.pt,100000,Historical exploratory package phase2_screening; exclude from current paper counts.
historical_exploratory,S1,single_P4_late_stage_beta_0.01,historical_exploratory:phase2_screening:single_pipe_emul_P4_K100_beta001_seed1_300k:single_P4_late_stage_beta_0.01:seed1:h300000,1,cifar10,single_emulation,4,late_stage_beta_0.01,100,300000,1,completed,deprecated,/eagle/lc-mpi/Zhiqing/polaris_ebm/runs_ablation_phase2/S1/single_pipe_emul_P4_K100_beta001_seed1_300k_20260329_170437,/eagle/lc-mpi/Zhiqing/polaris_ebm/runs_ablation_phase2/S1/single_pipe_emul_P4_K100_beta001_seed1_300k_20260329_170437/checkpoints/ckpt_step99999.pt,100000,Historical exploratory package phase2_screening; exclude from current paper counts.
historical_exploratory,S2,pipe_P2_late_stage_beta_0.01,historical_exploratory:phase2_screening:pipe_strict_P2_K100_beta001_lr1e4_seed1_300k:pipe_P2_late_stage_beta_0.01:seed1:h300000,1,cifar10,strict_pipeline,2,late_stage_beta_0.01,100,300000,1,completed,deprecated,/eagle/lc-mpi/Zhiqing/polaris_ebm/runs_ablation_phase2/S2/pipe_strict_P2_K100_beta001_lr1e4_seed1_300k_20260329_170437,/eagle/lc-mpi/Zhiqing/polaris_ebm/runs_ablation_phase2/S2/pipe_strict_P2_K100_beta001_lr1e4_seed1_300k_20260329_170437/checkpoints/ckpt_step99999.pt,100000,Historical exploratory package phase2_screening; exclude from current paper counts.
historical_exploratory,S2,pipe_P8_late_stage_beta_0.01,historical_exploratory:phase2_screening:pipe_strict_P8_K100_beta001_lr1e4_seed1_300k:pipe_P8_late_stage_beta_0.01:seed1:h300000,1,cifar10,strict_pipeline,8,late_stage_beta_0.01,100,300000,1,completed,deprecated,/eagle/lc-mpi/Zhiqing/polaris_ebm/runs_ablation_phase2/S2/pipe_strict_P8_K100_beta001_lr1e4_seed1_300k_20260329_170437,/eagle/lc-mpi/Zhiqing/polaris_ebm/runs_ablation_phase2/S2/pipe_strict_P8_K100_beta001_lr1e4_seed1_300k_20260329_170437/checkpoints/ckpt_step99999.pt,100000,Historical exploratory package phase2_screening; exclude from current paper counts.
historical_exploratory,P500K,single_P1_terminal,historical_exploratory:mainline_500k:single_fullk_K100_seed1_500k:single_P1_terminal:seed1:h500000,2,cifar10,single_strict,1,terminal,100,500000,1,completed,deprecated,/eagle/lc-mpi/Zhiqing/polaris_ebm/runs_ablation_500k/P500K/single_fullk_K100_seed1_500k_resume_20260401_152616,/eagle/lc-mpi/Zhiqing/polaris_ebm/runs_ablation_500k/P500K/single_fullk_K100_seed1_500k_resume_20260401_152616/checkpoints/ckpt_step499999.pt,500000,Historical exploratory package mainline_500k; exclude from current paper counts.; deduped 2 execution attempts
historical_exploratory,P500K,ddp_P1_terminal,historical_exploratory:mainline_500k:ddp_fullk_K100_seed1_500k:ddp_P1_terminal:seed1:h500000,2,cifar10,ddp_strict,0,terminal,100,500000,1,completed,deprecated,/eagle/lc-mpi/Zhiqing/polaris_ebm/runs_ablation_500k/P500K/ddp_fullk_K100_seed1_500k_resume_20260401_152616,/eagle/lc-mpi/Zhiqing/polaris_ebm/runs_ablation_500k/P500K/ddp_fullk_K100_seed1_500k_resume_20260401_152616/checkpoints/ckpt_step499999.pt,500000,Historical exploratory package mainline_500k; exclude from current paper counts.; deduped 2 execution attempts
historical_exploratory,P500K,ddp_P1_terminal,historical_exploratory:mainline_500k:ddp_fullk_K100_seed2_500k:ddp_P1_terminal:seed2:h500000,2,cifar10,ddp_strict,0,terminal,100,500000,2,completed,deprecated,/eagle/lc-mpi/Zhiqing/polaris_ebm/runs_ablation_500k/P500K/ddp_fullk_K100_seed2_500k_resume_20260401_152616,/eagle/lc-mpi/Zhiqing/polaris_ebm/runs_ablation_500k/P500K/ddp_fullk_K100_seed2_500k_resume_20260401_152616/checkpoints/ckpt_step499999.pt,500000,Historical exploratory package mainline_500k; exclude from current paper counts.; deduped 2 execution attempts
historical_exploratory,P500K,ddp_P1_terminal,historical_exploratory:mainline_500k:ddp_fullk_K100_seed3_500k:ddp_P1_terminal:seed3:h500000,2,cifar10,ddp_strict,0,terminal,100,500000,3,completed,deprecated,/eagle/lc-mpi/Zhiqing/polaris_ebm/runs_ablation_500k/P500K/ddp_fullk_K100_seed3_500k_resume_20260401_152616,/eagle/lc-mpi/Zhiqing/polaris_ebm/runs_ablation_500k/P500K/ddp_fullk_K100_seed3_500k_resume_20260401_152616/checkpoints/ckpt_step499999.pt,500000,Historical exploratory package mainline_500k; exclude from current paper counts.; deduped 2 execution attempts
historical_exploratory,P500K,pipe_P4_late_stage_beta_0.01,historical_exploratory:mainline_500k:pipe_strict_P4_K100_beta001_lr1e4_seed1_500k:pipe_P4_late_stage_beta_0.01:seed1:h500000,1,cifar10,strict_pipeline,4,late_stage_beta_0.01,100,500000,1,completed,deprecated,/eagle/lc-mpi/Zhiqing/polaris_ebm/runs_ablation_500k/P500K/pipe_strict_P4_K100_beta001_lr1e4_seed1_500k_20260331_214126,/eagle/lc-mpi/Zhiqing/polaris_ebm/runs_ablation_500k/P500K/pipe_strict_P4_K100_beta001_lr1e4_seed1_500k_20260331_214126/checkpoints/ckpt_step99999.pt,100000,Historical exploratory package mainline_500k; exclude from current paper counts.
historical_exploratory,P500K,pipe_P4_late_stage_beta_0.01,historical_exploratory:mainline_500k:pipe_strict_P4_K100_beta001_lr1e4_seed2_500k:pipe_P4_late_stage_beta_0.01:seed2:h500000,1,cifar10,strict_pipeline,4,late_stage_beta_0.01,100,500000,2,completed,deprecated,/eagle/lc-mpi/Zhiqing/polaris_ebm/runs_ablation_500k/P500K/pipe_strict_P4_K100_beta001_lr1e4_seed2_500k_20260331_214126,/eagle/lc-mpi/Zhiqing/polaris_ebm/runs_ablation_500k/P500K/pipe_strict_P4_K100_beta001_lr1e4_seed2_500k_20260331_214126/checkpoints/ckpt_step99999.pt,100000,Historical exploratory package mainline_500k; exclude from current paper counts.
historical_exploratory,P500K,pipe_P4_late_stage_beta_0.01,historical_exploratory:mainline_500k:pipe_strict_P4_K100_beta001_lr1e4_seed3_500k:pipe_P4_late_stage_beta_0.01:seed3:h500000,1,cifar10,strict_pipeline,4,late_stage_beta_0.01,100,500000,3,completed,deprecated,/eagle/lc-mpi/Zhiqing/polaris_ebm/runs_ablation_500k/P500K/pipe_strict_P4_K100_beta001_lr1e4_seed3_500k_20260331_214126,/eagle/lc-mpi/Zhiqing/polaris_ebm/runs_ablation_500k/P500K/pipe_strict_P4_K100_beta001_lr1e4_seed3_500k_20260331_214126/checkpoints/ckpt_step99999.pt,100000,Historical exploratory package mainline_500k; exclude from current paper counts.
historical_exploratory,E1,ddp_P1_terminal,historical_exploratory:pipeline_then_weighting:E1_ddp_fullk_K100_s300k:ddp_P1_terminal:seed1:h300000,1,cifar10,ddp_strict,1,terminal,,300000,1,completed,deprecated,/eagle/lc-mpi/Zhiqing/polaris_ebm/runs_pipeline_then_weighting/E1/E1_ddp_fullk_K100_s300k_20260405_003358,/eagle/lc-mpi/Zhiqing/polaris_ebm/runs_pipeline_then_weighting/E1/E1_ddp_fullk_K100_s300k_20260405_003358/checkpoints/ckpt_step99999.pt,300000,Historical exploratory package pipeline_then_weighting; exclude from current paper counts.
historical_exploratory,E1,pipe_P16_deepest,historical_exploratory:pipeline_then_weighting:E1_pipe_strict_P16_deep_K100_s300k:pipe_P16_deepest:seed1:h300000,1,cifar10,strict_pipeline,16,deepest,,300000,1,missing,deprecated,/eagle/lc-mpi/Zhiqing/polaris_ebm/runs_pipeline_then_weighting/E1/E1_pipe_strict_P16_deep_K100_s300k_20260404_150351,,,Historical exploratory package pipeline_then_weighting; exclude from current paper counts.
historical_exploratory,E1,pipe_P2_deepest,historical_exploratory:pipeline_then_weighting:E1_pipe_strict_P2_deep_K100_s300k:pipe_P2_deepest:seed1:h300000,1,cifar10,strict_pipeline,2,deepest,,300000,1,missing,deprecated,/eagle/lc-mpi/Zhiqing/polaris_ebm/runs_pipeline_then_weighting/E1/E1_pipe_strict_P2_deep_K100_s300k_20260404_150351,,,Historical exploratory package pipeline_then_weighting; exclude from current paper counts.
historical_exploratory,E1,pipe_P4_deepest,historical_exploratory:pipeline_then_weighting:E1_pipe_strict_P4_deep_K100_s300k:pipe_P4_deepest:seed1:h300000,1,cifar10,strict_pipeline,4,deepest,,300000,1,missing,deprecated,/eagle/lc-mpi/Zhiqing/polaris_ebm/runs_pipeline_then_weighting/E1/E1_pipe_strict_P4_deep_K100_s300k_20260404_150351,,,Historical exploratory package pipeline_then_weighting; exclude from current paper counts.
historical_exploratory,E1,pipe_P8_deepest,historical_exploratory:pipeline_then_weighting:E1_pipe_strict_P8_deep_K100_s300k:pipe_P8_deepest:seed1:h300000,1,cifar10,strict_pipeline,8,deepest,,300000,1,missing,deprecated,/eagle/lc-mpi/Zhiqing/polaris_ebm/runs_pipeline_then_weighting/E1/E1_pipe_strict_P8_deep_K100_s300k_20260404_150351,,,Historical exploratory package pipeline_then_weighting; exclude from current paper counts.
historical_exploratory,E1,single_P1_terminal,historical_exploratory:pipeline_then_weighting:E1_single_fullk_K100_s300k:single_P1_terminal:seed1:h300000,2,cifar10,single_strict,1,terminal,,300000,1,completed,deprecated,/lus/eagle/projects/lc-mpi/Zhiqing/polaris_ebm/runs_pipeline_then_weighting/E1/E1_single_fullk_K100_s300k_local_20260404_151327,/lus/eagle/projects/lc-mpi/Zhiqing/polaris_ebm/runs_pipeline_then_weighting/E1/E1_single_fullk_K100_s300k_local_20260404_151327/checkpoints/ckpt_step99999.pt,300000,Historical exploratory package pipeline_then_weighting; exclude from current paper counts.; deduped 2 execution attempts
historical_exploratory,E1,single_P16_deepest,historical_exploratory:pipeline_then_weighting:E1_single_pipe_emul_P16_deep_K100_s300k:single_P16_deepest:seed1:h300000,1,cifar10,single_emulation,16,deepest,,300000,1,missing,deprecated,/eagle/lc-mpi/Zhiqing/polaris_ebm/runs_pipeline_then_weighting/E1/E1_single_pipe_emul_P16_deep_K100_s300k_20260404_150351,,,Historical exploratory package pipeline_then_weighting; exclude from current paper counts.
historical_exploratory,E1,single_P2_deepest,historical_exploratory:pipeline_then_weighting:E1_single_pipe_emul_P2_deep_K100_s300k:single_P2_deepest:seed1:h300000,1,cifar10,single_emulation,2,deepest,,300000,1,completed,deprecated,/eagle/lc-mpi/Zhiqing/polaris_ebm/runs_pipeline_then_weighting/E1/E1_single_pipe_emul_P2_deep_K100_s300k_20260405_003358,/eagle/lc-mpi/Zhiqing/polaris_ebm/runs_pipeline_then_weighting/E1/E1_single_pipe_emul_P2_deep_K100_s300k_20260405_003358/checkpoints/ckpt_step99999.pt,300000,Historical exploratory package pipeline_then_weighting; exclude from current paper counts.
historical_exploratory,E1,single_P4_deepest,historical_exploratory:pipeline_then_weighting:E1_single_pipe_emul_P4_deep_K100_s300k:single_P4_deepest:seed1:h300000,1,cifar10,single_emulation,4,deepest,,300000,1,missing,deprecated,/lus/eagle/projects/lc-mpi/Zhiqing/polaris_ebm/runs_pipeline_then_weighting/E1/E1_single_pipe_emul_P4_deep_K100_s300k_local_20260404_151327,/lus/eagle/projects/lc-mpi/Zhiqing/polaris_ebm/runs_pipeline_then_weighting/E1/E1_single_pipe_emul_P4_deep_K100_s300k_local_20260404_151327/checkpoints/ckpt_step99999.pt,300000,Historical exploratory package pipeline_then_weighting; exclude from current paper counts.
historical_exploratory,E1,single_P8_deepest,historical_exploratory:pipeline_then_weighting:E1_single_pipe_emul_P8_deep_K100_s300k:single_P8_deepest:seed1:h300000,1,cifar10,single_emulation,8,deepest,,300000,1,missing,deprecated,/eagle/lc-mpi/Zhiqing/polaris_ebm/runs_pipeline_then_weighting/E1/E1_single_pipe_emul_P8_deep_K100_s300k_20260404_150351,,,Historical exploratory package pipeline_then_weighting; exclude from current paper counts.
historical_exploratory,E2,pipe_P4_deepest,historical_exploratory:pipeline_then_weighting:E2_pipe_strict_deep_P4_K100_s300k:pipe_P4_deepest:seed1:h300000,1,cifar10,strict_pipeline,4,deepest,,300000,1,completed,deprecated,/eagle/lc-mpi/Zhiqing/polaris_ebm/runs_pipeline_then_weighting/E2/E2_pipe_strict_deep_P4_K100_s300k_20260405_003926,/eagle/lc-mpi/Zhiqing/polaris_ebm/runs_pipeline_then_weighting/E2/E2_pipe_strict_deep_P4_K100_s300k_20260405_003926/checkpoints/ckpt_step99999.pt,300000,Historical exploratory package pipeline_then_weighting; exclude from current paper counts.
historical_exploratory,E2,pipe_P4_late_stage_beta_0.005,historical_exploratory:pipeline_then_weighting:E2_pipe_strict_last2b0005_P4_K100_s300k:pipe_P4_late_stage_beta_0.005:seed1:h300000,1,cifar10,strict_pipeline,4,late_stage_beta_0.005,,300000,1,completed,deprecated,/eagle/lc-mpi/Zhiqing/polaris_ebm/runs_pipeline_then_weighting/E2/E2_pipe_strict_last2b0005_P4_K100_s300k_20260405_003926,/eagle/lc-mpi/Zhiqing/polaris_ebm/runs_pipeline_then_weighting/E2/E2_pipe_strict_last2b0005_P4_K100_s300k_20260405_003926/checkpoints/ckpt_step99999.pt,300000,Historical exploratory package pipeline_then_weighting; exclude from current paper counts.
historical_exploratory,E2,pipe_P4_late_stage_beta_0.01,historical_exploratory:pipeline_then_weighting:E2_pipe_strict_last2b001_P4_K100_s300k:pipe_P4_late_stage_beta_0.01:seed1:h300000,1,cifar10,strict_pipeline,4,late_stage_beta_0.01,,300000,1,completed,deprecated,/eagle/lc-mpi/Zhiqing/polaris_ebm/runs_pipeline_then_weighting/E2/E2_pipe_strict_last2b001_P4_K100_s300k_20260405_003926,/eagle/lc-mpi/Zhiqing/polaris_ebm/runs_pipeline_then_weighting/E2/E2_pipe_strict_last2b001_P4_K100_s300k_20260405_003926/checkpoints/ckpt_step99999.pt,300000,Historical exploratory package pipeline_then_weighting; exclude from current paper counts.
historical_exploratory,E2,pipe_P4_late_stage_beta_0.02,historical_exploratory:pipeline_then_weighting:E2_pipe_strict_last2b002_P4_K100_s300k:pipe_P4_late_stage_beta_0.02:seed1:h300000,1,cifar10,strict_pipeline,4,late_stage_beta_0.02,,300000,1,completed,deprecated,/eagle/lc-mpi/Zhiqing/polaris_ebm/runs_pipeline_then_weighting/E2/E2_pipe_strict_last2b002_P4_K100_s300k_20260405_003926,/eagle/lc-mpi/Zhiqing/polaris_ebm/runs_pipeline_then_weighting/E2/E2_pipe_strict_last2b002_P4_K100_s300k_20260405_003926/checkpoints/ckpt_step99999.pt,300000,Historical exploratory package pipeline_then_weighting; exclude from current paper counts.
historical_exploratory,E2,pipe_P4_late_stage_beta_0.03,historical_exploratory:pipeline_then_weighting:E2_pipe_strict_last2b003_P4_K100_s300k:pipe_P4_late_stage_beta_0.03:seed1:h300000,1,cifar10,strict_pipeline,4,late_stage_beta_0.03,,300000,1,completed,deprecated,/eagle/lc-mpi/Zhiqing/polaris_ebm/runs_pipeline_then_weighting/E2/E2_pipe_strict_last2b003_P4_K100_s300k_20260405_003926,/eagle/lc-mpi/Zhiqing/polaris_ebm/runs_pipeline_then_weighting/E2/E2_pipe_strict_last2b003_P4_K100_s300k_20260405_003926/checkpoints/ckpt_step99999.pt,300000,Historical exploratory package pipeline_then_weighting; exclude from current paper counts.
historical_exploratory,E2,pipe_P4_late_stage_beta_0.05,historical_exploratory:pipeline_then_weighting:E2_pipe_strict_last2b005_P4_K100_s300k:pipe_P4_late_stage_beta_0.05:seed1:h300000,1,cifar10,strict_pipeline,4,late_stage_beta_0.05,,300000,1,completed,deprecated,/eagle/lc-mpi/Zhiqing/polaris_ebm/runs_pipeline_then_weighting/E2/E2_pipe_strict_last2b005_P4_K100_s300k_20260405_003926,/eagle/lc-mpi/Zhiqing/polaris_ebm/runs_pipeline_then_weighting/E2/E2_pipe_strict_last2b005_P4_K100_s300k_20260405_003926/checkpoints/ckpt_step99999.pt,300000,Historical exploratory package pipeline_then_weighting; exclude from current paper counts.
historical_exploratory,E2,pipe_P4_equal,historical_exploratory:pipeline_then_weighting:E2_pipe_strict_uniform_P4_K100_s300k:pipe_P4_equal:seed1:h300000,1,cifar10,strict_pipeline,4,equal,,300000,1,completed,deprecated,/eagle/lc-mpi/Zhiqing/polaris_ebm/runs_pipeline_then_weighting/E2/E2_pipe_strict_uniform_P4_K100_s300k_20260405_003926,/eagle/lc-mpi/Zhiqing/polaris_ebm/runs_pipeline_then_weighting/E2/E2_pipe_strict_uniform_P4_K100_s300k_20260405_003926/checkpoints/ckpt_step99999.pt,300000,Historical exploratory package pipeline_then_weighting; exclude from current paper counts.
historical_exploratory,E2,single_P4_deepest,historical_exploratory:pipeline_then_weighting:E2_single_pipe_emul_deep_P4_K100_s300k:single_P4_deepest:seed1:h300000,1,cifar10,single_emulation,4,deepest,,300000,1,completed,deprecated,/eagle/lc-mpi/Zhiqing/polaris_ebm/runs_pipeline_then_weighting/E2/E2_single_pipe_emul_deep_P4_K100_s300k_20260405_003926,/eagle/lc-mpi/Zhiqing/polaris_ebm/runs_pipeline_then_weighting/E2/E2_single_pipe_emul_deep_P4_K100_s300k_20260405_003926/checkpoints/ckpt_step99999.pt,300000,Historical exploratory package pipeline_then_weighting; exclude from current paper counts.
historical_exploratory,E2,single_P4_late_stage_beta_0.005,historical_exploratory:pipeline_then_weighting:E2_single_pipe_emul_last2b0005_P4_K100_s300k:single_P4_late_stage_beta_0.005:seed1:h300000,1,cifar10,single_emulation,4,late_stage_beta_0.005,,300000,1,completed,deprecated,/eagle/lc-mpi/Zhiqing/polaris_ebm/runs_pipeline_then_weighting/E2/E2_single_pipe_emul_last2b0005_P4_K100_s300k_20260405_003926,/eagle/lc-mpi/Zhiqing/polaris_ebm/runs_pipeline_then_weighting/E2/E2_single_pipe_emul_last2b0005_P4_K100_s300k_20260405_003926/checkpoints/ckpt_step99999.pt,300000,Historical exploratory package pipeline_then_weighting; exclude from current paper counts.
historical_exploratory,E2,single_P4_late_stage_beta_0.01,historical_exploratory:pipeline_then_weighting:E2_single_pipe_emul_last2b001_P4_K100_s300k:single_P4_late_stage_beta_0.01:seed1:h300000,1,cifar10,single_emulation,4,late_stage_beta_0.01,,300000,1,completed,deprecated,/eagle/lc-mpi/Zhiqing/polaris_ebm/runs_pipeline_then_weighting/E2/E2_single_pipe_emul_last2b001_P4_K100_s300k_20260405_003926,/eagle/lc-mpi/Zhiqing/polaris_ebm/runs_pipeline_then_weighting/E2/E2_single_pipe_emul_last2b001_P4_K100_s300k_20260405_003926/checkpoints/ckpt_step99999.pt,300000,Historical exploratory package pipeline_then_weighting; exclude from current paper counts.
historical_exploratory,E2,single_P4_late_stage_beta_0.02,historical_exploratory:pipeline_then_weighting:E2_single_pipe_emul_last2b002_P4_K100_s300k:single_P4_late_stage_beta_0.02:seed1:h300000,1,cifar10,single_emulation,4,late_stage_beta_0.02,,300000,1,completed,deprecated,/eagle/lc-mpi/Zhiqing/polaris_ebm/runs_pipeline_then_weighting/E2/E2_single_pipe_emul_last2b002_P4_K100_s300k_20260405_003926,/eagle/lc-mpi/Zhiqing/polaris_ebm/runs_pipeline_then_weighting/E2/E2_single_pipe_emul_last2b002_P4_K100_s300k_20260405_003926/checkpoints/ckpt_step99999.pt,300000,Historical exploratory package pipeline_then_weighting; exclude from current paper counts.
historical_exploratory,E2,single_P4_late_stage_beta_0.03,historical_exploratory:pipeline_then_weighting:E2_single_pipe_emul_last2b003_P4_K100_s300k:single_P4_late_stage_beta_0.03:seed1:h300000,1,cifar10,single_emulation,4,late_stage_beta_0.03,,300000,1,completed,deprecated,/eagle/lc-mpi/Zhiqing/polaris_ebm/runs_pipeline_then_weighting/E2/E2_single_pipe_emul_last2b003_P4_K100_s300k_20260405_003926,/eagle/lc-mpi/Zhiqing/polaris_ebm/runs_pipeline_then_weighting/E2/E2_single_pipe_emul_last2b003_P4_K100_s300k_20260405_003926/checkpoints/ckpt_step99999.pt,300000,Historical exploratory package pipeline_then_weighting; exclude from current paper counts.
historical_exploratory,E2,single_P4_late_stage_beta_0.05,historical_exploratory:pipeline_then_weighting:E2_single_pipe_emul_last2b005_P4_K100_s300k:single_P4_late_stage_beta_0.05:seed1:h300000,1,cifar10,single_emulation,4,late_stage_beta_0.05,,300000,1,completed,deprecated,/eagle/lc-mpi/Zhiqing/polaris_ebm/runs_pipeline_then_weighting/E2/E2_single_pipe_emul_last2b005_P4_K100_s300k_20260405_003926,/eagle/lc-mpi/Zhiqing/polaris_ebm/runs_pipeline_then_weighting/E2/E2_single_pipe_emul_last2b005_P4_K100_s300k_20260405_003926/checkpoints/ckpt_step99999.pt,300000,Historical exploratory package pipeline_then_weighting; exclude from current paper counts.
historical_exploratory,E2,single_P4_equal,historical_exploratory:pipeline_then_weighting:E2_single_pipe_emul_uniform_P4_K100_s300k:single_P4_equal:seed1:h300000,1,cifar10,single_emulation,4,equal,,300000,1,completed,deprecated,/eagle/lc-mpi/Zhiqing/polaris_ebm/runs_pipeline_then_weighting/E2/E2_single_pipe_emul_uniform_P4_K100_s300k_20260405_003926,/eagle/lc-mpi/Zhiqing/polaris_ebm/runs_pipeline_then_weighting/E2/E2_single_pipe_emul_uniform_P4_K100_s300k_20260405_003926/checkpoints/ckpt_step99999.pt,300000,Historical exploratory package pipeline_then_weighting; exclude from current paper counts.
