phase_group,paper_role,regime,family_id,stage_count,weighting,K,horizon_steps,seed,gpu_count,train_walltime_hours,train_gpu_hours,final_step,final_fid_inception,best_step,best_fid_inception,logical_run_id
O1,appendix,single_emulation,single_P16_deepest,16,deepest,100,300000,1,1,10.541944,10.541944,300000,,,,current_cifar_paper:cifar10:single_P16_deepest:seed1:h300000
O1,appendix,single_emulation,single_P16_equal,16,equal,100,300000,1,1,10.520833,10.520833,300000,,,,current_cifar_paper:cifar10:single_P16_equal:seed1:h300000
O1,control,single_emulation,single_P2_deepest,2,deepest,100,300000,1,1,8.458611,8.458611,300000,62.1447661944,145000,60.0056781594,current_cifar_paper:cifar10:single_P2_deepest:seed1:h300000
O1,control,single_emulation,single_P2_equal,2,equal,100,300000,1,1,8.494167,8.494167,300000,65.8604504669,280000,53.7486292737,current_cifar_paper:cifar10:single_P2_equal:seed1:h300000
O1,control,single_emulation,single_P4_deepest,4,deepest,100,300000,1,1,8.746111,8.746111,300000,72.4087423547,80000,65.6031766441,current_cifar_paper:cifar10:single_P4_deepest:seed1:h300000
O1,control,single_emulation,single_P4_equal,4,equal,100,300000,1,1,8.758889,8.758889,300000,65.9610919559,280000,57.1650712527,current_cifar_paper:cifar10:single_P4_equal:seed1:h300000
O1,appendix,single_emulation,single_P8_deepest,8,deepest,100,300000,1,1,9.339722,9.339722,300000,,,,current_cifar_paper:cifar10:single_P8_deepest:seed1:h300000
O1,appendix,single_emulation,single_P8_equal,8,equal,100,300000,1,1,9.107778,9.107778,300000,407.659448397,35000,93.8011646191,current_cifar_paper:cifar10:single_P8_equal:seed1:h300000
O1,control,single_strict,single_P1_terminal,1,terminal,100,300000,1,1,8.305833,8.305833,300000,68.217078108,280000,52.7581042384,current_cifar_paper:cifar10:single_P1_terminal:seed1:h300000
O2,control,ddp_strict,ddp_P1_terminal,1,terminal,100,300000,1,4,8.388889,33.555556,300000,65.7159189289,280000,56.4337222151,current_cifar_paper:cifar10:ddp_P1_terminal:seed1:h300000
O2,appendix,strict_pipeline,pipe_P16_deepest,16,deepest,100,300000,1,16,23.533889,376.542222,300000,,,,current_cifar_paper:cifar10:pipe_P16_deepest:seed1:h300000
O2,appendix,strict_pipeline,pipe_P16_equal,16,equal,100,300000,1,16,22.732778,363.724444,300000,361.204284454,15000,157.720032356,current_cifar_paper:cifar10:pipe_P16_equal:seed1:h300000
O2,control,strict_pipeline,pipe_P2_deepest,2,deepest,100,300000,1,2,4.951389,9.902778,300000,63.0832698988,275000,57.2071794252,current_cifar_paper:cifar10:pipe_P2_deepest:seed1:h300000
O2,control,strict_pipeline,pipe_P2_equal,2,equal,100,300000,1,2,4.920000,9.840000,300000,79.6302301069,290000,54.2510330946,current_cifar_paper:cifar10:pipe_P2_equal:seed1:h300000
O2,control,strict_pipeline,pipe_P4_deepest,4,deepest,100,300000,1,4,3.593333,14.373333,300000,64.3783738191,190000,58.9768392075,current_cifar_paper:cifar10:pipe_P4_deepest:seed1:h300000
O2,control,strict_pipeline,pipe_P4_equal,4,equal,100,300000,1,4,3.551389,14.205556,300000,58.6549496887,240000,51.6600966002,current_cifar_paper:cifar10:pipe_P4_equal:seed1:h300000
O2,appendix,strict_pipeline,pipe_P8_deepest,8,deepest,100,300000,1,8,19.687500,157.500000,300000,114.118009288,295000,68.5937589675,current_cifar_paper:cifar10:pipe_P8_deepest:seed1:h300000
O2,appendix,strict_pipeline,pipe_P8_equal,8,equal,100,300000,1,8,3.201111,25.608889,300000,368.546531615,30000,102.536463322,current_cifar_paper:cifar10:pipe_P8_equal:seed1:h300000
O3,headline,ddp_strict,ddp_P1_terminal,1,terminal,100,300000,2,4,8.374722,33.498889,300000,59.1579654897,240000,54.5514085254,current_cifar_paper:cifar10:ddp_P1_terminal:seed2:h300000
O3,headline,ddp_strict,ddp_P1_terminal,1,terminal,100,300000,3,4,8.405000,33.620000,300000,64.1021111602,230000,55.423298787,current_cifar_paper:cifar10:ddp_P1_terminal:seed3:h300000
O3,headline,ddp_strict,ddp_P1_terminal,1,terminal,100,300000,4,4,8.359722,33.438889,300000,71.6528543388,125000,58.0296551199,current_cifar_paper:cifar10:ddp_P1_terminal:seed4:h300000
O3,headline,ddp_strict,ddp_P1_terminal,1,terminal,100,300000,5,4,8.369722,33.478889,300000,66.6958175734,175000,53.558815544,current_cifar_paper:cifar10:ddp_P1_terminal:seed5:h300000
O3,appendix,pipeline,pipe_P4_deepest,4,deepest,100,300000,2,4,3.597222,14.388889,300000,66.115842268,290000,58.9782429451,current_cifar_paper:cifar10:pipe_P4_deepest:seed2:h300000
O3,appendix,pipeline,pipe_P4_deepest,4,deepest,100,300000,3,4,3.581111,14.324444,300000,61.1531364267,165000,61.0949428451,current_cifar_paper:cifar10:pipe_P4_deepest:seed3:h300000
O3,headline,single_emulation,single_P2_deepest,2,deepest,100,300000,2,1,8.443333,8.443333,300000,62.258043298,285000,54.5980979086,current_cifar_paper:cifar10:single_P2_deepest:seed2:h300000
O3,headline,single_emulation,single_P2_deepest,2,deepest,100,300000,3,1,8.515556,8.515556,300000,67.0678360296,195000,57.253352108,current_cifar_paper:cifar10:single_P2_deepest:seed3:h300000
O3,headline,single_emulation,single_P2_equal,2,equal,100,300000,2,1,8.523056,8.523056,300000,61.6393809746,220000,55.2784708719,current_cifar_paper:cifar10:single_P2_equal:seed2:h300000
O3,headline,single_emulation,single_P2_equal,2,equal,100,300000,3,1,8.524722,8.524722,300000,64.3401252596,195000,56.0616477529,current_cifar_paper:cifar10:single_P2_equal:seed3:h300000
O3,headline,single_strict,single_P1_terminal,1,terminal,100,300000,2,1,8.339444,8.339444,300000,60.4509705506,300000,60.4509705506,current_cifar_paper:cifar10:single_P1_terminal:seed2:h300000
O3,headline,single_strict,single_P1_terminal,1,terminal,100,300000,3,1,5.434722,5.434722,300000,63.2851317157,95000,56.3908300404,current_cifar_paper:cifar10:single_P1_terminal:seed3:h300000
O3,control,strict_pipeline,pipe_P2_equal,2,equal,100,300000,2,2,4.885833,9.771667,300000,70.9062561907,70000,56.0093820726,current_cifar_paper:cifar10:pipe_P2_equal:seed2:h300000
O3,control,strict_pipeline,pipe_P2_equal,2,equal,100,300000,3,2,4.888889,9.777778,300000,68.3341019891,280000,53.4138214328,current_cifar_paper:cifar10:pipe_P2_equal:seed3:h300000
O3,headline,strict_pipeline,pipe_P4_equal,4,equal,100,300000,2,4,3.613056,14.452222,300000,65.7695876905,235000,52.9263413347,current_cifar_paper:cifar10:pipe_P4_equal:seed2:h300000
O3,headline,strict_pipeline,pipe_P4_equal,4,equal,100,300000,3,4,3.605833,14.423333,300000,75.1603662617,235000,52.852785398,current_cifar_paper:cifar10:pipe_P4_equal:seed3:h300000
O3,headline,strict_pipeline,pipe_P4_equal,4,equal,100,300000,4,4,2.475833,9.903333,300000,87.1479733922,165000,55.8100736867,current_cifar_paper:cifar10:pipe_P4_equal:seed4:h300000
O3,headline,strict_pipeline,pipe_P4_equal,4,equal,100,300000,5,4,3.628056,14.512222,300000,59.2122633702,145000,49.9348931142,current_cifar_paper:cifar10:pipe_P4_equal:seed5:h300000
O5,control,ddp_strict,ddp_P1_terminal_K100,1,terminal,100,300000,1,4,8.403889,33.615556,300000,67.5877722892,280000,53.4704567942,current_cifar_paper:cifar10:ddp_P1_terminal_K100:seed1:h300000
O5,control,ddp_strict,ddp_P1_terminal_K25,1,terminal,25,300000,1,4,3.550278,14.201111,300000,369.390300606,5000,355.022580679,current_cifar_paper:cifar10:ddp_P1_terminal_K25:seed1:h300000
O5,control,ddp_strict,ddp_P1_terminal_K50,1,terminal,50,300000,1,4,5.181667,20.726667,300000,135.061242421,285000,125.963933964,current_cifar_paper:cifar10:ddp_P1_terminal_K50:seed1:h300000
O5,control,pipeline,pipe_P4_equal_K100,4,equal,100,300000,2,4,3.553611,14.214444,300000,75.2449961619,240000,48.9358528149,current_cifar_paper:cifar10:pipe_P4_equal_K100:seed2:h300000
O5,control,strict_pipeline,pipe_P4_deepest_K100,4,deepest,100,300000,1,4,2.972778,11.891111,300000,71.2458430174,295000,63.4863999892,current_cifar_paper:cifar10:pipe_P4_deepest_K100:seed1:h300000
O5,control,strict_pipeline,pipe_P4_equal_K100,4,equal,100,300000,1,4,3.601667,14.406667,300000,59.3906342379,155000,48.9212577302,current_cifar_paper:cifar10:pipe_P4_equal_K100:seed1:h300000
O4,headline,ddp_strict,ddp_P1_terminal,1,terminal,100,500000,1,4,13.895556,55.582222,500000,65.7408930387,280000,54.2016348855,current_cifar_paper:cifar10:ddp_P1_terminal:seed1:h500000
O4,headline,ddp_strict,ddp_P1_terminal,1,terminal,100,500000,2,4,13.938056,55.752222,500000,58.114263119,370000,54.9688224456,current_cifar_paper:cifar10:ddp_P1_terminal:seed2:h500000
O4,headline,ddp_strict,ddp_P1_terminal,1,terminal,100,500000,3,4,11.665000,46.660000,500000,64.2574121701,315000,52.9531881353,current_cifar_paper:cifar10:ddp_P1_terminal:seed3:h500000
O4,headline,pipeline,pipe_P4_equal,4,equal,100,500000,4,4,5.911944,23.647778,500000,56.5077068323,455000,51.8285708428,current_cifar_paper:cifar10:pipe_P4_equal:seed4:h500000
O4,headline,pipeline,pipe_P4_equal,4,equal,100,500000,5,4,5.971389,23.885556,500000,55.94285454,440000,48.3886509344,current_cifar_paper:cifar10:pipe_P4_equal:seed5:h500000
O4,headline,single_emulation,single_P2_deepest,2,deepest,100,500000,1,1,14.080556,14.080556,500000,64.3579003847,425000,54.5736176398,current_cifar_paper:cifar10:single_P2_deepest:seed1:h500000
O4,headline,single_emulation,single_P2_deepest,2,deepest,100,500000,2,1,13.580556,13.580556,500000,76.3035429301,495000,55.5207158835,current_cifar_paper:cifar10:single_P2_deepest:seed2:h500000
O4,headline,single_emulation,single_P2_deepest,2,deepest,100,500000,3,1,14.073056,14.073056,500000,62.7761360286,370000,56.4437146149,current_cifar_paper:cifar10:single_P2_deepest:seed3:h500000
O4,headline,single_emulation,single_P2_equal,2,equal,100,500000,1,1,14.176944,14.176944,500000,60.6540713758,115000,52.3846535322,current_cifar_paper:cifar10:single_P2_equal:seed1:h500000
O4,headline,single_emulation,single_P2_equal,2,equal,100,500000,2,1,14.120556,14.120556,500000,72.8190815534,370000,55.1322855791,current_cifar_paper:cifar10:single_P2_equal:seed2:h500000
O4,headline,single_emulation,single_P2_equal,2,equal,100,500000,3,1,14.086944,14.086944,500000,62.3239665465,450000,54.3048402216,current_cifar_paper:cifar10:single_P2_equal:seed3:h500000
O4,headline,single_strict,single_P1_terminal,1,terminal,100,500000,1,1,13.888056,13.888056,500000,59.6445066735,345000,55.3074295254,current_cifar_paper:cifar10:single_P1_terminal:seed1:h500000
O4,headline,single_strict,single_P1_terminal,1,terminal,100,500000,2,1,13.891667,13.891667,500000,77.5342772029,370000,55.2475855737,current_cifar_paper:cifar10:single_P1_terminal:seed2:h500000
O4,headline,single_strict,single_P1_terminal,1,terminal,100,500000,3,1,13.829167,13.829167,500000,65.9099295156,430000,56.3453797634,current_cifar_paper:cifar10:single_P1_terminal:seed3:h500000
O4,control,strict_pipeline,pipe_P4_deepest,4,deepest,100,500000,1,4,5.950833,23.803333,500000,73.9348021678,445000,54.9199460843,current_cifar_paper:cifar10:pipe_P4_deepest:seed1:h500000
O4,control,strict_pipeline,pipe_P4_deepest,4,deepest,100,500000,2,4,5.970833,23.883333,500000,76.6741836931,240000,55.575334787,current_cifar_paper:cifar10:pipe_P4_deepest:seed2:h500000
O4,control,strict_pipeline,pipe_P4_deepest,4,deepest,100,500000,3,4,5.985833,23.943333,500000,72.7934360493,465000,54.4487994037,current_cifar_paper:cifar10:pipe_P4_deepest:seed3:h500000
O4,headline,strict_pipeline,pipe_P4_equal,4,equal,100,500000,1,4,5.976111,23.904444,500000,70.9795354227,195000,48.2270928078,current_cifar_paper:cifar10:pipe_P4_equal:seed1:h500000
O4,headline,strict_pipeline,pipe_P4_equal,4,equal,100,500000,2,4,5.970278,23.881111,500000,57.01796726,240000,46.9888878623,current_cifar_paper:cifar10:pipe_P4_equal:seed2:h500000
O4,headline,strict_pipeline,pipe_P4_equal,4,equal,100,500000,3,4,5.994722,23.978889,500000,54.909787273,450000,49.9175679813,current_cifar_paper:cifar10:pipe_P4_equal:seed3:h500000
